  0
SECTION
  2
HEADER
  9
$ACADVER
  1
AC1021
  9
$ACADMAINTVER
 70
    25
  9
$DWGCODEPAGE
  3
ANSI_949
  9
$LASTSAVEDBY
  1
intel
  9
$INSBASE
 10
0.0
 20
0.0
 30
0.0
  9
$EXTMIN
 10
2314.627301638277
 20
1246.716938948912
 30
-0.0000000000015384
  9
$EXTMAX
 10
28867.04758124729
 20
13996.71693894891
 30
0.0000000000019623
  9
$LIMMIN
 10
0.0
 20
0.0
  9
$LIMMAX
 10
420.0
 20
297.0
  9
$ORTHOMODE
 70
     1
  9
$REGENMODE
 70
     1
  9
$FILLMODE
 70
     1
  9
$QTEXTMODE
 70
     0
  9
$MIRRTEXT
 70
     0
  9
$LTSCALE
 40
1.0
  9
$ATTMODE
 70
     1
  9
$TEXTSIZE
 40
2.5
  9
$TRACEWID
 40
1.0
  9
$TEXTSTYLE
  7
Standard
  9
$CLAYER
  8
0
  9
$CELTYPE
  6
ByLayer
  9
$CECOLOR
 62
   256
  9
$CELTSCALE
 40
1.0
  9
$DISPSILH
 70
     0
  9
$DIMSCALE
 40
90.0
  9
$DIMASZ
 40
1.0
  9
$DIMEXO
 40
3.0
  9
$DIMDLI
 40
8.0
  9
$DIMRND
 40
0.0
  9
$DIMDLE
 40
0.0
  9
$DIMEXE
 40
2.0
  9
$DIMTP
 40
0.0
  9
$DIMTM
 40
0.0
  9
$DIMTXT
 40
3.0
  9
$DIMCEN
 40
0.0
  9
$DIMTSZ
 40
0.0
  9
$DIMTOL
 70
     0
  9
$DIMLIM
 70
     0
  9
$DIMTIH
 70
     0
  9
$DIMTOH
 70
     0
  9
$DIMSE1
 70
     0
  9
$DIMSE2
 70
     0
  9
$DIMTAD
 70
     1
  9
$DIMZIN
 70
     0
  9
$DIMBLK
  1

  9
$DIMASO
 70
     1
  9
$DIMSHO
 70
     1
  9
$DIMPOST
  1

  9
$DIMAPOST
  1

  9
$DIMALT
 70
     0
  9
$DIMALTD
 70
     1
  9
$DIMALTF
 40
25.4
  9
$DIMLFAC
 40
1.0
  9
$DIMTOFL
 70
     1
  9
$DIMTVP
 40
0.0
  9
$DIMTIX
 70
     1
  9
$DIMSOXD
 70
     0
  9
$DIMSAH
 70
     1
  9
$DIMBLK1
  1
DIMDOT
  9
$DIMBLK2
  1
DIMDOT
  9
$DIMSTYLE
  2
200-1
  9
$DIMCLRD
 70
     1
  9
$DIMCLRE
 70
     1
  9
$DIMCLRT
 70
     7
  9
$DIMTFAC
 40
1.0
  9
$DIMGAP
 40
1.0
  9
$DIMJUST
 70
     0
  9
$DIMSD1
 70
     0
  9
$DIMSD2
 70
     0
  9
$DIMTOLJ
 70
     1
  9
$DIMTZIN
 70
     0
  9
$DIMALTZ
 70
     0
  9
$DIMALTTZ
 70
     0
  9
$DIMUPT
 70
     0
  9
$DIMDEC
 70
     0
  9
$DIMTDEC
 70
     0
  9
$DIMALTU
 70
     2
  9
$DIMALTTD
 70
     1
  9
$DIMTXSTY
  7
007
  9
$DIMAUNIT
 70
     0
  9
$DIMADEC
 70
     0
  9
$DIMALTRND
 40
0.0
  9
$DIMAZIN
 70
     0
  9
$DIMDSEP
 70
    46
  9
$DIMATFIT
 70
     3
  9
$DIMFRAC
 70
     0
  9
$DIMLDRBLK
  1
DIMDOT
  9
$DIMLUNIT
 70
     2
  9
$DIMLWD
 70
    -2
  9
$DIMLWE
 70
    -2
  9
$DIMTMOVE
 70
     2
  9
$DIMFXL
 40
1.0
  9
$DIMFXLON
 70
     0
  9
$DIMJOGANG
 40
0.7853981633974483
  9
$DIMTFILL
 70
     0
  9
$DIMTFILLCLR
 70
     0
  9
$DIMARCSYM
 70
     0
  9
$DIMLTYPE
  6

  9
$DIMLTEX1
  6

  9
$DIMLTEX2
  6

  9
$LUNITS
 70
     2
  9
$LUPREC
 70
     4
  9
$SKETCHINC
 40
1.0
  9
$FILLETRAD
 40
0.0
  9
$AUNITS
 70
     0
  9
$AUPREC
 70
     0
  9
$MENU
  1
.
  9
$ELEVATION
 40
0.0
  9
$PELEVATION
 40
0.0
  9
$THICKNESS
 40
0.0
  9
$LIMCHECK
 70
     0
  9
$CHAMFERA
 40
0.0
  9
$CHAMFERB
 40
0.0
  9
$CHAMFERC
 40
0.0
  9
$CHAMFERD
 40
0.0
  9
$SKPOLY
 70
     0
  9
$TDCREATE
 40
2461156.554912048
  9
$TDUCREATE
 40
2461156.179912048
  9
$TDUPDATE
 40
2461157.672350116
  9
$TDUUPDATE
 40
2461157.297350116
  9
$TDINDWG
 40
0.0736182292
  9
$TDUSRTIMER
 40
0.073597419
  9
$USRTIMER
 70
     1
  9
$ANGBASE
 50
0.0
  9
$ANGDIR
 70
     0
  9
$PDMODE
 70
     0
  9
$PDSIZE
 40
0.0
  9
$PLINEWID
 40
0.0
  9
$SPLFRAME
 70
     0
  9
$SPLINETYPE
 70
     6
  9
$SPLINESEGS
 70
     8
  9
$HANDSEED
  5
1099
  9
$SURFTAB1
 70
     6
  9
$SURFTAB2
 70
     6
  9
$SURFTYPE
 70
     6
  9
$SURFU
 70
     6
  9
$SURFV
 70
     6
  9
$UCSBASE
  2

  9
$UCSNAME
  2

  9
$UCSORG
 10
0.0
 20
0.0
 30
0.0
  9
$UCSXDIR
 10
1.0
 20
0.0
 30
0.0
  9
$UCSYDIR
 10
0.0
 20
1.0
 30
0.0
  9
$UCSORTHOREF
  2

  9
$UCSORTHOVIEW
 70
     0
  9
$UCSORGTOP
 10
0.0
 20
0.0
 30
0.0
  9
$UCSORGBOTTOM
 10
0.0
 20
0.0
 30
0.0
  9
$UCSORGLEFT
 10
0.0
 20
0.0
 30
0.0
  9
$UCSORGRIGHT
 10
0.0
 20
0.0
 30
0.0
  9
$UCSORGFRONT
 10
0.0
 20
0.0
 30
0.0
  9
$UCSORGBACK
 10
0.0
 20
0.0
 30
0.0
  9
$PUCSBASE
  2

  9
$PUCSNAME
  2

  9
$PUCSORG
 10
0.0
 20
0.0
 30
0.0
  9
$PUCSXDIR
 10
1.0
 20
0.0
 30
0.0
  9
$PUCSYDIR
 10
0.0
 20
1.0
 30
0.0
  9
$PUCSORTHOREF
  2

  9
$PUCSORTHOVIEW
 70
     0
  9
$PUCSORGTOP
 10
0.0
 20
0.0
 30
0.0
  9
$PUCSORGBOTTOM
 10
0.0
 20
0.0
 30
0.0
  9
$PUCSORGLEFT
 10
0.0
 20
0.0
 30
0.0
  9
$PUCSORGRIGHT
 10
0.0
 20
0.0
 30
0.0
  9
$PUCSORGFRONT
 10
0.0
 20
0.0
 30
0.0
  9
$PUCSORGBACK
 10
0.0
 20
0.0
 30
0.0
  9
$USERI1
 70
     0
  9
$USERI2
 70
     0
  9
$USERI3
 70
     0
  9
$USERI4
 70
     0
  9
$USERI5
 70
     0
  9
$USERR1
 40
0.0
  9
$USERR2
 40
0.0
  9
$USERR3
 40
0.0
  9
$USERR4
 40
0.0
  9
$USERR5
 40
0.0
  9
$WORLDVIEW
 70
     1
  9
$SHADEDGE
 70
     3
  9
$SHADEDIF
 70
    70
  9
$TILEMODE
 70
     1
  9
$MAXACTVP
 70
    64
  9
$PINSBASE
 10
0.0
 20
0.0
 30
0.0
  9
$PLIMCHECK
 70
     0
  9
$PEXTMIN
 10
0.0
 20
0.0
 30
0.0
  9
$PEXTMAX
 10
0.0
 20
0.0
 30
0.0
  9
$PLIMMIN
 10
0.0
 20
0.0
  9
$PLIMMAX
 10
12.0
 20
9.0
  9
$UNITMODE
 70
     0
  9
$VISRETAIN
 70
     1
  9
$PLINEGEN
 70
     0
  9
$PSLTSCALE
 70
     1
  9
$TREEDEPTH
 70
  3020
  9
$CMLSTYLE
  2
Standard
  9
$CMLJUST
 70
     0
  9
$CMLSCALE
 40
20.0
  9
$PROXYGRAPHICS
 70
     1
  9
$MEASUREMENT
 70
     1
  9
$CELWEIGHT
370
    -1
  9
$ENDCAPS
280
     0
  9
$JOINSTYLE
280
     0
  9
$LWDISPLAY
290
     0
  9
$INSUNITS
 70
     4
  9
$HYPERLINKBASE
  1

  9
$STYLESHEET
  1

  9
$XEDIT
290
     1
  9
$CEPSNTYPE
380
     0
  9
$PSTYLEMODE
290
     1
  9
$FINGERPRINTGUID
  2
{78B0F746-B111-4909-95E5-2EF5CBA97683}
  9
$VERSIONGUID
  2
{BF5A9E5C-6118-466A-84AA-BBCA2810738B}
  9
$EXTNAMES
290
     1
  9
$PSVPSCALE
 40
0.0
  9
$OLESTARTUP
290
     0
  9
$SORTENTS
280
   127
  9
$INDEXCTL
280
     0
  9
$HIDETEXT
280
     1
  9
$XCLIPFRAME
290
     0
  9
$HALOGAP
280
     0
  9
$OBSCOLOR
 70
   257
  9
$OBSLTYPE
280
     0
  9
$INTERSECTIONDISPLAY
280
     0
  9
$INTERSECTIONCOLOR
 70
   257
  9
$DIMASSOC
280
     2
  9
$PROJECTNAME
  1

  9
$CAMERADISPLAY
290
     0
  9
$LENSLENGTH
 40
50.0
  9
$CAMERAHEIGHT
 40
0.0
  9
$STEPSPERSEC
 40
2.0
  9
$STEPSIZE
 40
6.0
  9
$3DDWFPREC
 40
2.0
  9
$PSOLWIDTH
 40
5.0
  9
$PSOLHEIGHT
 40
80.0
  9
$LOFTANG1
 40
1.570796326794897
  9
$LOFTANG2
 40
1.570796326794897
  9
$LOFTMAG1
 40
0.0
  9
$LOFTMAG2
 40
0.0
  9
$LOFTPARAM
 70
     7
  9
$LOFTNORMALS
280
     1
  9
$LATITUDE
 40
37.795
  9
$LONGITUDE
 40
-122.394
  9
$NORTHDIRECTION
 40
0.0
  9
$TIMEZONE
 70
 -8000
  9
$LIGHTGLYPHDISPLAY
280
     1
  9
$TILEMODELIGHTSYNCH
280
     1
  9
$CMATERIAL
347
EC
  9
$SOLIDHIST
280
     0
  9
$SHOWHIST
280
     1
  9
$DWFFRAME
280
     2
  9
$DGNFRAME
280
     0
  9
$REALWORLDSCALE
290
     1
  9
$INTERFERECOLOR
 62
     1
  9
$INTERFEREOBJVS
345
F9
  9
$INTERFEREVPVS
346
F6
  9
$CSHADOW
280
     0
  9
$SHADOWPLANELOCATION
 40
0.0
  0
ENDSEC
  0
SECTION
  2
CLASSES
  0
CLASS
  1
ACDBDICTIONARYWDFLT
  2
AcDbDictionaryWithDefault
  3
ObjectDBX Classes
 90
        0
 91
        7
280
     0
281
     0
  0
CLASS
  1
ACDBPLACEHOLDER
  2
AcDbPlaceHolder
  3
ObjectDBX Classes
 90
        0
 91
        1
280
     0
281
     0
  0
CLASS
  1
LAYOUT
  2
AcDbLayout
  3
ObjectDBX Classes
 90
        0
 91
        1
280
     0
281
     0
  0
CLASS
  1
DICTIONARYVAR
  2
AcDbDictionaryVar
  3
ObjectDBX Classes
 90
        0
 91
        7
280
     0
281
     0
  0
CLASS
  1
TABLESTYLE
  2
AcDbTableStyle
  3
ObjectDBX Classes
 90
     4095
 91
        7
280
     0
281
     0
  0
CLASS
  1
MATERIAL
  2
AcDbMaterial
  3
ObjectDBX Classes
 90
     1153
 91
        7
280
     0
281
     0
  0
CLASS
  1
VISUALSTYLE
  2
AcDbVisualStyle
  3
ObjectDBX Classes
 90
     4095
 91
        7
280
     0
281
     0
  0
CLASS
  1
SCALE
  2
AcDbScale
  3
ObjectDBX Classes
 90
     1153
 91
        7
280
     0
281
     0
  0
CLASS
  1
MLEADERSTYLE
  2
AcDbMLeaderStyle
  3
ACDB_MLEADERSTYLE_CLASS
 90
     4095
 91
        7
280
     0
281
     0
  0
CLASS
  1
CELLSTYLEMAP
  2
AcDbCellStyleMap
  3
ObjectDBX Classes
 90
     1152
 91
        7
280
     0
281
     0
  0
CLASS
  1
EXACXREFPANELOBJECT
  2
ExAcXREFPanelObject
  3
EXAC_ESW
 90
     1025
 91
        1
280
     1
281
     0
  0
CLASS
  1
NPOCOLLECTION
  2
AcDbImpNonPersistentObjectsCollection
  3
ObjectDBX Classes
 90
     1153
 91
        1
280
     1
281
     0
  0
CLASS
  1
LAYER_INDEX
  2
AcDbLayerIndex
  3
ObjectDBX Classes
 90
        0
 91
        7
280
     0
281
     0
  0
CLASS
  1
SPATIAL_INDEX
  2
AcDbSpatialIndex
  3
AutoCAD 2000
 90
        0
 91
        7
280
     0
281
     0
  0
CLASS
  1
IDBUFFER
  2
AcDbIdBuffer
  3
ObjectDBX Classes
 90
        0
 91
        7
280
     0
281
     0
  0
CLASS
  1
ACDBSECTIONVIEWSTYLE
  2
AcDbSectionViewStyle
  3
ObjectDBX Classes
 90
     1025
 91
        7
280
     0
281
     0
  0
CLASS
  1
ACDBDETAILVIEWSTYLE
  2
AcDbDetailViewStyle
  3
ObjectDBX Classes
 90
     1025
 91
        7
280
     0
281
     0
  0
CLASS
  1
SORTENTSTABLE
  2
AcDbSortentsTable
  3
ObjectDBX Classes
 90
        0
 91
        7
280
     0
281
     0
  0
CLASS
  1
WIPEOUT
  2
AcDbWipeout
  3
WipeOut|AutoCAD Express Tool|expresstools@autodesk.com
 90
      127
 91
        7
280
     0
281
     1
  0
ENDSEC
  0
SECTION
  2
TABLES
  0
TABLE
  2
VPORT
  5
8
330
0
100
AcDbSymbolTable
 70
     1
  0
VPORT
  5
EA
330
8
100
AcDbSymbolTableRecord
100
AcDbViewportTableRecord
  2
*Active
 70
     0
 10
0.0
 20
0.0
 11
1.0
 21
1.0
 12
15590.83744144278
 22
7621.716938948911
 13
0.0
 23
0.0
 14
10.0
 24
10.0
 15
10.0
 25
10.0
 16
0.0
 26
0.0
 36
1.0
 17
0.0
 27
0.0
 37
0.0
 40
12846.8660968661
 41
2.700282752120641
 42
50.0
 43
0.0
 44
0.0
 50
0.0
 51
0.0
 71
     0
 72
  1000
 73
     1
 74
     3
 75
     0
 76
     0
 77
     0
 78
     0
281
     0
 65
     1
110
0.0
120
0.0
130
0.0
111
1.0
121
0.0
131
0.0
112
0.0
122
1.0
132
0.0
 79
     0
146
0.0
348
F5
 60
     3
 61
     5
292
     1
282
     1
141
0.0
142
0.0
 63
   250
421
  3355443
1001
ACAD_NAV_VCDISPLAY
1070
     3
  0
ENDTAB
  0
TABLE
  2
LTYPE
  5
5
330
0
100
AcDbSymbolTable
 70
     1
  0
LTYPE
  5
14
330
5
100
AcDbSymbolTableRecord
100
AcDbLinetypeTableRecord
  2
ByBlock
 70
     0
  3

 72
    65
 73
     0
 40
0.0
  0
LTYPE
  5
15
330
5
100
AcDbSymbolTableRecord
100
AcDbLinetypeTableRecord
  2
ByLayer
 70
     0
  3

 72
    65
 73
     0
 40
0.0
  0
LTYPE
  5
16
330
5
100
AcDbSymbolTableRecord
100
AcDbLinetypeTableRecord
  2
Continuous
 70
     0
  3
Solid line
 72
    65
 73
     0
 40
0.0
  0
ENDTAB
  0
TABLE
  2
LAYER
  5
2
102
{ACAD_XDICTIONARY
360
1FF
102
}
330
0
100
AcDbSymbolTable
 70
    11
  0
LAYER
  5
10
330
2
100
AcDbSymbolTableRecord
100
AcDbLayerTableRecord
  2
0
 70
     0
 62
     7
  6
Continuous
370
    -3
390
F
347
EE
  0
LAYER
  5
292
102
{ACAD_XDICTIONARY
360
293
102
}
330
2
100
AcDbSymbolTableRecord
100
AcDbLayerTableRecord
  2
TXT
 70
     0
 62
     7
  6
Continuous
370
    -3
390
F
347
EE
1001
AcAecLayerStandard
1000

1000

1001
ACCMTRANSPARENCY
1071
 33554687
  0
LAYER
  5
29B
102
{ACAD_XDICTIONARY
360
29C
102
}
330
2
100
AcDbSymbolTableRecord
100
AcDbLayerTableRecord
  2
SYMB
 70
     0
 62
     2
  6
Continuous
370
    -3
390
F
347
EE
1001
AcAecLayerStandard
1000

1000

1001
ACCMTRANSPARENCY
1071
 33554687
  0
LAYER
  5
29E
102
{ACAD_XDICTIONARY
360
29F
102
}
330
2
100
AcDbSymbolTableRecord
100
AcDbLayerTableRecord
  2
1
 70
     0
 62
     1
  6
Continuous
370
    -3
390
F
347
EE
1001
AcAecLayerStandard
1000

1000

1001
ACCMTRANSPARENCY
1071
 33554687
  0
LAYER
  5
2A1
102
{ACAD_XDICTIONARY
360
2A2
102
}
330
2
100
AcDbSymbolTableRecord
100
AcDbLayerTableRecord
  2
2
 70
     0
 62
     4
  6
Continuous
370
     5
390
F
347
EE
1001
AcXRefLayerPropertyOverride
1071
        0
1001
AcAecLayerStandard
1000

1000

1001
ACCMTRANSPARENCY
1071
 33554687
  0
LAYER
  5
2A5
102
{ACAD_XDICTIONARY
360
2A6
102
}
330
2
100
AcDbSymbolTableRecord
100
AcDbLayerTableRecord
  2
5
 70
     0
 62
     2
  6
Continuous
370
    -3
390
F
347
EE
1001
AcAecLayerStandard
1000

1000

1001
ACCMTRANSPARENCY
1071
 33554687
  0
LAYER
  5
2A8
102
{ACAD_XDICTIONARY
360
2A9
102
}
330
2
100
AcDbSymbolTableRecord
100
AcDbLayerTableRecord
  2
BUS_L1
 70
     0
 62
     2
  6
Continuous
370
    -3
390
F
347
EE
1001
AcAecLayerStandard
1000

1000

1001
ACCMTRANSPARENCY
1071
 33554687
  0
LAYER
  5
2AB
102
{ACAD_XDICTIONARY
360
2AC
102
}
330
2
100
AcDbSymbolTableRecord
100
AcDbLayerTableRecord
  2
BUS_L2
 70
     0
 62
     2
  6
Continuous
370
    -3
390
F
347
EE
1001
AcAecLayerStandard
1000

1000

1001
ACCMTRANSPARENCY
1071
 33554687
  0
LAYER
  5
2AE
102
{ACAD_XDICTIONARY
360
2AF
102
}
330
2
100
AcDbSymbolTableRecord
100
AcDbLayerTableRecord
  2
BUS_L3
 70
     0
 62
     2
  6
Continuous
370
    -3
390
F
347
EE
1001
AcAecLayerStandard
1000

1000

1001
ACCMTRANSPARENCY
1071
 33554687
  0
LAYER
  5
2B1
102
{ACAD_XDICTIONARY
360
2B2
102
}
330
2
100
AcDbSymbolTableRecord
100
AcDbLayerTableRecord
  2
BUS_N
 70
     0
 62
     3
  6
Continuous
370
    -3
390
F
347
EE
1001
AcAecLayerStandard
1000

1000

1001
ACCMTRANSPARENCY
1071
 33554687
  0
LAYER
  5
5F9
330
2
100
AcDbSymbolTableRecord
100
AcDbLayerTableRecord
  2
Defpoints
 70
     0
 62
     7
  6
Continuous
290
     0
370
    -3
390
F
347
EE
  0
ENDTAB
  0
TABLE
  2
STYLE
  5
3
330
0
100
AcDbSymbolTable
 70
     4
  0
STYLE
  5
11
330
3
100
AcDbSymbolTableRecord
100
AcDbTextStyleTableRecord
  2
Standard
 70
     0
 40
0.0
 41
1.0
 50
0.0
 71
     0
 42
2.5
  3
arial.ttf
  4

1001
ACAD
1000
Arial
1071
       34
  0
STYLE
  5
2B5
330
3
100
AcDbSymbolTableRecord
100
AcDbTextStyleTableRecord
  2
007
 70
     0
 40
0.0
 41
1.0
 50
0.0
 71
     0
 42
100.0
  3
gulim.ttc
  4

1001
ACAD
1000
GulimChe
1071
    33073
  0
STYLE
  5
2C2
330
3
100
AcDbSymbolTableRecord
100
AcDbTextStyleTableRecord
  2
맑은고딕
 70
     0
 40
0.0
 41
1.0
 50
0.0
 71
     0
 42
300.0
  3
malgun.ttf
  4

1001
ACAD
1000
Malgun Gothic
1071
    33074
  0
STYLE
  5
2C3
330
3
100
AcDbSymbolTableRecord
100
AcDbTextStyleTableRecord
  2
SHT
 70
     0
 40
0.0
 41
1.0
 50
0.0
 71
     0
 42
2.5
  3
ChosunKg.TTF
  4

1001
ACAD
1000
조선굵은고딕
1071
    33042
  0
ENDTAB
  0
TABLE
  2
VIEW
  5
6
330
0
100
AcDbSymbolTable
 70
     0
  0
ENDTAB
  0
TABLE
  2
UCS
  5
7
330
0
100
AcDbSymbolTable
 70
     0
  0
ENDTAB
  0
TABLE
  2
APPID
  5
9
330
0
100
AcDbSymbolTable
 70
    13
  0
APPID
  5
12
330
9
100
AcDbSymbolTableRecord
100
AcDbRegAppTableRecord
  2
ACAD
 70
     0
  0
APPID
  5
9E
330
9
100
AcDbSymbolTableRecord
100
AcDbRegAppTableRecord
  2
ACAD_PSEXT
 70
     0
  0
APPID
  5
133
330
9
100
AcDbSymbolTableRecord
100
AcDbRegAppTableRecord
  2
AcadAnnoPO
 70
     0
  0
APPID
  5
134
330
9
100
AcDbSymbolTableRecord
100
AcDbRegAppTableRecord
  2
AcadAnnotative
 70
     0
  0
APPID
  5
135
330
9
100
AcDbSymbolTableRecord
100
AcDbRegAppTableRecord
  2
ACAD_DSTYLE_DIMJAG
 70
     0
  0
APPID
  5
136
330
9
100
AcDbSymbolTableRecord
100
AcDbRegAppTableRecord
  2
ACAD_DSTYLE_DIMTALN
 70
     0
  0
APPID
  5
165
330
9
100
AcDbSymbolTableRecord
100
AcDbRegAppTableRecord
  2
ACAD_MLEADERVER
 70
     0
  0
APPID
  5
217
330
9
100
AcDbSymbolTableRecord
100
AcDbRegAppTableRecord
  2
ACAD_NAV_VCDISPLAY
 70
     0
  0
APPID
  5
299
330
9
100
AcDbSymbolTableRecord
100
AcDbRegAppTableRecord
  2
AcAecLayerStandard
 70
     0
  0
APPID
  5
29A
330
9
100
AcDbSymbolTableRecord
100
AcDbRegAppTableRecord
  2
ACCMTRANSPARENCY
 70
     0
  0
APPID
  5
2A4
330
9
100
AcDbSymbolTableRecord
100
AcDbRegAppTableRecord
  2
AcXRefLayerPropertyOverride
 70
     0
  0
APPID
  5
2C1
330
9
100
AcDbSymbolTableRecord
100
AcDbRegAppTableRecord
  2
ACLAYERTOOLS
 70
     0
  0
APPID
  5
E97
330
9
100
AcDbSymbolTableRecord
100
AcDbRegAppTableRecord
  2
AcDbBlockRepETag
 70
     0
  0
ENDTAB
  0
TABLE
  2
DIMSTYLE
  5
A
330
0
100
AcDbSymbolTable
 70
     3
100
AcDbDimStyleTable
  0
DIMSTYLE
105
1B0
330
A
100
AcDbSymbolTableRecord
100
AcDbDimStyleTableRecord
  2
Standard
 70
     0
178
     0
340
11
  0
DIMSTYLE
105
27
330
A
100
AcDbSymbolTableRecord
100
AcDbDimStyleTableRecord
  2
ISO-25
 70
     0
 41
2.5
 42
0.625
 43
3.75
 44
1.25
 73
     0
 74
     0
 77
     1
 78
     8
140
2.5
141
2.5
143
0.03937007874016
147
0.625
171
     3
172
     1
178
     0
271
     2
272
     2
274
     3
278
    44
283
     0
284
     8
340
11
  0
DIMSTYLE
105
2B4
330
A
100
AcDbSymbolTableRecord
100
AcDbDimStyleTableRecord
  2
200-1
 70
     0
 40
90.0
 41
1.0
 42
3.0
 43
8.0
 44
2.0
 73
     0
 74
     0
 77
     1
140
3.0
141
0.0
147
1.0
171
     1
172
     1
173
     1
174
     1
176
     1
177
     1
271
     0
178
     7
271
     0
272
     0
274
     1
279
     2
340
2B5
341
2B6
343
2B6
344
2B6
  0
ENDTAB
  0
TABLE
  2
BLOCK_RECORD
  5
1
330
0
100
AcDbSymbolTable
 70
    83
  0
BLOCK_RECORD
  5
1F
102
{ACAD_XDICTIONARY
360
E95
102
}
330
1
100
AcDbSymbolTableRecord
100
AcDbBlockTableRecord
  2
*Model_Space
340
22
 70
     0
280
     1
281
     0
  0
BLOCK_RECORD
  5
D2
330
1
100
AcDbSymbolTableRecord
100
AcDbBlockTableRecord
  2
*Paper_Space
340
D3
 70
     0
280
     1
281
     0
  0
BLOCK_RECORD
  5
D6
330
1
100
AcDbSymbolTableRecord
100
AcDbBlockTableRecord
  2
*Paper_Space0
340
D7
 70
     0
280
     1
281
     0
  0
BLOCK_RECORD
  5
2B6
102
{ACAD_XDICTIONARY
360
2B7
102
}
330
1
100
AcDbSymbolTableRecord
100
AcDbBlockTableRecord
  2
DIMDOT
340
0
 70
     0
280
     1
281
     0
  0
BLOCK_RECORD
  5
329
102
{ACAD_XDICTIONARY
360
32A
102
}
330
1
100
AcDbSymbolTableRecord
100
AcDbBlockTableRecord
  2
3P4W_LEFT_BRANCH_BREAKER
340
0
102
{BLKREFS
331
590
331
5C6
331
590
331
5C6
102
}
 70
     4
280
     1
281
     0
1001
AcadAnnotative
1000
AnnotativeData
1002
{
1070
     1
1070
     0
1002
}
  0
BLOCK_RECORD
  5
33B
330
1
100
AcDbSymbolTableRecord
100
AcDbBlockTableRecord
  2
p4cb
340
0
102
{BLKREFS
331
0
331
0
331
0
331
0
331
EA9
331
EE1
331
0
102
}
 70
     4
280
     1
281
     0
1001
AcadAnnotative
1000
AnnotativeData
1002
{
1070
     1
1070
     0
1002
}
  0
BLOCK_RECORD
  5
355
330
1
100
AcDbSymbolTableRecord
100
AcDbBlockTableRecord
  2
BUS_CONN_DOT
340
0
102
{BLKREFS
331
0
331
0
331
0
331
0
331
0
331
0
331
0
331
0
331
0
331
0
331
0
331
0
331
0
331
0
331
0
331
0
331
0
331
0
331
0
331
0
331
0
331
0
331
0
331
0
331
0
331
0
331
0
331
0
331
0
331
0
331
0
331
0
331
0
331
0
331
0
331
0
331
0
331
0
331
0
331
0
331
EB2
331
EB3
331
EB4
331
EB5
331
ECE
331
ECF
331
ED0
331
EEF
331
EF0
331
EF1
331
EF2
331
F0D
331
F0E
331
F0F
331
0
331
0
331
0
331
0
331
FB8
331
FB9
331
FBA
331
FEE
331
FEF
331
FF0
102
}
 70
     4
280
     1
281
     0
1001
AcadAnnotative
1000
AnnotativeData
1002
{
1070
     1
1070
     0
1002
}
  0
BLOCK_RECORD
  5
366
102
{ACAD_XDICTIONARY
360
367
102
}
330
1
100
AcDbSymbolTableRecord
100
AcDbBlockTableRecord
  2
3P4W_RIGHT_BRANCH_BREAKER
340
0
102
{BLKREFS
331
596
331
5CC
331
596
331
5CC
102
}
 70
     4
280
     1
281
     0
1001
AcadAnnotative
1000
AnnotativeData
1002
{
1070
     1
1070
     0
1002
}
  0
BLOCK_RECORD
  5
38B
102
{ACAD_XDICTIONARY
360
38C
102
}
330
1
100
AcDbSymbolTableRecord
100
AcDbBlockTableRecord
  2
3P3W_LEFT_BRANCH_BREAKER
340
0
102
{BLKREFS
331
59C
331
5D2
331
59C
331
5D2
102
}
 70
     4
280
     1
281
     0
1001
AcadAnnotative
1000
AnnotativeData
1002
{
1070
     1
1070
     0
1002
}
  0
BLOCK_RECORD
  5
396
330
1
100
AcDbSymbolTableRecord
100
AcDbBlockTableRecord
  2
p3cb
340
0
102
{BLKREFS
331
0
331
0
331
0
331
0
331
0
331
0
331
0
331
0
331
EC2
331
EFF
331
FAF
331
FE0
102
}
 70
     4
280
     1
281
     0
1001
AcadAnnotative
1000
AnnotativeData
1002
{
1070
     1
1070
     0
1002
}
  0
BLOCK_RECORD
  5
3BB
102
{ACAD_XDICTIONARY
360
3BC
102
}
330
1
100
AcDbSymbolTableRecord
100
AcDbBlockTableRecord
  2
3P3W_RIGHT_BRANCH_BREAKER
340
0
102
{BLKREFS
331
5A2
331
5D8
331
5A2
331
5D8
102
}
 70
     4
280
     1
281
     0
1001
AcadAnnotative
1000
AnnotativeData
1002
{
1070
     1
1070
     0
1002
}
  0
BLOCK_RECORD
  5
3DD
102
{ACAD_XDICTIONARY
360
3DE
102
}
330
1
100
AcDbSymbolTableRecord
100
AcDbBlockTableRecord
  2
1P2W_LEFT_BRANCH_BREAKER
340
0
102
{BLKREFS
331
5A8
331
5DE
331
5A8
331
5DE
102
}
 70
     4
280
     1
281
     0
1001
AcadAnnotative
1000
AnnotativeData
1002
{
1070
     1
1070
     0
1002
}
  0
BLOCK_RECORD
  5
3E4
330
1
100
AcDbSymbolTableRecord
100
AcDbBlockTableRecord
  2
p2cb
340
0
102
{BLKREFS
331
0
331
0
331
0
331
0
331
0
331
0
331
0
331
0
331
0
331
0
331
0
331
0
331
F1A
331
0
331
F66
331
FC4
331
FFB
331
1011
331
102B
102
}
 70
     4
280
     1
281
     0
1001
AcadAnnotative
1000
AnnotativeData
1002
{
1070
     1
1070
     0
1002
}
  0
BLOCK_RECORD
  5
405
102
{ACAD_XDICTIONARY
360
406
102
}
330
1
100
AcDbSymbolTableRecord
100
AcDbBlockTableRecord
  2
1P2W_RIGHT_BRANCH_BREAKER
340
0
102
{BLKREFS
331
5AE
331
5E4
331
5AE
331
5E4
102
}
 70
     4
280
     1
281
     0
1001
AcadAnnotative
1000
AnnotativeData
1002
{
1070
     1
1070
     0
1002
}
  0
BLOCK_RECORD
  5
422
330
1
100
AcDbSymbolTableRecord
100
AcDbBlockTableRecord
  2
PANEL_NAME
340
0
102
{BLKREFS
331
5B4
331
BDA
331
DF7
331
5B4
331
BDA
331
DF7
102
}
 70
     4
280
     1
281
     0
1001
AcadAnnotative
1000
AnnotativeData
1002
{
1070
     1
1070
     0
1002
}
  0
BLOCK_RECORD
  5
43C
330
1
100
AcDbSymbolTableRecord
100
AcDbBlockTableRecord
  2
earth-panel
340
0
102
{BLKREFS
331
5BA
331
BCC
331
DF6
331
5BA
331
BCC
331
DF6
102
}
 70
     4
280
     1
281
     0
1001
AcadAnnotative
1000
AnnotativeData
1002
{
1070
     1
1070
     0
1002
}
  0
BLOCK_RECORD
  5
444
330
1
100
AcDbSymbolTableRecord
100
AcDbBlockTableRecord
  2
3P4W_L_SYM_TIMER
340
0
102
{BLKREFS
331
5BB
331
5BB
102
}
 70
     4
280
     1
281
     0
1001
AcadAnnotative
1000
AnnotativeData
1002
{
1070
     1
1070
     0
1002
}
  0
BLOCK_RECORD
  5
458
330
1
100
AcDbSymbolTableRecord
100
AcDbBlockTableRecord
  2
3P3W_L_SYM_TIMER
340
0
102
{BLKREFS
331
5BC
331
5BC
102
}
 70
     4
280
     1
281
     0
1001
AcadAnnotative
1000
AnnotativeData
1002
{
1070
     1
1070
     0
1002
}
  0
BLOCK_RECORD
  5
46C
330
1
100
AcDbSymbolTableRecord
100
AcDbBlockTableRecord
  2
1P2W_L_SYM_TIMER
340
0
102
{BLKREFS
331
5BD
331
5BD
102
}
 70
     4
280
     1
281
     0
1001
AcadAnnotative
1000
AnnotativeData
1002
{
1070
     1
1070
     0
1002
}
  0
BLOCK_RECORD
  5
480
330
1
100
AcDbSymbolTableRecord
100
AcDbBlockTableRecord
  2
3P4W_L_SYM_ELB
340
0
102
{BLKREFS
331
5BE
331
5EA
331
5BE
331
5EA
102
}
 70
     4
280
     1
281
     0
1001
AcadAnnotative
1000
AnnotativeData
1002
{
1070
     1
1070
     0
1002
}
  0
BLOCK_RECORD
  5
486
330
1
100
AcDbSymbolTableRecord
100
AcDbBlockTableRecord
  2
3P3W_L_SYM_ELB
340
0
102
{BLKREFS
331
5BF
331
5EB
331
5BF
331
5EB
102
}
 70
     4
280
     1
281
     0
1001
AcadAnnotative
1000
AnnotativeData
1002
{
1070
     1
1070
     0
1002
}
  0
BLOCK_RECORD
  5
48C
330
1
100
AcDbSymbolTableRecord
100
AcDbBlockTableRecord
  2
1P2W_L_SYM_ELB
340
0
102
{BLKREFS
331
5C0
331
5EC
331
5C0
331
5EC
102
}
 70
     4
280
     1
281
     0
1001
AcadAnnotative
1000
AnnotativeData
1002
{
1070
     1
1070
     0
1002
}
  0
BLOCK_RECORD
  5
492
330
1
100
AcDbSymbolTableRecord
100
AcDbBlockTableRecord
  2
3P4W_R_SYM_ELB
340
0
102
{BLKREFS
331
5C1
331
5ED
331
5C1
331
5ED
102
}
 70
     4
280
     1
281
     0
1001
AcadAnnotative
1000
AnnotativeData
1002
{
1070
     1
1070
     0
1002
}
  0
BLOCK_RECORD
  5
498
330
1
100
AcDbSymbolTableRecord
100
AcDbBlockTableRecord
  2
3P3W_R_SYM_ELB
340
0
102
{BLKREFS
331
5C2
331
5EE
331
5C2
331
5EE
102
}
 70
     4
280
     1
281
     0
1001
AcadAnnotative
1000
AnnotativeData
1002
{
1070
     1
1070
     0
1002
}
  0
BLOCK_RECORD
  5
49E
330
1
100
AcDbSymbolTableRecord
100
AcDbBlockTableRecord
  2
1P2W_R_SYM_ELB
340
0
102
{BLKREFS
331
5C3
331
5EF
331
5C3
331
5EF
102
}
 70
     4
280
     1
281
     0
1001
AcadAnnotative
1000
AnnotativeData
1002
{
1070
     1
1070
     0
1002
}
  0
BLOCK_RECORD
  5
4A4
330
1
100
AcDbSymbolTableRecord
100
AcDbBlockTableRecord
  2
1P2W_LEFT_SYM_REMOTE
340
0
102
{BLKREFS
331
5C4
331
5C4
102
}
 70
     4
280
     1
281
     0
1001
AcadAnnotative
1000
AnnotativeData
1002
{
1070
     1
1070
     0
1002
}
  0
BLOCK_RECORD
  5
4B0
330
1
100
AcDbSymbolTableRecord
100
AcDbBlockTableRecord
  2
1P2W_RIGHT_SYM_REMOTE
340
0
102
{BLKREFS
331
5C5
331
5C5
102
}
 70
     4
280
     1
281
     0
1001
AcadAnnotative
1000
AnnotativeData
1002
{
1070
     1
1070
     0
1002
}
  0
BLOCK_RECORD
  5
4E6
330
1
100
AcDbSymbolTableRecord
100
AcDbBlockTableRecord
  2
3P4W_L_SYM_ONOFF
340
0
102
{BLKREFS
331
5F0
331
5F0
102
}
 70
     4
280
     1
281
     0
1001
AcadAnnotative
1000
AnnotativeData
1002
{
1070
     1
1070
     0
1002
}
  0
BLOCK_RECORD
  5
4F6
330
1
100
AcDbSymbolTableRecord
100
AcDbBlockTableRecord
  2
3P3W_L_SYM_ONOFF
340
0
102
{BLKREFS
331
5F1
331
5F1
102
}
 70
     4
280
     1
281
     0
1001
AcadAnnotative
1000
AnnotativeData
1002
{
1070
     1
1070
     0
1002
}
  0
BLOCK_RECORD
  5
506
330
1
100
AcDbSymbolTableRecord
100
AcDbBlockTableRecord
  2
1P2W_L_SYM_ONOFF
340
0
102
{BLKREFS
331
5F2
331
5F2
102
}
 70
     4
280
     1
281
     0
1001
AcadAnnotative
1000
AnnotativeData
1002
{
1070
     1
1070
     0
1002
}
  0
BLOCK_RECORD
  5
516
330
1
100
AcDbSymbolTableRecord
100
AcDbBlockTableRecord
  2
3P4W_R_SYM_TIMER
340
0
102
{BLKREFS
331
5F3
331
5F3
102
}
 70
     4
280
     1
281
     0
1001
AcadAnnotative
1000
AnnotativeData
1002
{
1070
     1
1070
     0
1002
}
  0
BLOCK_RECORD
  5
52A
330
1
100
AcDbSymbolTableRecord
100
AcDbBlockTableRecord
  2
3P3W_R_SYM_TIMER
340
0
102
{BLKREFS
331
5F4
331
5F4
102
}
 70
     4
280
     1
281
     0
1001
AcadAnnotative
1000
AnnotativeData
1002
{
1070
     1
1070
     0
1002
}
  0
BLOCK_RECORD
  5
53E
330
1
100
AcDbSymbolTableRecord
100
AcDbBlockTableRecord
  2
1P2W_R_SYM_TIMER
340
0
102
{BLKREFS
331
5F5
331
5F5
102
}
 70
     4
280
     1
281
     0
1001
AcadAnnotative
1000
AnnotativeData
1002
{
1070
     1
1070
     0
1002
}
  0
BLOCK_RECORD
  5
552
330
1
100
AcDbSymbolTableRecord
100
AcDbBlockTableRecord
  2
3P4W_R_SYM_ONOFF
340
0
102
{BLKREFS
331
5F6
331
5F6
102
}
 70
     4
280
     1
281
     0
1001
AcadAnnotative
1000
AnnotativeData
1002
{
1070
     1
1070
     0
1002
}
  0
BLOCK_RECORD
  5
562
330
1
100
AcDbSymbolTableRecord
100
AcDbBlockTableRecord
  2
3P3W_R_SYM_ONOFF
340
0
102
{BLKREFS
331
5F7
331
5F7
102
}
 70
     4
280
     1
281
     0
1001
AcadAnnotative
1000
AnnotativeData
1002
{
1070
     1
1070
     0
1002
}
  0
BLOCK_RECORD
  5
572
330
1
100
AcDbSymbolTableRecord
100
AcDbBlockTableRecord
  2
1P2W_R_SYM_ONOFF
340
0
102
{BLKREFS
331
5F8
331
5F8
102
}
 70
     4
280
     1
281
     0
1001
AcadAnnotative
1000
AnnotativeData
1002
{
1070
     1
1070
     0
1002
}
  0
BLOCK_RECORD
  5
6DE
102
{ACAD_XDICTIONARY
360
6DF
102
}
330
1
100
AcDbSymbolTableRecord
100
AcDbBlockTableRecord
  2
MAIN_BREAKER
340
0
102
{BLKREFS
331
71D
331
71D
102
}
 70
     4
280
     1
281
     0
1001
AcadAnnotative
1000
AnnotativeData
1002
{
1070
     1
1070
     0
1002
}
  0
BLOCK_RECORD
  5
6EB
330
1
100
AcDbSymbolTableRecord
100
AcDbBlockTableRecord
  2
input-line
340
0
102
{BLKREFS
331
0
331
0
331
0
331
0
331
0
331
0
331
0
331
0
331
0
331
0
331
0
331
0
331
0
331
0
331
0
331
0
331
0
331
0
331
E72
331
E73
331
E74
331
E75
331
F83
331
F84
331
F85
331
1045
331
1046
102
}
 70
     4
280
     1
281
     0
1001
AcadAnnotative
1000
AnnotativeData
1002
{
1070
     1
1070
     0
1002
}
  0
BLOCK_RECORD
  5
783
102
{ACAD_XDICTIONARY
360
784
102
}
330
1
100
AcDbSymbolTableRecord
100
AcDbBlockTableRecord
  2
MAIN_BREAKER_3
340
0
102
{BLKREFS
331
BCD
331
BCD
102
}
 70
     4
280
     1
281
     0
1001
AcadAnnotative
1000
AnnotativeData
1002
{
1070
     1
1070
     0
1002
}
  0
BLOCK_RECORD
  5
7BB
102
{ACAD_XDICTIONARY
360
7BC
102
}
330
1
100
AcDbSymbolTableRecord
100
AcDbBlockTableRecord
  2
3P3W_RIGHT_BRANCH_BREAKER_3
340
0
102
{BLKREFS
331
BD4
331
BF2
331
BD4
331
BF2
102
}
 70
     4
280
     1
281
     0
1001
AcadAnnotative
1000
AnnotativeData
1002
{
1070
     1
1070
     0
1002
}
  0
BLOCK_RECORD
  5
80C
102
{ACAD_XDICTIONARY
360
80D
102
}
330
1
100
AcDbSymbolTableRecord
100
AcDbBlockTableRecord
  2
1P2W_LEFT_BRANCH_BREAKER_3
340
0
102
{BLKREFS
331
BE0
331
BF8
331
C16
331
C22
331
C2E
331
C3A
331
BE0
331
BF8
331
C16
331
C22
331
C2E
331
C3A
102
}
 70
     4
280
     1
281
     0
1001
AcadAnnotative
1000
AnnotativeData
1002
{
1070
     1
1070
     0
1002
}
  0
BLOCK_RECORD
  5
834
102
{ACAD_XDICTIONARY
360
835
102
}
330
1
100
AcDbSymbolTableRecord
100
AcDbBlockTableRecord
  2
1P2W_RIGHT_BRANCH_BREAKER_3
340
0
102
{BLKREFS
331
BE6
331
BFE
331
C1C
331
C28
331
C34
331
C40
331
BE6
331
BFE
331
C1C
331
C28
331
C34
331
C40
102
}
 70
     4
280
     1
281
     0
1001
AcadAnnotative
1000
AnnotativeData
1002
{
1070
     1
1070
     0
1002
}
  0
BLOCK_RECORD
  5
8C1
330
1
100
AcDbSymbolTableRecord
100
AcDbBlockTableRecord
  2
3P3W_LEFT_BRANCH_BREAKER_3
340
0
102
{BLKREFS
331
BEC
331
C04
331
BEC
331
C04
102
}
 70
     4
280
     1
281
     0
1001
AcadAnnotative
1000
AnnotativeData
1002
{
1070
     1
1070
     0
1002
}
  0
BLOCK_RECORD
  5
AD6
330
1
100
AcDbSymbolTableRecord
100
AcDbBlockTableRecord
  2
3P3W_L_SYM_ELB_3
340
0
102
{BLKREFS
331
C0A
331
C0A
102
}
 70
     4
280
     1
281
     0
1001
AcadAnnotative
1000
AnnotativeData
1002
{
1070
     1
1070
     0
1002
}
  0
BLOCK_RECORD
  5
ADC
330
1
100
AcDbSymbolTableRecord
100
AcDbBlockTableRecord
  2
1P2W_L_SYM_ELB_3
340
0
102
{BLKREFS
331
C0B
331
C0B
102
}
 70
     4
280
     1
281
     0
1001
AcadAnnotative
1000
AnnotativeData
1002
{
1070
     1
1070
     0
1002
}
  0
BLOCK_RECORD
  5
AE2
330
1
100
AcDbSymbolTableRecord
100
AcDbBlockTableRecord
  2
3P3W_R_SYM_ELB_3
340
0
102
{BLKREFS
331
C0C
331
C0C
102
}
 70
     4
280
     1
281
     0
1001
AcadAnnotative
1000
AnnotativeData
1002
{
1070
     1
1070
     0
1002
}
  0
BLOCK_RECORD
  5
AE8
330
1
100
AcDbSymbolTableRecord
100
AcDbBlockTableRecord
  2
1P2W_R_SYM_ELB_3
340
0
102
{BLKREFS
331
C0D
331
C0D
102
}
 70
     4
280
     1
281
     0
1001
AcadAnnotative
1000
AnnotativeData
1002
{
1070
     1
1070
     0
1002
}
  0
BLOCK_RECORD
  5
AEE
330
1
100
AcDbSymbolTableRecord
100
AcDbBlockTableRecord
  2
3P3W_L_SYM_TIMER_3
340
0
102
{BLKREFS
331
C0E
331
C0E
102
}
 70
     4
280
     1
281
     0
1001
AcadAnnotative
1000
AnnotativeData
1002
{
1070
     1
1070
     0
1002
}
  0
BLOCK_RECORD
  5
B02
330
1
100
AcDbSymbolTableRecord
100
AcDbBlockTableRecord
  2
1P2W_L_SYM_TIMER_3
340
0
102
{BLKREFS
331
C0F
331
C0F
102
}
 70
     4
280
     1
281
     0
1001
AcadAnnotative
1000
AnnotativeData
1002
{
1070
     1
1070
     0
1002
}
  0
BLOCK_RECORD
  5
B16
330
1
100
AcDbSymbolTableRecord
100
AcDbBlockTableRecord
  2
3P3W_R_SYM_TIMER_3
340
0
102
{BLKREFS
331
C10
331
C10
102
}
 70
     4
280
     1
281
     0
1001
AcadAnnotative
1000
AnnotativeData
1002
{
1070
     1
1070
     0
1002
}
  0
BLOCK_RECORD
  5
B2A
330
1
100
AcDbSymbolTableRecord
100
AcDbBlockTableRecord
  2
1P2W_R_SYM_TIMER_3
340
0
102
{BLKREFS
331
C11
331
C11
102
}
 70
     4
280
     1
281
     0
1001
AcadAnnotative
1000
AnnotativeData
1002
{
1070
     1
1070
     0
1002
}
  0
BLOCK_RECORD
  5
B3E
330
1
100
AcDbSymbolTableRecord
100
AcDbBlockTableRecord
  2
3P3W_L_SYM_ONOFF_3
340
0
102
{BLKREFS
331
C12
331
C12
102
}
 70
     4
280
     1
281
     0
1001
AcadAnnotative
1000
AnnotativeData
1002
{
1070
     1
1070
     0
1002
}
  0
BLOCK_RECORD
  5
B4E
330
1
100
AcDbSymbolTableRecord
100
AcDbBlockTableRecord
  2
1P2W_L_SYM_ONOFF_3
340
0
102
{BLKREFS
331
C13
331
C13
102
}
 70
     4
280
     1
281
     0
1001
AcadAnnotative
1000
AnnotativeData
1002
{
1070
     1
1070
     0
1002
}
  0
BLOCK_RECORD
  5
B5E
330
1
100
AcDbSymbolTableRecord
100
AcDbBlockTableRecord
  2
3P3W_R_SYM_ONOFF_3
340
0
102
{BLKREFS
331
C14
331
C14
102
}
 70
     4
280
     1
281
     0
1001
AcadAnnotative
1000
AnnotativeData
1002
{
1070
     1
1070
     0
1002
}
  0
BLOCK_RECORD
  5
B6E
330
1
100
AcDbSymbolTableRecord
100
AcDbBlockTableRecord
  2
1P2W_R_SYM_ONOFF_3
340
0
102
{BLKREFS
331
C15
331
C15
102
}
 70
     4
280
     1
281
     0
1001
AcadAnnotative
1000
AnnotativeData
1002
{
1070
     1
1070
     0
1002
}
  0
BLOCK_RECORD
  5
BAE
330
1
100
AcDbSymbolTableRecord
100
AcDbBlockTableRecord
  2
1P2W_LEFT_SYM_REMOTE_3
340
0
102
{BLKREFS
331
C46
331
C46
102
}
 70
     4
280
     1
281
     0
1001
AcadAnnotative
1000
AnnotativeData
1002
{
1070
     1
1070
     0
1002
}
  0
BLOCK_RECORD
  5
BBA
330
1
100
AcDbSymbolTableRecord
100
AcDbBlockTableRecord
  2
1P2W_RIGHT_SYM_REMOTE_3
340
0
102
{BLKREFS
331
C47
331
C47
102
}
 70
     4
280
     1
281
     0
1001
AcadAnnotative
1000
AnnotativeData
1002
{
1070
     1
1070
     0
1002
}
  0
BLOCK_RECORD
  5
CF6
102
{ACAD_XDICTIONARY
360
CF7
102
}
330
1
100
AcDbSymbolTableRecord
100
AcDbBlockTableRecord
  2
MAIN_BREAKER_1
340
0
102
{BLKREFS
331
DFD
331
DFD
102
}
 70
     4
280
     1
281
     0
1001
AcadAnnotative
1000
AnnotativeData
1002
{
1070
     1
1070
     0
1002
}
  0
BLOCK_RECORD
  5
D28
102
{ACAD_XDICTIONARY
360
D29
102
}
330
1
100
AcDbSymbolTableRecord
100
AcDbBlockTableRecord
  2
1P2W_LEFT_BRANCH_BREAKER_1
340
0
102
{BLKREFS
331
E04
331
E10
331
E1C
331
E04
331
E10
331
E1C
102
}
 70
     4
280
     1
281
     0
1001
AcadAnnotative
1000
AnnotativeData
1002
{
1070
     1
1070
     0
1002
}
  0
BLOCK_RECORD
  5
D50
102
{ACAD_XDICTIONARY
360
D51
102
}
330
1
100
AcDbSymbolTableRecord
100
AcDbBlockTableRecord
  2
1P2W_RIGHT_BRANCH_BREAKER_1
340
0
102
{BLKREFS
331
E0A
331
E16
331
E22
331
E0A
331
E16
331
E22
102
}
 70
     4
280
     1
281
     0
1001
AcadAnnotative
1000
AnnotativeData
1002
{
1070
     1
1070
     0
1002
}
  0
BLOCK_RECORD
  5
D85
330
1
100
AcDbSymbolTableRecord
100
AcDbBlockTableRecord
  2
1P2W_LEFT_SYM_REMOTE_1
340
0
102
{BLKREFS
331
E28
331
E28
102
}
 70
     4
280
     1
281
     0
1001
AcadAnnotative
1000
AnnotativeData
1002
{
1070
     1
1070
     0
1002
}
  0
BLOCK_RECORD
  5
D91
330
1
100
AcDbSymbolTableRecord
100
AcDbBlockTableRecord
  2
1P2W_RIGHT_SYM_REMOTE_1
340
0
102
{BLKREFS
331
E29
331
E29
102
}
 70
     4
280
     1
281
     0
1001
AcadAnnotative
1000
AnnotativeData
1002
{
1070
     1
1070
     0
1002
}
  0
BLOCK_RECORD
  5
D9D
330
1
100
AcDbSymbolTableRecord
100
AcDbBlockTableRecord
  2
1P2W_L_SYM_ELB_1
340
0
102
{BLKREFS
331
E2A
331
E2A
102
}
 70
     4
280
     1
281
     0
1001
AcadAnnotative
1000
AnnotativeData
1002
{
1070
     1
1070
     0
1002
}
  0
BLOCK_RECORD
  5
DA3
330
1
100
AcDbSymbolTableRecord
100
AcDbBlockTableRecord
  2
1P2W_R_SYM_ELB_1
340
0
102
{BLKREFS
331
E2B
331
E2B
102
}
 70
     4
280
     1
281
     0
1001
AcadAnnotative
1000
AnnotativeData
1002
{
1070
     1
1070
     0
1002
}
  0
BLOCK_RECORD
  5
DA9
330
1
100
AcDbSymbolTableRecord
100
AcDbBlockTableRecord
  2
1P2W_L_SYM_ONOFF_1
340
0
102
{BLKREFS
331
E2C
331
E2C
102
}
 70
     4
280
     1
281
     0
1001
AcadAnnotative
1000
AnnotativeData
1002
{
1070
     1
1070
     0
1002
}
  0
BLOCK_RECORD
  5
DB9
330
1
100
AcDbSymbolTableRecord
100
AcDbBlockTableRecord
  2
1P2W_R_SYM_ONOFF_1
340
0
102
{BLKREFS
331
E2D
331
E2D
102
}
 70
     4
280
     1
281
     0
1001
AcadAnnotative
1000
AnnotativeData
1002
{
1070
     1
1070
     0
1002
}
  0
BLOCK_RECORD
  5
DC9
330
1
100
AcDbSymbolTableRecord
100
AcDbBlockTableRecord
  2
1P2W_R_SYM_TIMER_1
340
0
102
{BLKREFS
331
E2E
331
E2E
102
}
 70
     4
280
     1
281
     0
1001
AcadAnnotative
1000
AnnotativeData
1002
{
1070
     1
1070
     0
1002
}
  0
BLOCK_RECORD
  5
DDD
330
1
100
AcDbSymbolTableRecord
100
AcDbBlockTableRecord
  2
1P2W_L_SYM_TIMER_1
340
0
102
{BLKREFS
331
E2F
331
E2F
102
}
 70
     4
280
     1
281
     0
1001
AcadAnnotative
1000
AnnotativeData
1002
{
1070
     1
1070
     0
1002
}
  0
ENDTAB
  0
ENDSEC
  0
SECTION
  2
BLOCKS
  0
BLOCK
  5
20
330
1F
100
AcDbEntity
  8
0
100
AcDbBlockBegin
  2
*Model_Space
 70
     0
 10
0.0
 20
0.0
 30
0.0
  3
*Model_Space
  1

  0
ENDBLK
  5
21
330
1F
100
AcDbEntity
  8
0
100
AcDbBlockEnd
  0
BLOCK
  5
D4
330
D2
100
AcDbEntity
 67
     1
  8
0
100
AcDbBlockBegin
  2
*Paper_Space
 70
     0
 10
0.0
 20
0.0
 30
0.0
  3
*Paper_Space
  1

  0
ENDBLK
  5
D5
330
D2
100
AcDbEntity
 67
     1
  8
0
100
AcDbBlockEnd
  0
BLOCK
  5
D8
330
D6
100
AcDbEntity
  8
0
100
AcDbBlockBegin
  2
*Paper_Space0
 70
     0
 10
0.0
 20
0.0
 30
0.0
  3
*Paper_Space0
  1

  0
ENDBLK
  5
D9
330
D6
100
AcDbEntity
  8
0
100
AcDbBlockEnd
  0
BLOCK
  5
2B9
330
2B6
100
AcDbEntity
  8
0
100
AcDbBlockBegin
  2
DIMDOT
 70
     0
 10
0.0
 20
0.0
 30
0.0
  3
DIMDOT
  1

  0
CIRCLE
  5
2BA
330
2B6
100
AcDbEntity
  8
0
 62
     0
100
AcDbCircle
 10
0.0
 20
0.0
 30
0.0
 40
0.5
  0
CIRCLE
  5
2BB
330
2B6
100
AcDbEntity
  8
0
 62
     0
100
AcDbCircle
 10
0.0
 20
0.0
 30
0.0
 40
0.25
  0
LINE
  5
2BC
330
2B6
100
AcDbEntity
  8
0
 62
     0
100
AcDbLine
 10
-2.0
 20
0.0
 30
0.0
 11
2.0
 21
0.0
 31
0.0
  0
ENDBLK
  5
2BD
330
2B6
100
AcDbEntity
  8
0
100
AcDbBlockEnd
  0
BLOCK
  5
32C
330
329
100
AcDbEntity
  8
SYMB
100
AcDbBlockBegin
  2
3P4W_LEFT_BRANCH_BREAKER
 70
     2
 10
0.0
 20
0.0
 30
0.0
  3
3P4W_LEFT_BRANCH_BREAKER
  1
Acad:XRef
  0
LINE
  5
E9C
330
329
100
AcDbEntity
  8
1
 62
     1
100
AcDbLine
 10
-900.0000000000291
 20
0.0
 30
0.0
 11
-1800.000000000029
 21
0.0
 31
0.0
  0
LINE
  5
E9D
330
329
100
AcDbEntity
  8
1
 62
     1
100
AcDbLine
 10
-900.0000000000291
 20
-150.0
 30
0.0
 11
-1800.000000000029
 21
-150.0
 31
0.0
  0
LINE
  5
E9E
330
329
100
AcDbEntity
  8
1
 62
     1
100
AcDbLine
 10
-900.0000000000291
 20
-300.0
 30
0.0
 11
-1800.000000000029
 21
-300.0
 31
0.0
  0
LINE
  5
E9F
330
329
100
AcDbEntity
  8
1
 62
     1
100
AcDbLine
 10
-900.0000000000291
 20
-450.0
 30
0.0
 11
-1800.000000000029
 21
-450.0
 31
0.0
  0
LINE
  5
EA0
330
329
100
AcDbEntity
  8
1
 62
     1
100
AcDbLine
 10
-600.0000000000582
 20
0.0
 30
0.0
 11
0.0
 21
0.0
 31
0.0
  0
LINE
  5
EA1
330
329
100
AcDbEntity
  8
1
 62
     1
100
AcDbLine
 10
-600.0000000000582
 20
-150.0
 30
0.0
 11
300.0
 21
-150.0
 31
0.0
  0
LINE
  5
EA2
330
329
100
AcDbEntity
  8
1
 62
     1
100
AcDbLine
 10
-600.0000000000582
 20
-300.0
 30
0.0
 11
599.9999999999709
 21
-300.0
 31
0.0
  0
LINE
  5
EA3
330
329
100
AcDbEntity
  8
1
 62
     1
100
AcDbLine
 10
-600.0000000000582
 20
-450.0
 30
0.0
 11
899.9999999999709
 21
-450.0
 31
0.0
  0
LWPOLYLINE
  5
EA4
330
329
100
AcDbEntity
  8
2
 62
     4
100
AcDbPolyline
 90
        4
 70
     1
 43
0.0
 10
-2700.000000000029
 20
-225.0
 10
-1800.000000000029
 20
-225.0
 10
-1800.000000000029
 20
0.0
 10
-2700.000000000029
 20
0.0
  0
LWPOLYLINE
  5
EA5
330
329
100
AcDbEntity
  8
2
 62
     4
100
AcDbPolyline
 90
        4
 70
     1
 43
0.0
 10
-2250.000000000029
 20
-450.0
 10
-2700.000000000029
 20
-450.0
 10
-2700.000000000029
 20
-225.0
 10
-2250.000000000029
 20
-225.0
  0
LWPOLYLINE
  5
EA6
330
329
100
AcDbEntity
  8
2
 62
     4
100
AcDbPolyline
 90
        4
 70
     1
 43
0.0
 10
-1800.000000000029
 20
-450.0
 10
-2250.000000000029
 20
-450.0
 10
-2250.000000000029
 20
-225.0
 10
-1800.000000000029
 20
-225.0
  0
LWPOLYLINE
  5
EA7
330
329
100
AcDbEntity
  8
2
 62
     4
100
AcDbPolyline
 90
        4
 70
     1
 43
0.0
 10
-3750.000000000029
 20
-225.0
 10
-2700.000000000029
 20
-225.0
 10
-2700.000000000029
 20
0.0
 10
-3750.000000000029
 20
0.0
  0
LWPOLYLINE
  5
EA8
330
329
100
AcDbEntity
  8
2
 62
     4
100
AcDbPolyline
 90
        4
 70
     1
 43
0.0
 10
-3750.000000000029
 20
-450.0
 10
-2700.000000000029
 20
-450.0
 10
-2700.000000000029
 20
-225.0
 10
-3750.000000000029
 20
-225.0
  0
INSERT
  5
EA9
102
{ACAD_REACTORS
330
EB1
102
}
330
329
100
AcDbEntity
  8
SYMB
100
AcDbBlockReference
  2
p4cb
 10
-750.0000000000582
 20
-225.0
 30
0.0
  0
CIRCLE
  5
EAA
330
329
100
AcDbEntity
  8
SYMB
 62
     3
100
AcDbCircle
 10
-3824.952259768004
 20
-225.0
 30
0.0
 40
75.0
  0
LWPOLYLINE
  5
EAB
330
329
100
AcDbEntity
  8
SYMB
 62
     3
100
AcDbPolyline
 90
        2
 70
     0
 43
50.0
 10
-3899.952259768004
 20
-225.0
 10
-3976.000000000029
 20
-225.0
  0
TEXT
  5
EAC
330
329
100
AcDbEntity
  8
TXT
  6
Continuous
 62
     7
370
    -2
100
AcDbText
 10
-3461.047894021768
 20
-175.0
 30
0.0
 40
125.0
  1
NAME
 41
0.95
  7
맑은고딕
 72
     1
 11
-3225.000000000029
 21
-112.5
 31
0.0
100
AcDbText
 73
     2
  0
ATTDEF
  5
EAD
330
329
100
AcDbEntity
  8
TXT
 62
     7
100
AcDbText
 10
-3512.39597486416
 20
-400.0
 30
0.0
 40
125.0
  1
CIR_NO
 41
0.95
  7
맑은고딕
 72
     1
 11
-3225.000000000029
 21
-337.5
 31
0.0
100
AcDbAttributeDefinition
  3

  2
CIR_NO
 70
     0
 74
     2
280
     1
  0
ATTDEF
  5
EAE
330
329
100
AcDbEntity
  8
TXT
 62
     7
100
AcDbText
 10
-2566.317085597855
 20
-175.0
 30
0.0
 40
125.0
  1
CB_TYPE
 41
0.95
  7
맑은고딕
 72
     1
 11
-2250.000000000029
 21
-112.5
 31
0.0
100
AcDbAttributeDefinition
  3

  2
CB_TYPE
 70
     0
 74
     2
280
     1
  0
ATTDEF
  5
EAF
330
329
100
AcDbEntity
  8
TXT
 62
     7
100
AcDbText
 10
-2570.556640625029
 20
-400.0
 30
0.0
 40
125.0
  1
AF
 41
0.95
  7
맑은고딕
 72
     1
 11
-2475.000000000029
 21
-337.5
 31
0.0
100
AcDbAttributeDefinition
  3

  2
AF
 70
     0
 74
     2
280
     1
  0
ATTDEF
  5
EB0
330
329
100
AcDbEntity
  8
TXT
 62
     7
100
AcDbText
 10
-2123.460852581551
 20
-400.0
 30
0.0
 40
125.0
  1
AT
 41
0.95
  7
맑은고딕
 72
     1
 11
-2025.000000000029
 21
-337.5
 31
0.0
100
AcDbAttributeDefinition
  3

  2
AT
 70
     0
 74
     2
280
     1
  0
HATCH
  5
EB1
330
329
100
AcDbEntity
  8
0
 62
     2
440
 33554687
100
AcDbHatch
 10
0.0
 20
0.0
 30
0.0
210
0.0
220
0.0
230
1.0
  2
SOLID
 70
     1
 71
     1
 91
        9
 92
        1
 93
        1
 72
     2
 10
-600.0000000000437
 20
-450.0
 40
40.21345232398524
 50
0.0
 51
360.0
 73
     1
 97
        1
330
EA9
 92
        1
 93
        1
 72
     2
 10
-900.0000000000437
 20
-450.0
 40
40.21345232398524
 50
0.0
 51
360.0
 73
     1
 97
        1
330
EA9
 92
        1
 93
        1
 72
     2
 10
-600.0000000000437
 20
-300.0
 40
40.21345232398524
 50
0.0
 51
360.0
 73
     1
 97
        1
330
EA9
 92
        1
 93
        1
 72
     2
 10
-900.0000000000437
 20
-300.0
 40
40.21345232398524
 50
0.0
 51
360.0
 73
     1
 97
        1
330
EA9
 92
        1
 93
        1
 72
     2
 10
-600.0000000000437
 20
-150.0
 40
40.21345232398524
 50
0.0
 51
360.0
 73
     1
 97
        1
330
EA9
 92
        1
 93
        1
 72
     2
 10
-900.0000000000437
 20
-150.0
 40
40.21345232398524
 50
0.0
 51
360.0
 73
     1
 97
        1
330
EA9
 92
        1
 93
        1
 72
     2
 10
-600.0000000000437
 20
0.0
 40
40.21345232398524
 50
0.0
 51
360.0
 73
     1
 97
        1
330
EA9
 92
        1
 93
        1
 72
     2
 10
-900.0000000000437
 20
0.0
 40
40.21345232398524
 50
0.0
 51
360.0
 73
     1
 97
        1
330
EA9
 92
       33
 93
        6
 72
     1
 10
-730.0000000000437
 20
-301.242653018875
 11
-730.0000000000437
 21
148.7238939951931
 72
     2
 10
-750.0000000000582
 20
-457.364844701151
 40
157.3648447011487
 50
17.59843624812733
 51
162.4015637518676
 73
     1
 72
     2
 10
-750.0000000000582
 20
-157.364844701151
 40
157.3648447011487
 50
17.59843624812733
 51
162.4015637518676
 73
     1
 72
     2
 10
-750.0000000000582
 20
-307.3648447011511
 40
157.3648447011487
 50
17.59843624812733
 51
162.4015637518676
 73
     1
 72
     1
 10
-770.0000000000437
 20
-301.2426530188677
 11
-770.0000000000437
 21
148.7238939952003
 72
     2
 10
-750.0000000000582
 20
-7.364844701151043
 40
157.3648447011487
 50
17.59843624812733
 51
162.4015637518676
 73
     1
 97
        1
330
EA9
 75
     1
 76
     1
 98
        1
 10
0.0
 20
0.0
450
        0
451
        0
460
0.0
461
1.0
452
        0
462
0.0
453
        2
463
0.0
 63
     5
421
      255
463
1.0
 63
     2
421
 16776960
470
LINEAR
1001
ACAD
1010
0.0
1020
0.0
1030
0.0
1001
AcadAnnotative
1000
AnnotativeData
1002
{
1070
     1
1070
     0
1002
}
  0
INSERT
  5
EB2
330
329
100
AcDbEntity
  8
SYMB
 62
     2
100
AcDbBlockReference
  2
BUS_CONN_DOT
 10
0.0
 20
0.0
 30
0.0
  0
INSERT
  5
EB3
330
329
100
AcDbEntity
  8
SYMB
 62
     2
100
AcDbBlockReference
  2
BUS_CONN_DOT
 10
300.0
 20
-150.0
 30
0.0
  0
INSERT
  5
EB4
330
329
100
AcDbEntity
  8
SYMB
 62
     2
100
AcDbBlockReference
  2
BUS_CONN_DOT
 10
599.9999999999709
 20
-300.0
 30
0.0
  0
INSERT
  5
EB5
330
329
100
AcDbEntity
  8
SYMB
 62
     2
100
AcDbBlockReference
  2
BUS_CONN_DOT
 10
899.9999999999709
 20
-450.0
 30
0.0
  0
ENDBLK
  5
35F
330
329
100
AcDbEntity
  8
SYMB
100
AcDbBlockEnd
  0
BLOCK
  5
33C
330
33B
100
AcDbEntity
  8
SYMB
100
AcDbBlockBegin
  2
p4cb
 70
     0
 10
0.0
 20
0.0
 30
0.0
  3
p4cb
  1
Acad:XRef
  0
ARC
  5
33D
330
33B
100
AcDbEntity
  8
SYMB
100
AcDbCircle
 10
0.0
 20
217.635155298849
 30
0.0
 40
157.3648447011487
100
AcDbArc
 50
17.59843624812733
 51
162.4015637518676
  0
CIRCLE
  5
33E
330
33B
100
AcDbEntity
  8
SYMB
100
AcDbCircle
 10
-149.9999999999854
 20
225.0
 30
0.0
 40
40.21345232398524
  0
CIRCLE
  5
33F
330
33B
100
AcDbEntity
  8
SYMB
100
AcDbCircle
 10
150.0000000000146
 20
225.0
 30
0.0
 40
40.21345232398524
  0
LINE
  5
340
330
33B
100
AcDbEntity
  8
SYMB
 62
     4
100
AcDbLine
 10
-19.99999999998545
 20
-76.24265301886771
 30
0.0
 11
-19.99999999998545
 21
373.7238939952003
 31
0.0
  0
LINE
  5
341
330
33B
100
AcDbEntity
  8
SYMB
 62
     4
100
AcDbLine
 10
20.00000000001455
 20
-76.24265301887499
 30
0.0
 11
20.00000000001455
 21
373.7238939951931
 31
0.0
  0
ARC
  5
342
330
33B
100
AcDbEntity
  8
SYMB
100
AcDbCircle
 10
0.0
 20
67.63515529884899
 30
0.0
 40
157.3648447011487
100
AcDbArc
 50
17.59843624812733
 51
162.4015637518676
  0
CIRCLE
  5
343
330
33B
100
AcDbEntity
  8
SYMB
100
AcDbCircle
 10
-149.9999999999854
 20
75.0
 30
0.0
 40
40.21345232398524
  0
CIRCLE
  5
344
330
33B
100
AcDbEntity
  8
SYMB
100
AcDbCircle
 10
150.0000000000146
 20
75.0
 30
0.0
 40
40.21345232398524
  0
ARC
  5
345
330
33B
100
AcDbEntity
  8
SYMB
100
AcDbCircle
 10
0.0
 20
-82.36484470115101
 30
0.0
 40
157.3648447011487
100
AcDbArc
 50
17.59843624812733
 51
162.4015637518676
  0
CIRCLE
  5
346
330
33B
100
AcDbEntity
  8
SYMB
100
AcDbCircle
 10
-149.9999999999854
 20
-75.0
 30
0.0
 40
40.21345232398524
  0
CIRCLE
  5
347
330
33B
100
AcDbEntity
  8
SYMB
100
AcDbCircle
 10
150.0000000000146
 20
-75.0
 30
0.0
 40
40.21345232398524
  0
ARC
  5
348
330
33B
100
AcDbEntity
  8
SYMB
100
AcDbCircle
 10
0.0
 20
-232.364844701151
 30
0.0
 40
157.3648447011487
100
AcDbArc
 50
17.59843624812733
 51
162.4015637518676
  0
CIRCLE
  5
349
330
33B
100
AcDbEntity
  8
SYMB
100
AcDbCircle
 10
-149.9999999999854
 20
-225.0
 30
0.0
 40
40.21345232398524
  0
CIRCLE
  5
34A
330
33B
100
AcDbEntity
  8
SYMB
100
AcDbCircle
 10
150.0000000000146
 20
-225.0
 30
0.0
 40
40.21345232398524
  0
ENDBLK
  5
34B
330
33B
100
AcDbEntity
  8
SYMB
100
AcDbBlockEnd
  0
BLOCK
  5
356
330
355
100
AcDbEntity
  8
SYMB
100
AcDbBlockBegin
  2
BUS_CONN_DOT
 70
     0
 10
0.0
 20
0.0
 30
0.0
  3
BUS_CONN_DOT
  1
Acad:XRef
  0
HATCH
  5
357
330
355
100
AcDbEntity
  8
SYMB
 62
     2
440
 33554687
100
AcDbHatch
 10
0.0
 20
0.0
 30
0.0
210
0.0
220
0.0
230
1.0
  2
SOLID
 70
     1
 71
     1
 91
        1
 92
        1
 93
        4
 72
     1
 10
40.0
 20
40.0
 11
-40.0
 21
40.0
 72
     1
 10
-40.0
 20
40.0
 11
-40.0
 21
-40.0
 72
     1
 10
-40.0
 20
-40.0
 11
40.0
 21
-40.0
 72
     1
 10
40.0
 20
-40.0
 11
40.0
 21
40.0
 97
        1
330
358
 75
     1
 76
     1
 98
        1
 10
0.0
 20
0.0
450
        0
451
        0
460
0.0
461
1.0
452
        0
462
0.0
453
        2
463
0.0
 63
     5
421
      255
463
1.0
 63
     2
421
 16776960
470
LINEAR
1001
ACAD
1010
0.0
1020
0.0
1030
0.0
1001
AcadAnnotative
1000
AnnotativeData
1002
{
1070
     1
1070
     0
1002
}
  0
LWPOLYLINE
  5
358
102
{ACAD_REACTORS
330
357
102
}
330
355
100
AcDbEntity
  8
SYMB
 62
     2
100
AcDbPolyline
 90
        4
 70
     1
 43
0.0
 10
40.0
 20
40.0
 10
-40.0
 20
40.0
 10
-40.0
 20
-40.0
 10
40.0
 20
-40.0
  0
LINE
  5
359
330
355
100
AcDbEntity
  8
SYMB
 62
     5
100
AcDbLine
 10
-40.0
 20
0.0
 30
0.0
 11
40.0
 21
0.0
 31
0.0
  0
LINE
  5
35A
330
355
100
AcDbEntity
  8
SYMB
 62
     5
100
AcDbLine
 10
0.0
 20
40.0
 30
0.0
 11
0.0
 21
-40.0
 31
0.0
  0
ENDBLK
  5
35B
330
355
100
AcDbEntity
  8
SYMB
100
AcDbBlockEnd
  0
BLOCK
  5
369
330
366
100
AcDbEntity
  8
SYMB
100
AcDbBlockBegin
  2
3P4W_RIGHT_BRANCH_BREAKER
 70
     2
 10
0.0
 20
0.0
 30
0.0
  3
3P4W_RIGHT_BRANCH_BREAKER
  1
Acad:XRef
  0
LINE
  5
ED9
330
366
100
AcDbEntity
  8
1
 62
     1
100
AcDbLine
 10
0.0
 20
0.0
 30
0.0
 11
1499.999999999971
 21
0.0
 31
0.0
  0
LINE
  5
EDA
330
366
100
AcDbEntity
  8
1
 62
     1
100
AcDbLine
 10
300.0
 20
-150.0
 30
0.0
 11
1499.999999999971
 21
-150.0
 31
0.0
  0
LINE
  5
EDB
330
366
100
AcDbEntity
  8
1
 62
     1
100
AcDbLine
 10
599.9999999999709
 20
-300.0
 30
0.0
 11
1499.999999999971
 21
-300.0
 31
0.0
  0
LINE
  5
EDC
330
366
100
AcDbEntity
  8
1
 62
     1
100
AcDbLine
 10
899.9999999999709
 20
-450.0
 30
0.0
 11
1499.999999999971
 21
-450.0
 31
0.0
  0
LINE
  5
EDD
330
366
100
AcDbEntity
  8
1
 62
     1
100
AcDbLine
 10
2701.254921246407
 20
0.0
 30
0.0
 11
1799.999999999971
 21
0.0
 31
0.0
  0
LINE
  5
EDE
330
366
100
AcDbEntity
  8
1
 62
     1
100
AcDbLine
 10
2701.254921246407
 20
-150.0
 30
0.0
 11
1799.999999999971
 21
-150.0
 31
0.0
  0
LINE
  5
EDF
330
366
100
AcDbEntity
  8
1
 62
     1
100
AcDbLine
 10
2701.254921246407
 20
-300.0
 30
0.0
 11
1799.999999999971
 21
-300.0
 31
0.0
  0
LINE
  5
EE0
330
366
100
AcDbEntity
  8
1
 62
     1
100
AcDbLine
 10
2701.254921246407
 20
-450.0
 30
0.0
 11
1799.999999999971
 21
-450.0
 31
0.0
  0
INSERT
  5
EE1
102
{ACAD_REACTORS
330
EEE
102
}
330
366
100
AcDbEntity
  8
SYMB
100
AcDbBlockReference
  2
p4cb
 10
1649.999999999942
 20
-225.0
 30
-0.0000000000000474
  0
CIRCLE
  5
EE2
330
366
100
AcDbEntity
  8
SYMB
 62
     3
100
AcDbCircle
 10
4724.999999999971
 20
-225.0
 30
0.0
 40
75.0
  0
LWPOLYLINE
  5
EE3
330
366
100
AcDbEntity
  8
SYMB
 62
     3
100
AcDbPolyline
 90
        2
 70
     0
 43
50.0
 10
4799.999999999971
 20
-225.0
 10
4876.047740231996
 20
-225.0
  0
LWPOLYLINE
  5
EE4
330
366
100
AcDbEntity
  8
2
 62
     4
100
AcDbPolyline
 90
        4
 70
     1
 43
0.0
 10
2701.254921246407
 20
-225.0
 10
3601.254921246407
 20
-225.0
 10
3601.254921246407
 20
0.0
 10
2701.254921246407
 20
0.0
  0
LWPOLYLINE
  5
EE5
330
366
100
AcDbEntity
  8
2
 62
     4
100
AcDbPolyline
 90
        4
 70
     1
 43
0.0
 10
3151.254921246407
 20
-450.0
 10
2701.254921246407
 20
-450.0
 10
2701.254921246407
 20
-225.0
 10
3151.254921246407
 20
-225.0
  0
LWPOLYLINE
  5
EE6
330
366
100
AcDbEntity
  8
2
 62
     4
100
AcDbPolyline
 90
        4
 70
     1
 43
0.0
 10
3601.254921246407
 20
-450.0
 10
3151.254921246407
 20
-450.0
 10
3151.254921246407
 20
-225.0
 10
3601.254921246407
 20
-225.0
  0
LWPOLYLINE
  5
EE7
330
366
100
AcDbEntity
  8
2
 62
     4
100
AcDbPolyline
 90
        4
 70
     1
 43
0.0
 10
3601.254921246407
 20
-225.0
 10
4649.999999999971
 20
-225.0
 10
4649.999999999971
 20
0.0
 10
3601.254921246407
 20
0.0
  0
LWPOLYLINE
  5
EE8
330
366
100
AcDbEntity
  8
2
 62
     4
100
AcDbPolyline
 90
        4
 70
     1
 43
0.0
 10
3601.254921246407
 20
-450.0
 10
4649.999999999971
 20
-450.0
 10
4649.999999999971
 20
-225.0
 10
3601.254921246407
 20
-225.0
  0
TEXT
  5
EE9
330
366
100
AcDbEntity
  8
TXT
  6
Continuous
 62
     7
370
    -2
100
AcDbText
 10
3889.57956660145
 20
-175.0
 30
0.0
 40
125.0
  1
NAME
 41
0.95
  7
맑은고딕
 72
     1
 11
4125.627460623189
 21
-112.5
 31
0.0
100
AcDbText
 73
     2
  0
ATTDEF
  5
EEA
330
366
100
AcDbEntity
  8
TXT
 62
     7
100
AcDbText
 10
3838.231485759059
 20
-400.0
 30
0.0
 40
125.0
  1
CIR_NO
 41
0.95
  7
맑은고딕
 72
     1
 11
4125.627460623189
 21
-337.5
 31
0.0
100
AcDbAttributeDefinition
  3

  2
CIR_NO
 70
     0
 74
     2
280
     1
  0
ATTDEF
  5
EEB
330
366
100
AcDbEntity
  8
TXT
 62
     7
100
AcDbText
 10
2834.937835648581
 20
-175.0
 30
0.0
 40
125.0
  1
CB_TYPE
 41
0.95
  7
맑은고딕
 72
     1
 11
3151.254921246407
 21
-112.5
 31
0.0
100
AcDbAttributeDefinition
  3

  2
CB_TYPE
 70
     0
 74
     2
280
     1
  0
ATTDEF
  5
EEC
330
366
100
AcDbEntity
  8
TXT
 62
     7
100
AcDbText
 10
2830.698280621407
 20
-400.0
 30
0.0
 40
125.0
  1
AF
 41
0.95
  7
맑은고딕
 72
     1
 11
2926.254921246407
 21
-337.5
 31
0.0
100
AcDbAttributeDefinition
  3

  2
AF
 70
     0
 74
     2
280
     1
  0
ATTDEF
  5
EED
330
366
100
AcDbEntity
  8
TXT
 62
     7
100
AcDbText
 10
3277.794068664885
 20
-400.0
 30
0.0
 40
125.0
  1
AT
 41
0.95
  7
맑은고딕
 72
     1
 11
3376.254921246407
 21
-337.5
 31
0.0
100
AcDbAttributeDefinition
  3

  2
AT
 70
     0
 74
     2
280
     1
  0
HATCH
  5
EEE
330
366
100
AcDbEntity
  8
0
 62
     2
440
 33554687
100
AcDbHatch
 10
0.0
 20
0.0
 30
0.0
210
0.0
220
0.0
230
1.0
  2
SOLID
 70
     1
 71
     1
 91
        9
 92
        1
 93
        1
 72
     2
 10
1799.999999999957
 20
-450.0
 40
40.21345232398524
 50
0.0
 51
360.0
 73
     1
 97
        1
330
EE1
 92
        1
 93
        1
 72
     2
 10
1499.999999999957
 20
-450.0
 40
40.21345232398524
 50
0.0
 51
360.0
 73
     1
 97
        1
330
EE1
 92
        1
 93
        1
 72
     2
 10
1799.999999999957
 20
-300.0
 40
40.21345232398524
 50
0.0
 51
360.0
 73
     1
 97
        1
330
EE1
 92
        1
 93
        1
 72
     2
 10
1499.999999999957
 20
-300.0
 40
40.21345232398524
 50
0.0
 51
360.0
 73
     1
 97
        1
330
EE1
 92
        1
 93
        1
 72
     2
 10
1799.999999999957
 20
-150.0
 40
40.21345232398524
 50
0.0
 51
360.0
 73
     1
 97
        1
330
EE1
 92
        1
 93
        1
 72
     2
 10
1499.999999999957
 20
-150.0
 40
40.21345232398524
 50
0.0
 51
360.0
 73
     1
 97
        1
330
EE1
 92
        1
 93
        1
 72
     2
 10
1799.999999999957
 20
0.0
 40
40.21345232398524
 50
0.0
 51
360.0
 73
     1
 97
        1
330
EE1
 92
        1
 93
        1
 72
     2
 10
1499.999999999957
 20
0.0
 40
40.21345232398524
 50
0.0
 51
360.0
 73
     1
 97
        1
330
EE1
 92
       33
 93
        6
 72
     2
 10
1649.999999999942
 20
-307.364844701151
 40
157.3648447011487
 50
17.59843624812731
 51
162.4015637518676
 73
     1
 72
     2
 10
1649.999999999942
 20
-457.3648447011509
 40
157.3648447011487
 50
17.59843624812727
 51
162.4015637518676
 73
     1
 72
     2
 10
1649.999999999942
 20
-7.364844701150929
 40
157.3648447011487
 50
17.59843624812731
 51
162.4015637518676
 73
     1
 72
     1
 10
1629.999999999957
 20
-301.2426530188677
 11
1629.999999999957
 21
148.7238939952003
 72
     1
 10
1669.999999999957
 20
-301.242653018875
 11
1669.999999999957
 21
148.7238939951931
 72
     2
 10
1649.999999999942
 20
-157.364844701151
 40
157.3648447011487
 50
17.59843624812731
 51
162.4015637518676
 73
     1
 97
        1
330
EE1
 75
     1
 76
     1
 98
        1
 10
0.0
 20
0.0
450
        0
451
        0
460
0.0
461
1.0
452
        0
462
0.0
453
        2
463
0.0
 63
     5
421
      255
463
1.0
 63
     2
421
 16776960
470
LINEAR
1001
ACAD
1010
0.0
1020
0.0
1030
0.0
1001
AcadAnnotative
1000
AnnotativeData
1002
{
1070
     1
1070
     0
1002
}
  0
INSERT
  5
EEF
330
366
100
AcDbEntity
  8
SYMB
 62
     2
100
AcDbBlockReference
  2
BUS_CONN_DOT
 10
0.0
 20
0.0
 30
0.0
  0
INSERT
  5
EF0
330
366
100
AcDbEntity
  8
SYMB
 62
     2
100
AcDbBlockReference
  2
BUS_CONN_DOT
 10
300.0
 20
-150.0
 30
0.0
  0
INSERT
  5
EF1
330
366
100
AcDbEntity
  8
SYMB
 62
     2
100
AcDbBlockReference
  2
BUS_CONN_DOT
 10
599.9999999999709
 20
-300.0
 30
0.0
  0
INSERT
  5
EF2
330
366
100
AcDbEntity
  8
SYMB
 62
     2
100
AcDbBlockReference
  2
BUS_CONN_DOT
 10
899.9999999999709
 20
-450.0
 30
0.0
  0
ENDBLK
  5
384
330
366
100
AcDbEntity
  8
SYMB
100
AcDbBlockEnd
  0
BLOCK
  5
38E
330
38B
100
AcDbEntity
  8
SYMB
100
AcDbBlockBegin
  2
3P3W_LEFT_BRANCH_BREAKER
 70
     2
 10
0.0
 20
0.0
 30
0.0
  3
3P3W_LEFT_BRANCH_BREAKER
  1
Acad:XRef
  0
LINE
  5
EBC
330
38B
100
AcDbEntity
  8
1
 62
     1
100
AcDbLine
 10
-900.0000000000291
 20
0.0
 30
0.0
 11
-1800.000000000029
 21
0.0
 31
0.0
  0
LINE
  5
EBD
330
38B
100
AcDbEntity
  8
1
 62
     1
100
AcDbLine
 10
-900.0000000000291
 20
-150.0
 30
0.0
 11
-1800.000000000029
 21
-150.0
 31
0.0
  0
LINE
  5
EBE
330
38B
100
AcDbEntity
  8
1
 62
     1
100
AcDbLine
 10
-900.0000000000291
 20
-300.0
 30
0.0
 11
-1800.000000000029
 21
-300.0
 31
0.0
  0
LINE
  5
EBF
330
38B
100
AcDbEntity
  8
1
 62
     1
100
AcDbLine
 10
-600.0000000000582
 20
0.0
 30
0.0
 11
0.0
 21
0.0
 31
0.0
  0
LINE
  5
EC0
330
38B
100
AcDbEntity
  8
1
 62
     1
100
AcDbLine
 10
-600.0000000000582
 20
-150.0
 30
0.0
 11
300.0
 21
-150.0
 31
0.0
  0
LINE
  5
EC1
330
38B
100
AcDbEntity
  8
1
 62
     1
100
AcDbLine
 10
-600.0000000000582
 20
-300.0
 30
0.0
 11
599.9999999999709
 21
-300.0
 31
0.0
  0
INSERT
  5
EC2
102
{ACAD_REACTORS
330
ECD
102
}
330
38B
100
AcDbEntity
  8
SYMB
100
AcDbBlockReference
  2
p3cb
 10
-750.0000000000582
 20
-150.0
 30
0.0
  0
LWPOLYLINE
  5
EC3
330
38B
100
AcDbEntity
  8
2
 62
     4
100
AcDbPolyline
 90
        4
 70
     1
 43
0.0
 10
-2700.000000000029
 20
-150.0
 10
-1800.000000000029
 20
-150.0
 10
-1800.000000000029
 20
75.0
 10
-2700.000000000029
 20
75.0
  0
LWPOLYLINE
  5
EC4
330
38B
100
AcDbEntity
  8
2
 62
     4
100
AcDbPolyline
 90
        4
 70
     1
 43
0.0
 10
-2250.000000000029
 20
-375.0
 10
-2700.000000000029
 20
-375.0
 10
-2700.000000000029
 20
-150.0
 10
-2250.000000000029
 20
-150.0
  0
LWPOLYLINE
  5
EC5
330
38B
100
AcDbEntity
  8
2
 62
     4
100
AcDbPolyline
 90
        4
 70
     1
 43
0.0
 10
-1800.000000000029
 20
-375.0
 10
-2250.000000000029
 20
-375.0
 10
-2250.000000000029
 20
-150.0
 10
-1800.000000000029
 20
-150.0
  0
LWPOLYLINE
  5
EC6
330
38B
100
AcDbEntity
  8
2
 62
     4
100
AcDbPolyline
 90
        4
 70
     1
 43
0.0
 10
-3750.000000000029
 20
-150.0
 10
-2700.000000000029
 20
-150.0
 10
-2700.000000000029
 20
75.0
 10
-3750.000000000029
 20
75.0
  0
LWPOLYLINE
  5
EC7
330
38B
100
AcDbEntity
  8
2
 62
     4
100
AcDbPolyline
 90
        4
 70
     1
 43
0.0
 10
-3750.000000000029
 20
-375.0
 10
-2700.000000000029
 20
-375.0
 10
-2700.000000000029
 20
-150.0
 10
-3750.000000000029
 20
-150.0
  0
TEXT
  5
EC8
330
38B
100
AcDbEntity
  8
TXT
  6
Continuous
 62
     7
370
    -2
100
AcDbText
 10
-3461.047894021768
 20
-100.0
 30
0.0
 40
125.0
  1
NAME
 41
0.95
  7
맑은고딕
 72
     1
 11
-3225.000000000029
 21
-37.5
 31
0.0
100
AcDbText
 73
     2
  0
ATTDEF
  5
EC9
330
38B
100
AcDbEntity
  8
TXT
 62
     7
100
AcDbText
 10
-3512.39597486416
 20
-325.0
 30
0.0
 40
125.0
  1
CIR_NO
 41
0.95
  7
맑은고딕
 72
     1
 11
-3225.000000000029
 21
-262.5
 31
0.0
100
AcDbAttributeDefinition
  3

  2
CIR_NO
 70
     0
 74
     2
280
     1
  0
ATTDEF
  5
ECA
330
38B
100
AcDbEntity
  8
TXT
 62
     7
100
AcDbText
 10
-2566.317085597855
 20
-100.0
 30
0.0
 40
125.0
  1
CB_TYPE
 41
0.95
  7
맑은고딕
 72
     1
 11
-2250.000000000029
 21
-37.5
 31
0.0
100
AcDbAttributeDefinition
  3

  2
CB_TYPE
 70
     0
 74
     2
280
     1
  0
ATTDEF
  5
ECB
330
38B
100
AcDbEntity
  8
TXT
 62
     7
100
AcDbText
 10
-2570.556640625029
 20
-325.0
 30
0.0
 40
125.0
  1
AF
 41
0.95
  7
맑은고딕
 72
     1
 11
-2475.000000000029
 21
-262.5
 31
0.0
100
AcDbAttributeDefinition
  3

  2
AF
 70
     0
 74
     2
280
     1
  0
ATTDEF
  5
ECC
330
38B
100
AcDbEntity
  8
TXT
 62
     7
100
AcDbText
 10
-2123.460852581551
 20
-325.0
 30
0.0
 40
125.0
  1
AT
 41
0.95
  7
맑은고딕
 72
     1
 11
-2025.000000000029
 21
-262.5
 31
0.0
100
AcDbAttributeDefinition
  3

  2
AT
 70
     0
 74
     2
280
     1
  0
HATCH
  5
ECD
330
38B
100
AcDbEntity
  8
0
 62
     2
440
 33554687
100
AcDbHatch
 10
0.0
 20
0.0
 30
0.0
210
0.0
220
0.0
230
1.0
  2
SOLID
 70
     1
 71
     1
 91
        7
 92
        1
 93
        1
 72
     2
 10
-600.0000000000582
 20
-300.0
 40
40.21345232398524
 50
0.0
 51
360.0
 73
     1
 97
        1
330
EC2
 92
        1
 93
        1
 72
     2
 10
-900.0000000000582
 20
-300.0
 40
40.21345232398524
 50
0.0
 51
360.0
 73
     1
 97
        1
330
EC2
 92
        1
 93
        1
 72
     2
 10
-600.0000000000582
 20
-150.0
 40
40.21345232398524
 50
0.0
 51
360.0
 73
     1
 97
        1
330
EC2
 92
        1
 93
        1
 72
     2
 10
-900.0000000000582
 20
-150.0
 40
40.21345232398524
 50
0.0
 51
360.0
 73
     1
 97
        1
330
EC2
 92
        1
 93
        1
 72
     2
 10
-600.0000000000582
 20
0.0
 40
40.21345232398524
 50
0.0
 51
360.0
 73
     1
 97
        1
330
EC2
 92
        1
 93
        1
 72
     2
 10
-900.0000000000582
 20
0.0
 40
40.21345232398524
 50
0.0
 51
360.0
 73
     1
 97
        1
330
EC2
 92
       33
 93
        5
 72
     2
 10
-750.0000000000728
 20
-157.364844701151
 40
157.3648447011487
 50
17.59843624812733
 51
162.4015637518676
 73
     1
 72
     2
 10
-750.0000000000728
 20
-307.3648447011511
 40
157.3648447011487
 50
17.59843624812733
 51
162.4015637518676
 73
     1
 72
     2
 10
-750.0000000000728
 20
-7.364844701151029
 40
157.3648447011487
 50
17.59843624812733
 51
162.4015637518676
 73
     1
 72
     1
 10
-770.0000000000582
 20
-151.2761060047997
 11
-770.0000000000582
 21
148.7238939952003
 72
     1
 10
-730.0000000000582
 20
-151.2761060048069
 11
-730.0000000000582
 21
148.7238939951931
 97
        1
330
EC2
 75
     1
 76
     1
 98
        1
 10
0.0
 20
0.0
450
        0
451
        0
460
0.0
461
1.0
452
        0
462
0.0
453
        2
463
0.0
 63
     5
421
      255
463
1.0
 63
     2
421
 16776960
470
LINEAR
1001
ACAD
1010
0.0
1020
0.0
1030
0.0
1001
AcadAnnotative
1000
AnnotativeData
1002
{
1070
     1
1070
     0
1002
}
  0
INSERT
  5
ECE
330
38B
100
AcDbEntity
  8
SYMB
 62
     2
100
AcDbBlockReference
  2
BUS_CONN_DOT
 10
0.0
 20
0.0
 30
0.0
  0
INSERT
  5
ECF
330
38B
100
AcDbEntity
  8
SYMB
 62
     2
100
AcDbBlockReference
  2
BUS_CONN_DOT
 10
300.0
 20
-150.0
 30
0.0
  0
INSERT
  5
ED0
330
38B
100
AcDbEntity
  8
SYMB
 62
     2
100
AcDbBlockReference
  2
BUS_CONN_DOT
 10
599.9999999999709
 20
-300.0
 30
0.0
  0
CIRCLE
  5
ED1
330
38B
100
AcDbEntity
  8
SYMB
 62
     3
100
AcDbCircle
 10
-3824.952259768004
 20
-150.0
 30
0.0
 40
75.0
  0
LWPOLYLINE
  5
ED2
330
38B
100
AcDbEntity
  8
SYMB
 62
     3
100
AcDbPolyline
 90
        2
 70
     0
 43
50.0
 10
-3899.952259768004
 20
-150.0
 10
-3976.000000000029
 20
-150.0
  0
ENDBLK
  5
3B4
330
38B
100
AcDbEntity
  8
SYMB
100
AcDbBlockEnd
  0
BLOCK
  5
397
330
396
100
AcDbEntity
  8
SYMB
100
AcDbBlockBegin
  2
p3cb
 70
     0
 10
0.0
 20
0.0
 30
0.0
  3
p3cb
  1
Acad:XRef
  0
ARC
  5
398
330
396
100
AcDbEntity
  8
SYMB
100
AcDbCircle
 10
-0.0000000000145519
 20
142.635155298849
 30
0.0
 40
157.3648447011487
100
AcDbArc
 50
17.59843624812733
 51
162.4015637518676
  0
CIRCLE
  5
399
330
396
100
AcDbEntity
  8
SYMB
100
AcDbCircle
 10
-150.0
 20
150.0
 30
0.0
 40
40.21345232398524
  0
CIRCLE
  5
39A
330
396
100
AcDbEntity
  8
SYMB
100
AcDbCircle
 10
150.0
 20
150.0
 30
0.0
 40
40.21345232398524
  0
LINE
  5
39B
330
396
100
AcDbEntity
  8
SYMB
 62
     4
100
AcDbLine
 10
-20.0
 20
-1.276106004799658
 30
0.0
 11
-20.0
 21
298.7238939952003
 31
0.0
  0
LINE
  5
39C
330
396
100
AcDbEntity
  8
SYMB
 62
     4
100
AcDbLine
 10
20.0
 20
-1.276106004806934
 30
0.0
 11
20.0
 21
298.7238939951931
 31
0.0
  0
ARC
  5
39D
330
396
100
AcDbEntity
  8
SYMB
100
AcDbCircle
 10
-0.0000000000145519
 20
-7.364844701151014
 30
0.0
 40
157.3648447011487
100
AcDbArc
 50
17.59843624812733
 51
162.4015637518676
  0
CIRCLE
  5
39E
330
396
100
AcDbEntity
  8
SYMB
100
AcDbCircle
 10
-150.0
 20
0.0
 30
0.0
 40
40.21345232398524
  0
CIRCLE
  5
39F
330
396
100
AcDbEntity
  8
SYMB
100
AcDbCircle
 10
150.0
 20
0.0
 30
0.0
 40
40.21345232398524
  0
ARC
  5
3A0
330
396
100
AcDbEntity
  8
SYMB
100
AcDbCircle
 10
-0.0000000000145519
 20
-157.364844701151
 30
0.0
 40
157.3648447011487
100
AcDbArc
 50
17.59843624812733
 51
162.4015637518676
  0
CIRCLE
  5
3A1
330
396
100
AcDbEntity
  8
SYMB
100
AcDbCircle
 10
-150.0
 20
-150.0
 30
0.0
 40
40.21345232398524
  0
CIRCLE
  5
3A2
330
396
100
AcDbEntity
  8
SYMB
100
AcDbCircle
 10
150.0
 20
-150.0
 30
0.0
 40
40.21345232398524
  0
ENDBLK
  5
3A3
330
396
100
AcDbEntity
  8
SYMB
100
AcDbBlockEnd
  0
BLOCK
  5
3BE
330
3BB
100
AcDbEntity
  8
SYMB
100
AcDbBlockBegin
  2
3P3W_RIGHT_BRANCH_BREAKER
 70
     2
 10
0.0
 20
0.0
 30
0.0
  3
3P3W_RIGHT_BRANCH_BREAKER
  1
Acad:XRef
  0
LINE
  5
EF9
330
3BB
100
AcDbEntity
  8
1
 62
     1
100
AcDbLine
 10
0.0000000000291038
 20
0.0
 30
0.0
 11
1500.0
 21
0.0
 31
0.0
  0
LINE
  5
EFA
330
3BB
100
AcDbEntity
  8
1
 62
     1
100
AcDbLine
 10
300.0000000000291
 20
-150.0
 30
0.0
 11
1500.0
 21
-150.0
 31
0.0
  0
LINE
  5
EFB
330
3BB
100
AcDbEntity
  8
1
 62
     1
100
AcDbLine
 10
600.0
 20
-300.0
 30
0.0
 11
1500.0
 21
-300.0
 31
0.0
  0
LINE
  5
EFC
330
3BB
100
AcDbEntity
  8
1
 62
     1
100
AcDbLine
 10
2703.337782579882
 20
0.0
 30
0.0
 11
1800.0
 21
0.0
 31
0.0
  0
LINE
  5
EFD
330
3BB
100
AcDbEntity
  8
1
 62
     1
100
AcDbLine
 10
2703.337782579882
 20
-150.0
 30
0.0
 11
1800.0
 21
-150.0
 31
0.0
  0
LINE
  5
EFE
330
3BB
100
AcDbEntity
  8
1
 62
     1
100
AcDbLine
 10
2703.337782579882
 20
-300.0
 30
0.0
 11
1800.0
 21
-300.0
 31
0.0
  0
INSERT
  5
EFF
102
{ACAD_REACTORS
330
F0C
102
}
330
3BB
100
AcDbEntity
  8
SYMB
100
AcDbBlockReference
  2
p3cb
 10
1650.0
 20
-150.0
 30
0.0
  0
CIRCLE
  5
F00
330
3BB
100
AcDbEntity
  8
SYMB
 62
     3
100
AcDbCircle
 10
4728.337782579882
 20
-150.0
 30
0.0
 40
75.0
  0
LWPOLYLINE
  5
F01
330
3BB
100
AcDbEntity
  8
SYMB
 62
     3
100
AcDbPolyline
 90
        2
 70
     0
 43
50.0
 10
4803.337782579882
 20
-150.0
 10
4879.385522811906
 20
-150.0
  0
LWPOLYLINE
  5
F02
330
3BB
100
AcDbEntity
  8
2
 62
     4
100
AcDbPolyline
 90
        4
 70
     1
 43
0.0
 10
2703.337782579882
 20
-150.0
 10
3603.337782579882
 20
-150.0
 10
3603.337782579882
 20
75.0
 10
2703.337782579882
 20
75.0
  0
LWPOLYLINE
  5
F03
330
3BB
100
AcDbEntity
  8
2
 62
     4
100
AcDbPolyline
 90
        4
 70
     1
 43
0.0
 10
3153.337782579882
 20
-375.0
 10
2703.337782579882
 20
-375.0
 10
2703.337782579882
 20
-150.0
 10
3153.337782579882
 20
-150.0
  0
LWPOLYLINE
  5
F04
330
3BB
100
AcDbEntity
  8
2
 62
     4
100
AcDbPolyline
 90
        4
 70
     1
 43
0.0
 10
3603.337782579882
 20
-375.0
 10
3153.337782579882
 20
-375.0
 10
3153.337782579882
 20
-150.0
 10
3603.337782579882
 20
-150.0
  0
LWPOLYLINE
  5
F05
330
3BB
100
AcDbEntity
  8
2
 62
     4
100
AcDbPolyline
 90
        4
 70
     1
 43
0.0
 10
3603.337782579882
 20
-150.0
 10
4653.337782579882
 20
-150.0
 10
4653.337782579882
 20
75.0
 10
3603.337782579882
 20
75.0
  0
LWPOLYLINE
  5
F06
330
3BB
100
AcDbEntity
  8
2
 62
     4
100
AcDbPolyline
 90
        4
 70
     1
 43
0.0
 10
3603.337782579882
 20
-375.0
 10
4653.337782579882
 20
-375.0
 10
4653.337782579882
 20
-150.0
 10
3603.337782579882
 20
-150.0
  0
TEXT
  5
F07
330
3BB
100
AcDbEntity
  8
TXT
  6
Continuous
 62
     7
370
    -2
100
AcDbText
 10
3892.289888558143
 20
-100.0
 30
0.0
 40
125.0
  1
NAME
 41
0.95
  7
맑은고딕
 72
     1
 11
4128.337782579882
 21
-37.5
 31
0.0
100
AcDbText
 73
     2
  0
ATTDEF
  5
F08
330
3BB
100
AcDbEntity
  8
TXT
 62
     7
100
AcDbText
 10
3840.941807715751
 20
-325.0
 30
0.0
 40
125.0
  1
CIR_NO
 41
0.95
  7
맑은고딕
 72
     1
 11
4128.337782579882
 21
-262.5
 31
0.0
100
AcDbAttributeDefinition
  3

  2
CIR_NO
 70
     0
 74
     2
280
     1
  0
ATTDEF
  5
F09
330
3BB
100
AcDbEntity
  8
TXT
 62
     7
100
AcDbText
 10
2837.020696982056
 20
-100.0
 30
0.0
 40
125.0
  1
CB_TYPE
 41
0.95
  7
맑은고딕
 72
     1
 11
3153.337782579882
 21
-37.5
 31
0.0
100
AcDbAttributeDefinition
  3

  2
CB_TYPE
 70
     0
 74
     2
280
     1
  0
ATTDEF
  5
F0A
330
3BB
100
AcDbEntity
  8
TXT
 62
     7
100
AcDbText
 10
2832.781141954882
 20
-325.0
 30
0.0
 40
125.0
  1
AF
 41
0.95
  7
맑은고딕
 72
     1
 11
2928.337782579882
 21
-262.5
 31
0.0
100
AcDbAttributeDefinition
  3

  2
AF
 70
     0
 74
     2
280
     1
  0
ATTDEF
  5
F0B
330
3BB
100
AcDbEntity
  8
TXT
 62
     7
100
AcDbText
 10
3279.876929998361
 20
-325.0
 30
0.0
 40
125.0
  1
AT
 41
0.95
  7
맑은고딕
 72
     1
 11
3378.337782579882
 21
-262.5
 31
0.0
100
AcDbAttributeDefinition
  3

  2
AT
 70
     0
 74
     2
280
     1
  0
HATCH
  5
F0C
330
3BB
100
AcDbEntity
  8
0
 62
     2
440
 33554687
100
AcDbHatch
 10
0.0
 20
0.0
 30
0.0
210
0.0
220
0.0
230
1.0
  2
SOLID
 70
     1
 71
     1
 91
        7
 92
        1
 93
        1
 72
     2
 10
1800.0
 20
-300.0
 40
40.21345232398524
 50
0.0
 51
360.0
 73
     1
 97
        1
330
EFF
 92
        1
 93
        1
 72
     2
 10
1500.0
 20
-300.0
 40
40.21345232398524
 50
0.0
 51
360.0
 73
     1
 97
        1
330
EFF
 92
        1
 93
        1
 72
     2
 10
1800.0
 20
-150.0
 40
40.21345232398524
 50
0.0
 51
360.0
 73
     1
 97
        1
330
EFF
 92
        1
 93
        1
 72
     2
 10
1500.0
 20
-150.0
 40
40.21345232398524
 50
0.0
 51
360.0
 73
     1
 97
        1
330
EFF
 92
        1
 93
        1
 72
     2
 10
1800.0
 20
0.0
 40
40.21345232398524
 50
0.0
 51
360.0
 73
     1
 97
        1
330
EFF
 92
        1
 93
        1
 72
     2
 10
1500.0
 20
0.0
 40
40.21345232398524
 50
0.0
 51
360.0
 73
     1
 97
        1
330
EFF
 92
       33
 93
        5
 72
     2
 10
1649.999999999985
 20
-7.364844701150943
 40
157.3648447011487
 50
17.59843624812731
 51
162.4015637518676
 73
     1
 72
     1
 10
1630.0
 20
-151.2761060047997
 11
1630.0
 21
148.7238939952003
 72
     2
 10
1649.999999999985
 20
-157.364844701151
 40
157.3648447011487
 50
17.59843624812731
 51
162.4015637518676
 73
     1
 72
     1
 10
1670.0
 20
-151.2761060048069
 11
1670.0
 21
148.7238939951931
 72
     2
 10
1649.999999999985
 20
-307.364844701151
 40
157.3648447011487
 50
17.59843624812731
 51
162.4015637518676
 73
     1
 97
        1
330
EFF
 75
     1
 76
     1
 98
        1
 10
0.0
 20
0.0
450
        0
451
        0
460
0.0
461
1.0
452
        0
462
0.0
453
        2
463
0.0
 63
     5
421
      255
463
1.0
 63
     2
421
 16776960
470
LINEAR
1001
ACAD
1010
0.0
1020
0.0
1030
0.0
1001
AcadAnnotative
1000
AnnotativeData
1002
{
1070
     1
1070
     0
1002
}
  0
INSERT
  5
F0D
330
3BB
100
AcDbEntity
  8
SYMB
 62
     2
100
AcDbBlockReference
  2
BUS_CONN_DOT
 10
300.0000000000291
 20
-150.0
 30
0.0
  0
INSERT
  5
F0E
330
3BB
100
AcDbEntity
  8
SYMB
 62
     2
100
AcDbBlockReference
  2
BUS_CONN_DOT
 10
600.0
 20
-300.0
 30
0.0
  0
INSERT
  5
F0F
330
3BB
100
AcDbEntity
  8
SYMB
 62
     2
100
AcDbBlockReference
  2
BUS_CONN_DOT
 10
0.0000000000291038
 20
0.0
 30
0.0
  0
ENDBLK
  5
3D6
330
3BB
100
AcDbEntity
  8
SYMB
100
AcDbBlockEnd
  0
BLOCK
  5
3E0
330
3DD
100
AcDbEntity
  8
SYMB
100
AcDbBlockBegin
  2
1P2W_LEFT_BRANCH_BREAKER
 70
     2
 10
0.0
 20
0.0
 30
0.0
  3
1P2W_LEFT_BRANCH_BREAKER
  1
Acad:XRef
  0
LINE
  5
F64
330
3DD
100
AcDbEntity
  8
1
 62
     1
100
AcDbLine
 10
-899.9999999999709
 20
0.0
 30
0.0
 11
-1799.999999999971
 21
0.0
 31
0.0
  0
LINE
  5
F65
330
3DD
100
AcDbEntity
  8
1
 62
     1
100
AcDbLine
 10
-899.9999999999709
 20
-150.0
 30
0.0
 11
-1799.999999999971
 21
-150.0
 31
0.0
  0
INSERT
  5
F66
102
{ACAD_REACTORS
330
F75
102
}
330
3DD
100
AcDbEntity
  8
SYMB
100
AcDbBlockReference
  2
p2cb
 10
-750.0
 20
-75.0
 30
0.0
  0
CIRCLE
  5
F67
330
3DD
100
AcDbEntity
  8
SYMB
 62
     3
100
AcDbCircle
 10
-3824.952259767946
 20
-75.0
 30
0.0
 40
75.0
  0
LWPOLYLINE
  5
F68
330
3DD
100
AcDbEntity
  8
SYMB
 62
     3
100
AcDbPolyline
 90
        2
 70
     0
 43
50.0
 10
-3899.952259767946
 20
-75.0
 10
-3975.999999999971
 20
-75.0
  0
LINE
  5
F69
330
3DD
100
AcDbEntity
  8
1
 62
     1
100
AcDbLine
 10
-600.0
 20
0.0
 30
0.0
 11
0.0
 21
0.0
 31
0.0
  0
LINE
  5
F6A
330
3DD
100
AcDbEntity
  8
1
 62
     1
100
AcDbLine
 10
-600.0
 20
-150.0
 30
0.0
 11
900.0000000000291
 21
-150.0
 31
0.0
  0
LWPOLYLINE
  5
F6B
330
3DD
100
AcDbEntity
  8
2
 62
     4
100
AcDbPolyline
 90
        4
 70
     1
 43
0.0
 10
-2699.999999999971
 20
-75.0
 10
-1799.999999999971
 20
-75.0
 10
-1799.999999999971
 20
150.0
 10
-2699.999999999971
 20
150.0
  0
LWPOLYLINE
  5
F6C
330
3DD
100
AcDbEntity
  8
2
 62
     4
100
AcDbPolyline
 90
        4
 70
     1
 43
0.0
 10
-2249.999999999971
 20
-300.0
 10
-2699.999999999971
 20
-300.0
 10
-2699.999999999971
 20
-75.0
 10
-2249.999999999971
 20
-75.0
  0
LWPOLYLINE
  5
F6D
330
3DD
100
AcDbEntity
  8
2
 62
     4
100
AcDbPolyline
 90
        4
 70
     1
 43
0.0
 10
-1799.999999999971
 20
-300.0
 10
-2249.999999999971
 20
-300.0
 10
-2249.999999999971
 20
-75.0
 10
-1799.999999999971
 20
-75.0
  0
LWPOLYLINE
  5
F6E
330
3DD
100
AcDbEntity
  8
2
 62
     4
100
AcDbPolyline
 90
        4
 70
     1
 43
0.0
 10
-3749.999999999971
 20
-75.0
 10
-2699.999999999971
 20
-75.0
 10
-2699.999999999971
 20
150.0
 10
-3749.999999999971
 20
150.0
  0
LWPOLYLINE
  5
F6F
330
3DD
100
AcDbEntity
  8
2
 62
     4
100
AcDbPolyline
 90
        4
 70
     1
 43
0.0
 10
-3749.999999999971
 20
-300.0
 10
-2699.999999999971
 20
-300.0
 10
-2699.999999999971
 20
-75.0
 10
-3749.999999999971
 20
-75.0
  0
TEXT
  5
F70
330
3DD
100
AcDbEntity
  8
TXT
  6
Continuous
 62
     7
370
    -2
100
AcDbText
 10
-3461.04789402171
 20
-25.0
 30
0.0
 40
125.0
  1
NAME
 41
0.95
  7
맑은고딕
 72
     1
 11
-3224.999999999971
 21
37.5
 31
0.0
100
AcDbText
 73
     2
  0
ATTDEF
  5
F71
330
3DD
100
AcDbEntity
  8
TXT
 62
     7
100
AcDbText
 10
-3512.395974864101
 20
-250.0
 30
0.0
 40
125.0
  1
CIR_NO
 41
0.95
  7
맑은고딕
 72
     1
 11
-3224.999999999971
 21
-187.5
 31
0.0
100
AcDbAttributeDefinition
  3

  2
CIR_NO
 70
     0
 74
     2
280
     1
  0
ATTDEF
  5
F72
330
3DD
100
AcDbEntity
  8
TXT
 62
     7
100
AcDbText
 10
-2566.317085597797
 20
-25.0
 30
0.0
 40
125.0
  1
CB_TYPE
 41
0.95
  7
맑은고딕
 72
     1
 11
-2249.999999999971
 21
37.5
 31
0.0
100
AcDbAttributeDefinition
  3

  2
CB_TYPE
 70
     0
 74
     2
280
     1
  0
ATTDEF
  5
F73
330
3DD
100
AcDbEntity
  8
TXT
 62
     7
100
AcDbText
 10
-2570.556640624971
 20
-250.0
 30
0.0
 40
125.0
  1
AF
 41
0.95
  7
맑은고딕
 72
     1
 11
-2474.999999999971
 21
-187.5
 31
0.0
100
AcDbAttributeDefinition
  3

  2
AF
 70
     0
 74
     2
280
     1
  0
ATTDEF
  5
F74
330
3DD
100
AcDbEntity
  8
TXT
 62
     7
100
AcDbText
 10
-2123.460852581492
 20
-250.0
 30
0.0
 40
125.0
  1
AT
 41
0.95
  7
맑은고딕
 72
     1
 11
-2024.999999999971
 21
-187.5
 31
0.0
100
AcDbAttributeDefinition
  3

  2
AT
 70
     0
 74
     2
280
     1
  0
HATCH
  5
F75
330
3DD
100
AcDbEntity
  8
0
 62
     2
440
 33554687
100
AcDbHatch
 10
0.0
 20
0.0
 30
0.0
210
0.0
220
0.0
230
1.0
  2
SOLID
 70
     1
 71
     1
 91
        5
 92
        1
 93
        1
 72
     2
 10
-600.0
 20
-150.0
 40
40.21345232398524
 50
0.0
 51
360.0
 73
     1
 97
        1
330
F66
 92
        1
 93
        1
 72
     2
 10
-900.0
 20
-150.0
 40
40.21345232398524
 50
0.0
 51
360.0
 73
     1
 97
        1
330
F66
 92
        1
 93
        1
 72
     2
 10
-600.0
 20
0.0
 40
40.21345232398524
 50
0.0
 51
360.0
 73
     1
 97
        1
330
F66
 92
        1
 93
        1
 72
     2
 10
-900.0
 20
0.0
 40
40.21345232398524
 50
0.0
 51
360.0
 73
     1
 97
        1
330
F66
 92
       33
 93
        4
 72
     2
 10
-750.0000000000146
 20
-157.3648447011511
 40
157.3648447011487
 50
17.59843624812733
 51
162.4015637518676
 73
     1
 72
     2
 10
-750.0000000000146
 20
-7.364844701151057
 40
157.3648447011487
 50
17.59843624812733
 51
162.4015637518676
 73
     1
 72
     1
 10
-770.0
 20
-1.276106004799658
 11
-770.0
 21
148.7238939952003
 72
     1
 10
-730.0
 20
-1.276106004806934
 11
-730.0
 21
148.7238939951931
 97
        1
330
F66
 75
     1
 76
     1
 98
        1
 10
0.0
 20
0.0
450
        0
451
        0
460
0.0
461
1.0
452
        0
462
0.0
453
        2
463
0.0
 63
     5
421
      255
463
1.0
 63
     2
421
 16776960
470
LINEAR
1001
ACAD
1010
0.0
1020
0.0
1030
0.0
1001
AcadAnnotative
1000
AnnotativeData
1002
{
1070
     1
1070
     0
1002
}
  0
ENDBLK
  5
3FE
330
3DD
100
AcDbEntity
  8
SYMB
100
AcDbBlockEnd
  0
BLOCK
  5
3E5
330
3E4
100
AcDbEntity
  8
SYMB
100
AcDbBlockBegin
  2
p2cb
 70
     0
 10
0.0
 20
0.0
 30
0.0
  3
p2cb
  1
Acad:XRef
  0
ARC
  5
3E6
330
3E4
100
AcDbEntity
  8
SYMB
100
AcDbCircle
 10
-0.0000000000145519
 20
67.63515529884899
 30
0.0
 40
157.3648447011487
100
AcDbArc
 50
17.59843624812733
 51
162.4015637518676
  0
CIRCLE
  5
3E7
330
3E4
100
AcDbEntity
  8
SYMB
100
AcDbCircle
 10
-150.0
 20
75.0
 30
0.0
 40
40.21345232398524
  0
CIRCLE
  5
3E8
330
3E4
100
AcDbEntity
  8
SYMB
100
AcDbCircle
 10
150.0
 20
75.0
 30
0.0
 40
40.21345232398524
  0
LINE
  5
3E9
330
3E4
100
AcDbEntity
  8
SYMB
 62
     4
100
AcDbLine
 10
-20.0
 20
73.72389399520034
 30
0.0
 11
-20.0
 21
223.7238939952003
 31
0.0
  0
LINE
  5
3EA
330
3E4
100
AcDbEntity
  8
SYMB
 62
     4
100
AcDbLine
 10
20.0
 20
73.72389399519307
 30
0.0
 11
20.0
 21
223.7238939951931
 31
0.0
  0
ARC
  5
3EB
330
3E4
100
AcDbEntity
  8
SYMB
100
AcDbCircle
 10
-0.0000000000145519
 20
-82.36484470115101
 30
0.0
 40
157.3648447011487
100
AcDbArc
 50
17.59843624812733
 51
162.4015637518676
  0
CIRCLE
  5
3EC
330
3E4
100
AcDbEntity
  8
SYMB
100
AcDbCircle
 10
-150.0
 20
-75.0
 30
0.0
 40
40.21345232398524
  0
CIRCLE
  5
3ED
330
3E4
100
AcDbEntity
  8
SYMB
100
AcDbCircle
 10
150.0
 20
-75.0
 30
0.0
 40
40.21345232398524
  0
ENDBLK
  5
3EE
330
3E4
100
AcDbEntity
  8
SYMB
100
AcDbBlockEnd
  0
BLOCK
  5
408
330
405
100
AcDbEntity
  8
SYMB
100
AcDbBlockBegin
  2
1P2W_RIGHT_BRANCH_BREAKER
 70
     2
 10
0.0
 20
0.0
 30
0.0
  3
1P2W_RIGHT_BRANCH_BREAKER
  1
Acad:XRef
  0
LINE
  5
F16
330
405
100
AcDbEntity
  8
1
 62
     1
100
AcDbLine
 10
0.0
 20
0.0
 30
0.0
 11
1500.000000000116
 21
0.0
 31
0.0
  0
LINE
  5
F17
330
405
100
AcDbEntity
  8
1
 62
     1
100
AcDbLine
 10
900.0000000000291
 20
-150.0
 30
0.0
 11
1500.000000000116
 21
-150.0
 31
0.0
  0
LINE
  5
F18
330
405
100
AcDbEntity
  8
1
 62
     1
100
AcDbLine
 10
2700.254921246553
 20
0.0
 30
0.0
 11
1800.000000000087
 21
0.0
 31
0.0000000000003614
  0
LINE
  5
F19
330
405
100
AcDbEntity
  8
1
 62
     1
100
AcDbLine
 10
2700.254921246553
 20
-150.0
 30
0.0
 11
1800.000000000087
 21
-150.0
 31
0.0000000000003614
  0
INSERT
  5
F1A
102
{ACAD_REACTORS
330
F27
102
}
330
405
100
AcDbEntity
  8
SYMB
100
AcDbBlockReference
  2
p2cb
 10
1650.000000000058
 20
-75.0
 30
0.0000000000003614
  0
CIRCLE
  5
F1B
330
405
100
AcDbEntity
  8
SYMB
 62
     3
100
AcDbCircle
 10
4725.254921246553
 20
-75.0
 30
0.0
 40
75.0
  0
LWPOLYLINE
  5
F1C
330
405
100
AcDbEntity
  8
SYMB
 62
     3
100
AcDbPolyline
 90
        2
 70
     0
 43
50.0
 10
4800.254921246553
 20
-75.0
 10
4876.302661478578
 20
-75.0
  0
LWPOLYLINE
  5
F1D
330
405
100
AcDbEntity
  8
2
 62
     4
100
AcDbPolyline
 90
        4
 70
     1
 43
0.0
 10
2700.254921246553
 20
-75.0
 10
3600.254921246553
 20
-75.0
 10
3600.254921246553
 20
150.0
 10
2700.254921246553
 20
150.0
  0
LWPOLYLINE
  5
F1E
330
405
100
AcDbEntity
  8
2
 62
     4
100
AcDbPolyline
 90
        4
 70
     1
 43
0.0
 10
3150.254921246553
 20
-300.0
 10
2700.254921246553
 20
-300.0
 10
2700.254921246553
 20
-75.0
 10
3150.254921246553
 20
-75.0
  0
LWPOLYLINE
  5
F1F
330
405
100
AcDbEntity
  8
2
 62
     4
100
AcDbPolyline
 90
        4
 70
     1
 43
0.0
 10
3600.254921246553
 20
-300.0
 10
3150.254921246553
 20
-300.0
 10
3150.254921246553
 20
-75.0
 10
3600.254921246553
 20
-75.0
  0
LWPOLYLINE
  5
F20
330
405
100
AcDbEntity
  8
2
 62
     4
100
AcDbPolyline
 90
        4
 70
     1
 43
0.0
 10
3600.254921246553
 20
-75.0
 10
4650.254921246553
 20
-75.0
 10
4650.254921246553
 20
150.0
 10
3600.254921246553
 20
150.0
  0
LWPOLYLINE
  5
F21
330
405
100
AcDbEntity
  8
2
 62
     4
100
AcDbPolyline
 90
        4
 70
     1
 43
0.0
 10
3600.254921246553
 20
-300.0
 10
4650.254921246553
 20
-300.0
 10
4650.254921246553
 20
-75.0
 10
3600.254921246553
 20
-75.0
  0
TEXT
  5
F22
330
405
100
AcDbEntity
  8
TXT
  6
Continuous
 62
     7
370
    -2
100
AcDbText
 10
3889.207027224814
 20
-25.0
 30
0.0
 40
125.0
  1
NAME
 41
0.95
  7
맑은고딕
 72
     1
 11
4125.254921246553
 21
37.5
 31
0.0
100
AcDbText
 73
     2
  0
ATTDEF
  5
F23
330
405
100
AcDbEntity
  8
TXT
 62
     7
100
AcDbText
 10
3837.858946382422
 20
-250.0
 30
0.0
 40
125.0
  1
CIR_NO
 41
0.95
  7
맑은고딕
 72
     1
 11
4125.254921246553
 21
-187.5
 31
0.0
100
AcDbAttributeDefinition
  3

  2
CIR_NO
 70
     0
 74
     2
280
     1
  0
ATTDEF
  5
F24
330
405
100
AcDbEntity
  8
TXT
 62
     7
100
AcDbText
 10
2833.937835648727
 20
-25.0
 30
0.0
 40
125.0
  1
CB_TYPE
 41
0.95
  7
맑은고딕
 72
     1
 11
3150.254921246553
 21
37.5
 31
0.0
100
AcDbAttributeDefinition
  3

  2
CB_TYPE
 70
     0
 74
     2
280
     1
  0
ATTDEF
  5
F25
330
405
100
AcDbEntity
  8
TXT
 62
     7
100
AcDbText
 10
2829.698280621553
 20
-250.0
 30
0.0
 40
125.0
  1
AF
 41
0.95
  7
맑은고딕
 72
     1
 11
2925.254921246553
 21
-187.5
 31
0.0
100
AcDbAttributeDefinition
  3

  2
AF
 70
     0
 74
     2
280
     1
  0
ATTDEF
  5
F26
330
405
100
AcDbEntity
  8
TXT
 62
     7
100
AcDbText
 10
3276.794068665031
 20
-250.0
 30
0.0
 40
125.0
  1
AT
 41
0.95
  7
맑은고딕
 72
     1
 11
3375.254921246553
 21
-187.5
 31
0.0
100
AcDbAttributeDefinition
  3

  2
AT
 70
     0
 74
     2
280
     1
  0
HATCH
  5
F27
330
405
100
AcDbEntity
  8
0
 62
     2
440
 33554687
100
AcDbHatch
 10
0.0
 20
0.0
 30
0.0
210
0.0
220
0.0
230
1.0
  2
SOLID
 70
     1
 71
     1
 91
        5
 92
        1
 93
        1
 72
     2
 10
1800.000000000058
 20
-150.0
 40
40.21345232398524
 50
0.0
 51
360.0
 73
     1
 97
        1
330
F1A
 92
        1
 93
        1
 72
     2
 10
1500.000000000058
 20
-150.0
 40
40.21345232398524
 50
0.0
 51
360.0
 73
     1
 97
        1
330
F1A
 92
        1
 93
        1
 72
     2
 10
1800.000000000058
 20
0.0
 40
40.21345232398524
 50
0.0
 51
360.0
 73
     1
 97
        1
330
F1A
 92
        1
 93
        1
 72
     2
 10
1500.000000000058
 20
0.0
 40
40.21345232398524
 50
0.0
 51
360.0
 73
     1
 97
        1
330
F1A
 92
       33
 93
        4
 72
     2
 10
1650.000000000043
 20
-7.364844701150965
 40
157.3648447011487
 50
17.59843624812731
 51
162.4015637518676
 73
     1
 72
     1
 10
1630.000000000058
 20
-1.276106004799658
 11
1630.000000000058
 21
148.7238939952003
 72
     1
 10
1670.000000000058
 20
-1.276106004806934
 11
1670.000000000058
 21
148.7238939951931
 72
     2
 10
1650.000000000043
 20
-157.364844701151
 40
157.3648447011487
 50
17.59843624812731
 51
162.4015637518676
 73
     1
 97
        1
330
F1A
 75
     1
 76
     1
 98
        1
 10
0.0
 20
0.0
450
        0
451
        0
460
0.0
461
1.0
452
        0
462
0.0
453
        2
463
0.0
 63
     5
421
      255
463
1.0
 63
     2
421
 16776960
470
LINEAR
1001
ACAD
1010
0.0
1020
0.0
1030
0.0
1001
AcadAnnotative
1000
AnnotativeData
1002
{
1070
     1
1070
     0
1002
}
  0
ENDBLK
  5
41B
330
405
100
AcDbEntity
  8
SYMB
100
AcDbBlockEnd
  0
BLOCK
  5
423
330
422
100
AcDbEntity
  8
SYMB
100
AcDbBlockBegin
  2
PANEL_NAME
 70
     2
 10
0.0
 20
0.0
 30
0.0
  3
PANEL_NAME
  1
Acad:XRef
  0
LINE
  5
424
330
422
100
AcDbEntity
  8
5
 62
     2
 48
0.001
100
AcDbLine
 10
4996.338505243417
 20
900.0
 30
0.0000000000001421
 11
7625.518340200186
 21
900.0
 31
0.0000000000001421
  0
TEXT
  5
425
330
422
100
AcDbEntity
  8
TXT
 62
     7
100
AcDbText
 10
350.883152173913
 20
350.0
 30
0.0
 40
200.0
  1
PNL NAME
  7
맑은고딕
 72
     1
 11
1050.0
 21
450.0
 31
0.0
100
AcDbText
 73
     2
  0
LWPOLYLINE
  5
426
330
422
100
AcDbEntity
  8
5
 62
     2
100
AcDbPolyline
 90
        4
 70
     1
 43
0.0
 10
2100.0
 20
900.0
 10
2100.0
 20
0.0
 10
6750.0
 20
0.0
 10
6750.0
 20
900.0
  0
TEXT
  5
427
330
422
100
AcDbEntity
  8
TXT
  6
Continuous
 62
     7
370
    -2
100
AcDbText
 10
6960.54347826087
 20
695.0
 30
0.0
 40
110.0
  1
형      태
  7
맑은고딕
 72
     1
 11
7275.0
 21
750.0
 31
0.0
100
AcDbText
 73
     2
  0
TEXT
  5
428
330
422
100
AcDbEntity
  8
TXT
  6
Continuous
 62
     7
370
    -2
100
AcDbText
 10
6974.368206521739
 20
395.0
 30
0.0
 40
110.0
  1
D O O R
  7
맑은고딕
 72
     1
 11
7275.0
 21
450.0
 31
0.0
100
AcDbText
 73
     2
  0
TEXT
  5
429
330
422
100
AcDbEntity
  8
TXT
  6
Continuous
 62
     7
370
    -2
100
AcDbText
 10
6963.756793478261
 20
95.0
 30
0.0
 40
110.0
  1
B   O   X
  7
맑은고딕
 72
     1
 11
7275.0
 21
150.0
 31
0.0
100
AcDbText
 73
     2
  0
LWPOLYLINE
  5
42A
330
422
100
AcDbEntity
  8
5
 62
     2
100
AcDbPolyline
 90
        4
 70
     1
 43
0.0
 10
7800.0
 20
300.0
 10
6750.0
 20
300.0
 10
6750.0
 20
0.0
 10
7800.0
 20
0.0
  0
LWPOLYLINE
  5
42B
330
422
100
AcDbEntity
  8
5
 62
     2
100
AcDbPolyline
 90
        4
 70
     1
 43
0.0
 10
7800.0
 20
300.0
 10
8850.0
 20
300.0
 10
8850.0
 20
0.0
 10
7800.0
 20
0.0
  0
LWPOLYLINE
  5
42C
330
422
100
AcDbEntity
  8
5
 62
     2
100
AcDbPolyline
 90
        4
 70
     1
 43
0.0
 10
7800.0
 20
600.0
 10
6750.0
 20
600.0
 10
6750.0
 20
300.0
 10
7800.0
 20
300.0
  0
LWPOLYLINE
  5
42D
330
422
100
AcDbEntity
  8
5
 62
     2
100
AcDbPolyline
 90
        4
 70
     1
 43
0.0
 10
7800.0
 20
600.0
 10
8850.0
 20
600.0
 10
8850.0
 20
300.0
 10
7800.0
 20
300.0
  0
LWPOLYLINE
  5
42E
330
422
100
AcDbEntity
  8
5
 62
     2
100
AcDbPolyline
 90
        4
 70
     1
 43
0.0
 10
7800.0
 20
900.0
 10
6750.0
 20
900.0
 10
6750.0
 20
600.0
 10
7800.0
 20
600.0
  0
LWPOLYLINE
  5
42F
330
422
100
AcDbEntity
  8
5
 62
     2
100
AcDbPolyline
 90
        4
 70
     1
 43
0.0
 10
7800.0
 20
900.0
 10
8850.0
 20
900.0
 10
8850.0
 20
600.0
 10
7800.0
 20
600.0
  0
LWPOLYLINE
  5
430
330
422
100
AcDbEntity
  8
5
 62
     2
100
AcDbPolyline
 90
        4
 70
     1
 43
0.0
 10
2100.0
 20
900.0
 10
0.0
 20
900.0
 10
0.0
 20
0.0
 10
2100.0
 20
0.0
  0
ATTDEF
  5
431
330
422
100
AcDbEntity
  8
TXT
 62
     7
100
AcDbText
 10
3360.835597826087
 20
300.0
 30
0.0
 40
300.0
  1
PNL_NAME
  7
맑은고딕
 72
     1
 11
4425.0
 21
450.0
 31
0.0
100
AcDbAttributeDefinition
  3

  2
PNL_NAME
 70
     0
 74
     2
280
     1
  0
ATTDEF
  5
432
330
422
100
AcDbEntity
  8
TXT
 62
     7
100
AcDbText
 10
7870.951086956522
 20
695.0
 30
0.0
 40
110.0
  1
PNL_MOUNT
  7
맑은고딕
 72
     1
 11
8325.0
 21
750.0
 31
0.0
100
AcDbAttributeDefinition
  3

  2
PNL_MOUNT
 70
     0
 74
     2
280
     1
  0
ATTDEF
  5
433
330
422
100
AcDbEntity
  8
TXT
 62
     7
100
AcDbText
 10
7933.536005434783
 20
395.0
 30
0.0
 40
110.0
  1
PNL_DOOR
  7
맑은고딕
 72
     1
 11
8325.0
 21
450.0
 31
0.0
100
AcDbAttributeDefinition
  3

  2
PNL_DOOR
 70
     0
 74
     2
280
     1
  0
ATTDEF
  5
434
330
422
100
AcDbEntity
  8
TXT
 62
     7
100
AcDbText
 10
8003.631114130435
 20
95.0
 30
0.0
 40
110.0
  1
PNL_BOX
  7
맑은고딕
 72
     1
 11
8325.0
 21
150.0
 31
0.0
100
AcDbAttributeDefinition
  3

  2
PNL_BOX
 70
     0
 74
     2
280
     1
  0
ENDBLK
  5
435
330
422
100
AcDbEntity
  8
SYMB
100
AcDbBlockEnd
  0
BLOCK
  5
43D
330
43C
100
AcDbEntity
  8
SYMB
100
AcDbBlockBegin
  2
earth-panel
 70
     0
 10
0.0
 20
0.0
 30
0.0
  3
earth-panel
  1
Acad:XRef
  0
LINE
  5
43E
330
43C
100
AcDbEntity
  8
SYMB
100
AcDbLine
 10
150.0000000002328
 20
150.0000000006403
 30
0.0
 11
-149.9999999979045
 21
150.0000000006403
 31
0.0
  0
LINE
  5
43F
330
43C
100
AcDbEntity
  8
SYMB
100
AcDbLine
 10
112.5000000000873
 20
75.00000000110595
 30
0.0
 11
-112.5000000000873
 21
75.00000000110595
 31
0.0
  0
LINE
  5
440
330
43C
100
AcDbEntity
  8
SYMB
100
AcDbLine
 10
37.49999999662396
 20
0.0
 30
0.0
 11
-37.49999999662396
 21
0.0
 31
0.0
  0
LINE
  5
441
330
43C
100
AcDbEntity
  8
SYMB
100
AcDbLine
 10
-0.0000000004074536
 20
425.6430624176428
 30
0.0
 11
-0.0000000004074536
 21
150.0000000006403
 31
0.0
  0
ENDBLK
  5
442
330
43C
100
AcDbEntity
  8
SYMB
100
AcDbBlockEnd
  0
BLOCK
  5
445
330
444
100
AcDbEntity
  8
SYMB
100
AcDbBlockBegin
  2
3P4W_L_SYM_TIMER
 70
     0
 10
0.0
 20
0.0
 30
0.0
  3
3P4W_L_SYM_TIMER
  1
Acad:XRef
  0
TEXT
  5
446
330
444
100
AcDbEntity
  8
TXT
100
AcDbText
 10
-1877.630374544061
 20
112.5
 30
0.0
 40
75.0
  1
T
  7
SHT
 72
     1
 11
-1850.030374544061
 21
150.0
 31
0.0
100
AcDbText
 73
     2
  0
CIRCLE
  5
447
330
444
100
AcDbEntity
  8
2
 62
     4
100
AcDbCircle
 10
-1850.030374544061
 20
150.0
 30
-0.0000000000004336
 40
64.3757959482474
  0
TEXT
  5
448
330
444
100
AcDbEntity
  8
SYMB
 62
     7
100
AcDbText
 10
-2302.875818184596
 20
100.0
 30
0.0
 40
100.0
  1
TIMER
 41
0.9
  7
맑은고딕
 72
     1
 11
-2124.587774706335
 21
150.0
 31
0.0
100
AcDbText
 73
     2
  0
LINE
  5
449
330
444
100
AcDbEntity
  8
SYMB
100
AcDbLine
 10
-1644.398043432506
 20
94.3980434324767
 30
-0.0000000000004336
 11
-1755.601956567552
 21
205.601956567516
 31
-0.0000000000004336
  0
LINE
  5
44A
330
444
100
AcDbEntity
  8
SYMB
100
AcDbLine
 10
-1650.000000000029
 20
150.0
 30
-0.0000000000004336
 11
-1600.345421404258
 21
150.0
 31
-0.0000000000004336
  0
LWPOLYLINE
  5
44B
330
444
100
AcDbEntity
  8
SYMB
100
AcDbPolyline
 90
        4
 70
     1
 43
0.0
 10
-1600.000000000029
 20
0.0
 10
-1800.000000000029
 20
0.0
 10
-1800.000000000029
 20
-450.0
 10
-1600.000000000029
 20
-450.0
  0
LINE
  5
44C
330
444
100
AcDbEntity
  8
SYMB
100
AcDbLine
 10
-1700.000000000029
 20
100.0
 30
-0.0000000000004336
 11
-1700.000000000029
 21
0.0
 31
-0.0000000000004336
  0
CIRCLE
  5
44D
330
444
100
AcDbEntity
  8
SYMB
100
AcDbCircle
 10
-1700.000000000029
 20
150.0
 30
-0.0000000000004336
 40
50.0
  0
LWPOLYLINE
  5
44E
330
444
100
AcDbEntity
  8
SYMB
  6
Continuous
100
AcDbPolyline
 90
        4
 70
     1
 43
0.0
 10
-1600.345421404258
 20
99.99999999991269
 10
-1400.345421405684
 20
99.99999999991269
 10
-1400.345421405684
 20
200.0000000000873
 10
-1600.345421404258
 20
200.0000000000873
  0
CIRCLE
  5
44F
330
444
100
AcDbEntity
  8
SYMB
  6
Continuous
 62
     4
100
AcDbCircle
 10
-1450.345421409758
 20
149.9999999995634
 30
-0.0000000000004336
 40
50.00000000013578
  0
CIRCLE
  5
450
330
444
100
AcDbEntity
  8
SYMB
  6
Continuous
 62
     4
100
AcDbCircle
 10
-1550.345421409031
 20
149.9999999995634
 30
-0.0000000000004336
 40
50.00000000013578
  0
TEXT
  5
451
330
444
100
AcDbEntity
  8
SYMB
 62
     7
100
AcDbText
 10
-1367.304429986479
 20
101.4578017067834
 30
0.0
 40
100.0
  1
ON/OFF
 41
0.8
  7
맑은고딕
 72
     1
 11
-1161.108777812566
 21
151.4578017067834
 31
0.0
100
AcDbText
 73
     2
  0
WIPEOUT
  5
452
330
444
100
AcDbEntity
  8
SYMB
 62
     2
 92
      140
310
8C000000010000008400000006000000050000008000000000209CC0000000000000000000000000000000008000000000209CC0FFFFFFFFFF1F7CC0000000000000000080000000000099C0FFFFFFFFFF1F7CC0000000000000000080000000000099C0000000000000000000000000000000008000000000209CC0000000
310
00000000000000000000000000
100
AcDbWipeout
 90
        0
 10
-1800.000000000029
 20
-450.0
 30
0.0
 11
450.0
 21
0.0
 31
0.0
 12
0.0
 22
450.0
 32
0.0
 13
1.0
 23
1.0
340
0
 70
     7
280
     1
281
    50
282
    50
283
     0
360
0
 71
     2
 91
        5
 14
-0.5
 24
-0.5
 14
-0.5
 24
0.4999999999999999
 14
-0.0555555555555556
 24
0.4999999999999999
 14
-0.0555555555555556
 24
-0.5
 14
-0.5
 24
-0.5
  0
TEXT
  5
453
330
444
100
AcDbEntity
  8
SYMB
 62
     7
100
AcDbText
 10
-1763.790760869594
 20
-162.5
 30
0.0
 40
100.0
  1
M
  7
맑은고딕
 72
     1
 11
-1700.000000000029
 21
-112.5
 31
0.0
100
AcDbText
 73
     2
  0
TEXT
  5
454
330
444
100
AcDbEntity
  8
SYMB
 62
     7
100
AcDbText
 10
-1748.811141304377
 20
-387.5
 30
0.0
 40
100.0
  1
G
  7
맑은고딕
 72
     1
 11
-1700.000000000029
 21
-337.5
 31
0.0
100
AcDbText
 73
     2
  0
LINE
  5
455
330
444
100
AcDbEntity
  8
SYMB
100
AcDbLine
 10
-1750.000000000029
 20
150.0
 30
-0.0000000000004336
 11
-1785.654578595801
 21
150.0
 31
-0.0000000000004336
  0
ENDBLK
  5
456
330
444
100
AcDbEntity
  8
SYMB
100
AcDbBlockEnd
  0
BLOCK
  5
459
330
458
100
AcDbEntity
  8
SYMB
100
AcDbBlockBegin
  2
3P3W_L_SYM_TIMER
 70
     0
 10
0.0
 20
0.0
 30
0.0
  3
3P3W_L_SYM_TIMER
  1
Acad:XRef
  0
TEXT
  5
45A
330
458
100
AcDbEntity
  8
TXT
100
AcDbText
 10
-1876.547513210616
 20
187.5
 30
0.0
 40
75.0
  1
T
  7
SHT
 72
     1
 11
-1848.947513210616
 21
225.0
 31
0.0
100
AcDbText
 73
     2
  0
CIRCLE
  5
45B
330
458
100
AcDbEntity
  8
2
 62
     4
100
AcDbCircle
 10
-1848.947513210616
 20
225.0
 30
-0.0000000000004336
 40
64.3757959482474
  0
TEXT
  5
45C
330
458
100
AcDbEntity
  8
SYMB
 62
     7
100
AcDbText
 10
-2301.792956851151
 20
175.0
 30
0.0
 40
100.0
  1
TIMER
 41
0.9
  7
맑은고딕
 72
     1
 11
-2123.50491337289
 21
225.0
 31
0.0
100
AcDbText
 73
     2
  0
LINE
  5
45D
330
458
100
AcDbEntity
  8
SYMB
100
AcDbLine
 10
-1643.315182099061
 20
169.3980434324767
 30
-0.0000000000004336
 11
-1754.519095234107
 21
280.601956567516
 31
-0.0000000000004336
  0
LINE
  5
45E
330
458
100
AcDbEntity
  8
SYMB
100
AcDbLine
 10
-1648.917138666584
 20
225.0
 30
-0.0000000000004336
 11
-1599.262560070812
 21
225.0
 31
-0.0000000000004336
  0
LWPOLYLINE
  5
45F
330
458
100
AcDbEntity
  8
SYMB
100
AcDbPolyline
 90
        4
 70
     1
 43
0.0
 10
-1598.917138666584
 20
75.0
 10
-1798.917138666584
 20
75.0
 10
-1798.917138666584
 20
-375.0
 10
-1598.917138666584
 20
-375.0
  0
LINE
  5
460
330
458
100
AcDbEntity
  8
SYMB
100
AcDbLine
 10
-1698.917138666584
 20
175.0
 30
-0.0000000000004336
 11
-1698.917138666584
 21
75.0
 31
-0.0000000000004336
  0
CIRCLE
  5
461
330
458
100
AcDbEntity
  8
SYMB
100
AcDbCircle
 10
-1698.917138666584
 20
225.0
 30
-0.0000000000004336
 40
50.0
  0
LWPOLYLINE
  5
462
330
458
100
AcDbEntity
  8
SYMB
  6
Continuous
100
AcDbPolyline
 90
        4
 70
     1
 43
0.0
 10
-1599.262560070812
 20
174.9999999999127
 10
-1399.262560072239
 20
174.9999999999127
 10
-1399.262560072239
 20
275.0000000000873
 10
-1599.262560070812
 20
275.0000000000873
  0
CIRCLE
  5
463
330
458
100
AcDbEntity
  8
SYMB
  6
Continuous
 62
     4
100
AcDbCircle
 10
-1449.262560076313
 20
224.9999999995634
 30
-0.0000000000004336
 40
50.00000000013578
  0
CIRCLE
  5
464
330
458
100
AcDbEntity
  8
SYMB
  6
Continuous
 62
     4
100
AcDbCircle
 10
-1549.262560075585
 20
224.9999999995634
 30
-0.0000000000004336
 40
50.00000000013578
  0
TEXT
  5
465
330
458
100
AcDbEntity
  8
SYMB
 62
     7
100
AcDbText
 10
-1366.221568653033
 20
176.4578017067834
 30
0.0
 40
100.0
  1
ON/OFF
 41
0.8
  7
맑은고딕
 72
     1
 11
-1160.02591647912
 21
226.4578017067834
 31
0.0
100
AcDbText
 73
     2
  0
WIPEOUT
  5
466
330
458
100
AcDbEntity
  8
SYMB
 62
     2
 92
      140
310
8C00000001000000840000000600000005000000810B6626AB1B9CC00000000000C052400000000000000000810B6626AB1B9CC0FFFFFFFFFF6F77C00000000000000000800B6626ABFB98C0FFFFFFFFFF6F77C00000000000000000800B6626ABFB98C00000000000C052400000000000000000810B6626AB1B9CC0000000
310
0000C052400000000000000000
100
AcDbWipeout
 90
        0
 10
-1798.917138666584
 20
-374.9999999999999
 30
0.0
 11
449.9999999999999
 21
0.0
 31
0.0
 12
0.0
 22
449.9999999999999
 32
0.0
 13
1.0
 23
1.0
340
0
 70
     7
280
     1
281
    50
282
    50
283
     0
360
0
 71
     2
 91
        5
 14
-0.5000000000000004
 24
-0.5
 14
-0.5000000000000004
 24
0.5000000000000001
 14
-0.0555555555555558
 24
0.5000000000000001
 14
-0.0555555555555558
 24
-0.5
 14
-0.5000000000000004
 24
-0.5
  0
TEXT
  5
467
330
458
100
AcDbEntity
  8
SYMB
 62
     7
100
AcDbText
 10
-1762.707899536149
 20
-87.5
 30
0.0
 40
100.0
  1
M
  7
맑은고딕
 72
     1
 11
-1698.917138666584
 21
-37.5
 31
0.0
100
AcDbText
 73
     2
  0
TEXT
  5
468
330
458
100
AcDbEntity
  8
SYMB
 62
     7
100
AcDbText
 10
-1747.728279970932
 20
-312.5
 30
0.0
 40
100.0
  1
G
  7
맑은고딕
 72
     1
 11
-1698.917138666584
 21
-262.5
 31
0.0
100
AcDbText
 73
     2
  0
LINE
  5
469
330
458
100
AcDbEntity
  8
SYMB
100
AcDbLine
 10
-1748.917138666584
 20
225.0
 30
-0.0000000000004336
 11
-1784.571717262355
 21
225.0
 31
-0.0000000000004336
  0
ENDBLK
  5
46A
330
458
100
AcDbEntity
  8
SYMB
100
AcDbBlockEnd
  0
BLOCK
  5
46D
330
46C
100
AcDbEntity
  8
SYMB
100
AcDbBlockBegin
  2
1P2W_L_SYM_TIMER
 70
     0
 10
0.0
 20
0.0
 30
0.0
  3
1P2W_L_SYM_TIMER
  1
Acad:XRef
  0
TEXT
  5
46E
330
46C
100
AcDbEntity
  8
TXT
100
AcDbText
 10
-1877.630374544003
 20
262.5
 30
0.0
 40
75.0
  1
T
  7
SHT
 72
     1
 11
-1850.030374544003
 21
300.0
 31
0.0
100
AcDbText
 73
     2
  0
CIRCLE
  5
46F
330
46C
100
AcDbEntity
  8
2
 62
     4
100
AcDbCircle
 10
-1850.030374544003
 20
300.0
 30
-0.0000000000004336
 40
64.3757959482474
  0
TEXT
  5
470
330
46C
100
AcDbEntity
  8
SYMB
 62
     7
100
AcDbText
 10
-2302.875818184538
 20
250.0
 30
0.0
 40
100.0
  1
TIMER
 41
0.9
  7
맑은고딕
 72
     1
 11
-2124.587774706277
 21
300.0
 31
0.0
100
AcDbText
 73
     2
  0
LINE
  5
471
330
46C
100
AcDbEntity
  8
SYMB
100
AcDbLine
 10
-1644.398043432448
 20
244.3980434324767
 30
-0.0000000000004336
 11
-1755.601956567494
 21
355.601956567516
 31
-0.0000000000004336
  0
LINE
  5
472
330
46C
100
AcDbEntity
  8
SYMB
100
AcDbLine
 10
-1649.999999999971
 20
300.0
 30
-0.0000000000004336
 11
-1600.345421404199
 21
300.0
 31
-0.0000000000004336
  0
LWPOLYLINE
  5
473
330
46C
100
AcDbEntity
  8
SYMB
100
AcDbPolyline
 90
        4
 70
     1
 43
0.0
 10
-1599.999999999971
 20
150.0
 10
-1799.999999999971
 20
150.0
 10
-1799.999999999971
 20
-300.0
 10
-1599.999999999971
 20
-300.0
  0
LINE
  5
474
330
46C
100
AcDbEntity
  8
SYMB
100
AcDbLine
 10
-1699.999999999971
 20
250.0
 30
-0.0000000000004336
 11
-1699.999999999971
 21
150.0
 31
-0.0000000000004336
  0
CIRCLE
  5
475
330
46C
100
AcDbEntity
  8
SYMB
100
AcDbCircle
 10
-1699.999999999971
 20
300.0
 30
-0.0000000000004336
 40
50.0
  0
LWPOLYLINE
  5
476
330
46C
100
AcDbEntity
  8
SYMB
  6
Continuous
100
AcDbPolyline
 90
        4
 70
     1
 43
0.0
 10
-1600.345421404199
 20
249.9999999999127
 10
-1400.345421405626
 20
249.9999999999127
 10
-1400.345421405626
 20
350.0000000000873
 10
-1600.345421404199
 20
350.0000000000873
  0
CIRCLE
  5
477
330
46C
100
AcDbEntity
  8
SYMB
  6
Continuous
 62
     4
100
AcDbCircle
 10
-1450.3454214097
 20
299.9999999995634
 30
-0.0000000000004336
 40
50.00000000013578
  0
CIRCLE
  5
478
330
46C
100
AcDbEntity
  8
SYMB
  6
Continuous
 62
     4
100
AcDbCircle
 10
-1550.345421408972
 20
299.9999999995634
 30
-0.0000000000004336
 40
50.00000000013578
  0
TEXT
  5
479
330
46C
100
AcDbEntity
  8
SYMB
 62
     7
100
AcDbText
 10
-1367.30442998642
 20
251.4578017067834
 30
0.0
 40
100.0
  1
ON/OFF
 41
0.8
  7
맑은고딕
 72
     1
 11
-1161.108777812507
 21
301.4578017067834
 31
0.0
100
AcDbText
 73
     2
  0
WIPEOUT
  5
47A
330
46C
100
AcDbEntity
  8
SYMB
 62
     2
 92
      140
310
8C0000000100000084000000060000000500000080FFFFFFFF1F9CC00000000000C06240000000000000000080FFFFFFFF1F9CC0FFFFFFFFFFBF72C0000000000000000080FFFFFFFFFF98C0FFFFFFFFFFBF72C0000000000000000080FFFFFFFFFF98C00000000000C06240000000000000000080FFFFFFFF1F9CC0000000
310
0000C062400000000000000000
100
AcDbWipeout
 90
        0
 10
-1799.999999999971
 20
-300.0
 30
0.0
 11
450.0
 21
0.0
 31
0.0
 12
0.0
 22
450.0
 32
0.0
 13
1.0
 23
1.0
340
0
 70
     7
280
     1
281
    50
282
    50
283
     0
360
0
 71
     2
 91
        5
 14
-0.5
 24
-0.5
 14
-0.5
 24
0.4999999999999999
 14
-0.0555555555555556
 24
0.4999999999999999
 14
-0.0555555555555556
 24
-0.5
 14
-0.5
 24
-0.5
  0
TEXT
  5
47B
330
46C
100
AcDbEntity
  8
SYMB
 62
     7
100
AcDbText
 10
-1763.790760869536
 20
-12.5
 30
0.0
 40
100.0
  1
M
  7
맑은고딕
 72
     1
 11
-1699.999999999971
 21
37.5
 31
0.0
100
AcDbText
 73
     2
  0
TEXT
  5
47C
330
46C
100
AcDbEntity
  8
SYMB
 62
     7
100
AcDbText
 10
-1748.811141304319
 20
-237.5
 30
0.0
 40
100.0
  1
G
  7
맑은고딕
 72
     1
 11
-1699.999999999971
 21
-187.5
 31
0.0
100
AcDbText
 73
     2
  0
LINE
  5
47D
330
46C
100
AcDbEntity
  8
SYMB
100
AcDbLine
 10
-1749.999999999971
 20
300.0
 30
-0.0000000000004336
 11
-1785.654578595742
 21
300.0
 31
-0.0000000000004336
  0
ENDBLK
  5
47E
330
46C
100
AcDbEntity
  8
SYMB
100
AcDbBlockEnd
  0
BLOCK
  5
481
330
480
100
AcDbEntity
  8
SYMB
100
AcDbBlockBegin
  2
3P4W_L_SYM_ELB
 70
     0
 10
0.0
 20
0.0
 30
0.0
  3
3P4W_L_SYM_ELB
  1
Acad:XRef
  0
TEXT
  5
482
330
480
100
AcDbEntity
  8
SYMB
 62
     4
100
AcDbText
 10
-575.0514933281937
 20
-120.0
 30
0.0
 40
90.0
  1
15mA
  7
맑은고딕
 72
     1
 11
-409.7865476760198
 21
-75.0
 31
0.0
100
AcDbText
 73
     2
  0
LWPOLYLINE
  5
483
330
480
100
AcDbEntity
  8
SYMB
 62
     2
100
AcDbPolyline
 90
        4
 70
     1
 43
0.0
 10
-600.0000000000582
 20
-150.0
 10
-219.5730953520979
 20
-150.0
 10
-219.5730953520979
 20
0.0
 10
-600.0000000000582
 20
0.0
  0
ENDBLK
  5
484
330
480
100
AcDbEntity
  8
SYMB
100
AcDbBlockEnd
  0
BLOCK
  5
487
330
486
100
AcDbEntity
  8
SYMB
100
AcDbBlockBegin
  2
3P3W_L_SYM_ELB
 70
     0
 10
0.0
 20
0.0
 30
0.0
  3
3P3W_L_SYM_ELB
  1
Acad:XRef
  0
TEXT
  5
488
330
486
100
AcDbEntity
  8
SYMB
 62
     4
100
AcDbText
 10
-572.9686319947486
 20
-120.0
 30
0.0
 40
90.0
  1
15mA
  7
맑은고딕
 72
     1
 11
-407.7036863425747
 21
-75.0
 31
0.0
100
AcDbText
 73
     2
  0
LWPOLYLINE
  5
489
330
486
100
AcDbEntity
  8
SYMB
 62
     2
100
AcDbPolyline
 90
        4
 70
     1
 43
0.0
 10
-597.917138666613
 20
-150.0
 10
-217.4902340186527
 20
-150.0
 10
-217.4902340186527
 20
0.0
 10
-597.917138666613
 20
0.0
  0
ENDBLK
  5
48A
330
486
100
AcDbEntity
  8
SYMB
100
AcDbBlockEnd
  0
BLOCK
  5
48D
330
48C
100
AcDbEntity
  8
SYMB
100
AcDbBlockBegin
  2
1P2W_L_SYM_ELB
 70
     0
 10
0.0
 20
0.0
 30
0.0
  3
1P2W_L_SYM_ELB
  1
Acad:XRef
  0
TEXT
  5
48E
330
48C
100
AcDbEntity
  8
SYMB
 62
     4
100
AcDbText
 10
-575.0514933281355
 20
-120.0
 30
0.0
 40
90.0
  1
15mA
  7
맑은고딕
 72
     1
 11
-409.7865476759616
 21
-75.0
 31
0.0
100
AcDbText
 73
     2
  0
LWPOLYLINE
  5
48F
330
48C
100
AcDbEntity
  8
SYMB
 62
     2
100
AcDbPolyline
 90
        4
 70
     1
 43
0.0
 10
-600.0
 20
-150.0
 10
-219.5730953520397
 20
-150.0
 10
-219.5730953520397
 20
0.0
 10
-600.0
 20
0.0
  0
ENDBLK
  5
490
330
48C
100
AcDbEntity
  8
SYMB
100
AcDbBlockEnd
  0
BLOCK
  5
493
330
492
100
AcDbEntity
  8
SYMB
100
AcDbBlockBegin
  2
3P4W_R_SYM_ELB
 70
     0
 10
0.0
 20
0.0
 30
0.0
  3
3P4W_R_SYM_ELB
  1
Acad:XRef
  0
TEXT
  5
494
330
492
100
AcDbEntity
  8
SYMB
 62
     4
100
AcDbText
 10
1144.521602023875
 20
-120.0
 30
0.0
 40
90.0
  1
15mA
  7
맑은고딕
 72
     1
 11
1309.786547676049
 21
-75.0
 31
0.0
100
AcDbText
 73
     2
  0
LWPOLYLINE
  5
495
330
492
100
AcDbEntity
  8
SYMB
 62
     2
100
AcDbPolyline
 90
        4
 70
     1
 43
0.0
 10
1119.573095352011
 20
-150.0
 10
1499.999999999971
 20
-150.0
 10
1499.999999999971
 20
0.0
 10
1119.573095352011
 20
0.0
  0
ENDBLK
  5
496
330
492
100
AcDbEntity
  8
SYMB
100
AcDbBlockEnd
  0
BLOCK
  5
499
330
498
100
AcDbEntity
  8
SYMB
100
AcDbBlockBegin
  2
3P3W_R_SYM_ELB
 70
     0
 10
0.0
 20
0.0
 30
0.0
  3
3P3W_R_SYM_ELB
  1
Acad:XRef
  0
TEXT
  5
49A
330
498
100
AcDbEntity
  8
SYMB
 62
     4
100
AcDbText
 10
1146.60446335732
 20
-120.0
 30
0.0
 40
90.0
  1
15mA
  7
맑은고딕
 72
     1
 11
1311.869409009494
 21
-75.0
 31
0.0
100
AcDbText
 73
     2
  0
LWPOLYLINE
  5
49B
330
498
100
AcDbEntity
  8
SYMB
 62
     2
100
AcDbPolyline
 90
        4
 70
     1
 43
0.0
 10
1121.655956685456
 20
-150.0
 10
1502.082861333416
 20
-150.0
 10
1502.082861333416
 20
0.0
 10
1121.655956685456
 20
0.0
  0
ENDBLK
  5
49C
330
498
100
AcDbEntity
  8
SYMB
100
AcDbBlockEnd
  0
BLOCK
  5
49F
330
49E
100
AcDbEntity
  8
SYMB
100
AcDbBlockBegin
  2
1P2W_R_SYM_ELB
 70
     0
 10
0.0
 20
0.0
 30
0.0
  3
1P2W_R_SYM_ELB
  1
Acad:XRef
  0
TEXT
  5
4A0
330
49E
100
AcDbEntity
  8
SYMB
 62
     4
100
AcDbText
 10
1144.52160202402
 20
-120.0
 30
0.0
 40
90.0
  1
15mA
  7
맑은고딕
 72
     1
 11
1309.786547676194
 21
-75.0
 31
0.0
100
AcDbText
 73
     2
  0
LWPOLYLINE
  5
4A1
330
49E
100
AcDbEntity
  8
SYMB
 62
     2
100
AcDbPolyline
 90
        4
 70
     1
 43
0.0
 10
1119.573095352156
 20
-150.0
 10
1500.000000000116
 20
-150.0
 10
1500.000000000116
 20
0.0
 10
1119.573095352156
 20
0.0
  0
ENDBLK
  5
4A2
330
49E
100
AcDbEntity
  8
SYMB
100
AcDbBlockEnd
  0
BLOCK
  5
4A5
330
4A4
100
AcDbEntity
  8
SYMB
100
AcDbBlockBegin
  2
1P2W_LEFT_SYM_REMOTE
 70
     0
 10
0.0
 20
0.0
 30
0.0
  3
1P2W_LEFT_SYM_REMOTE
  1
Acad:XRef
  0
LINE
  5
4A6
330
4A4
100
AcDbEntity
  8
SYMB
 62
     4
100
AcDbLine
 10
1.254921246494632
 20
675.0
 30
-0.0000000000019499
 11
-1198.745078747103
 21
675.0
 31
-0.0000000000012995
  0
LWPOLYLINE
  5
4A7
330
4A4
100
AcDbEntity
  8
SYMB
 62
     2
100
AcDbPolyline
 90
        4
 70
     1
 43
0.0
 10
1.254921246494632
 20
562.5
 10
901.2549212464946
 20
562.5
 10
901.2549212464946
 20
787.5
 10
1.254921246494632
 20
787.5
  0
LWPOLYLINE
  5
4A8
330
4A4
100
AcDbEntity
  8
SYMB
  6
Continuous
100
AcDbPolyline
 90
        4
 70
     1
 43
0.0
 10
-1498.745078745007
 20
600.0000000005239
 10
-1198.745078747103
 20
600.0000000005239
 10
-1198.745078747103
 20
750.0000000007858
 10
-1498.745078745007
 20
750.0000000007858
  0
CIRCLE
  5
4A9
330
4A4
100
AcDbEntity
  8
SYMB
  6
Continuous
 62
     4
100
AcDbCircle
 10
-1273.745078753243
 20
675.0
 30
-0.0000000000019499
 40
75.00000000020367
  0
CIRCLE
  5
4AA
330
4A4
100
AcDbEntity
  8
SYMB
  6
Continuous
 62
     4
100
AcDbCircle
 10
-1423.745078752167
 20
675.0
 30
-0.0000000000019499
 40
75.00000000020367
  0
TEXT
  5
4AB
330
4A4
100
AcDbEntity
  8
SYMB
 62
     7
100
AcDbText
 10
-1717.671709178859
 20
800.0000000008731
 30
0.0
 40
100.0
  1
일괄소등S/W
 41
0.9
  7
맑은고딕
 72
     1
 11
-1348.745078744076
 21
850.0000000008731
 31
0.0
100
AcDbText
 73
     2
  0
WIPEOUT
  5
4AC
330
4A4
100
AcDbEntity
  8
SYMB
 62
     4
 92
      140
310
8C0000000100000084000000060000000500000000000A4D2814F43FC0FFFFFFFF9B8840E6135EB59A4D74BD00000A4D2814F43FC0FFFFFFFF938140E6135EB59A4D74BD008526140A2A8C40C0FFFFFFFF938140E6135EB59A4D74BD008526140A2A8C40C0FFFFFFFF9B8840E6135EB59A4D74BD00000A4D2814F43FC0FFFF
310
FFFF9B8840E6135EB59A4D74BD
100
AcDbWipeout
 90
        0
 10
1.254921246465528
 20
562.4999999999927
 30
-0.0000000000011541
 11
900.0
 21
0.0
 31
0.0
 12
0.0
 22
900.0
 32
0.0
 13
1.0
 23
1.0
340
0
 70
     7
280
     1
281
    50
282
    50
283
     0
360
0
 71
     2
 91
        5
 14
-0.5
 24
0.25
 14
-0.5
 24
0.5
 14
0.5
 24
0.5
 14
0.5
 24
0.25
 14
-0.5
 24
0.25
  0
TEXT
  5
4AD
330
4A4
100
AcDbEntity
  8
SYMB
  6
Continuous
370
    -2
100
AcDbText
 10
138.9281549421468
 20
620.0
 30
0.0
 40
110.0
  1
M.G S/W
  7
맑은고딕
 72
     1
 11
451.2549212464946
 21
675.0
 31
0.0
100
AcDbText
 73
     2
  0
ENDBLK
  5
4AE
330
4A4
100
AcDbEntity
  8
SYMB
100
AcDbBlockEnd
  0
BLOCK
  5
4B1
330
4B0
100
AcDbEntity
  8
SYMB
100
AcDbBlockBegin
  2
1P2W_RIGHT_SYM_REMOTE
 70
     0
 10
0.0
 20
0.0
 30
0.0
  3
1P2W_RIGHT_SYM_REMOTE
  1
Acad:XRef
  0
LINE
  5
4B2
330
4B0
100
AcDbEntity
  8
SYMB
 62
     4
100
AcDbLine
 10
0.0
 20
675.0
 30
-0.0000000000007933
 11
-1199.999999993626
 21
675.0
 31
-0.0000000000001429
  0
LWPOLYLINE
  5
4B3
330
4B0
100
AcDbEntity
  8
SYMB
 62
     2
100
AcDbPolyline
 90
        4
 70
     1
 43
0.0
 10
0.0
 20
562.5
 10
900.0
 20
562.5
 10
900.0
 20
787.5
 10
0.0
 20
787.5
  0
LWPOLYLINE
  5
4B4
330
4B0
100
AcDbEntity
  8
SYMB
  6
Continuous
100
AcDbPolyline
 90
        4
 70
     1
 43
0.0
 10
-1499.999999991502
 20
600.0000000005239
 10
-1199.999999993626
 20
600.0000000005239
 10
-1199.999999993626
 20
750.0000000007858
 10
-1499.999999991502
 20
750.0000000007858
  0
CIRCLE
  5
4B5
330
4B0
100
AcDbEntity
  8
SYMB
  6
Continuous
 62
     4
100
AcDbCircle
 10
-1274.999999999738
 20
675.0
 30
-0.0000000000007933
 40
75.00000000020367
  0
CIRCLE
  5
4B6
330
4B0
100
AcDbEntity
  8
SYMB
  6
Continuous
 62
     4
100
AcDbCircle
 10
-1424.999999998632
 20
675.0
 30
-0.0000000000007933
 40
75.00000000020367
  0
TEXT
  5
4B7
330
4B0
100
AcDbEntity
  8
SYMB
 62
     7
100
AcDbText
 10
-1718.926630425352
 20
800.0000000008731
 30
0.0
 40
100.0
  1
일괄소등S/W
 41
0.9
  7
맑은고딕
 72
     1
 11
-1349.99999999057
 21
850.0000000008731
 31
0.0
100
AcDbText
 73
     2
  0
WIPEOUT
  5
4B8
330
4B0
100
AcDbEntity
  8
SYMB
 62
     4
 92
      140
310
8C00000001000000840000000600000005000000000000000000C0BDC0FFFFFFFF9B88409B2BA1869B84E63C000000000000C0BDC0FFFFFFFF9381409B2BA1869B84E63C00FFFFFFFF1F8C40C0FFFFFFFF9381409B2BA1869B84E63C00FFFFFFFF1F8C40C0FFFFFFFF9B88409B2BA1869B84E63C000000000000C0BDC0FFFF
310
FFFF9B88409B2BA1869B84E63C
100
AcDbWipeout
 90
        0
 10
-0.0000000000291038
 20
562.4999999999927
 30
0.0000000000000025
 11
900.0
 21
0.0
 31
0.0
 12
0.0
 22
900.0
 32
0.0
 13
1.0
 23
1.0
340
0
 70
     7
280
     1
281
    50
282
    50
283
     0
360
0
 71
     2
 91
        5
 14
-0.5
 24
0.25
 14
-0.5
 24
0.5
 14
0.5
 24
0.5
 14
0.5
 24
0.25
 14
-0.5
 24
0.25
  0
TEXT
  5
4B9
330
4B0
100
AcDbEntity
  8
SYMB
  6
Continuous
370
    -2
100
AcDbText
 10
137.6732336956522
 20
620.0
 30
0.0
 40
110.0
  1
M.G S/W
  7
맑은고딕
 72
     1
 11
450.0
 21
675.0
 31
0.0
100
AcDbText
 73
     2
  0
ENDBLK
  5
4BA
330
4B0
100
AcDbEntity
  8
SYMB
100
AcDbBlockEnd
  0
BLOCK
  5
4E7
330
4E6
100
AcDbEntity
  8
SYMB
100
AcDbBlockBegin
  2
3P4W_L_SYM_ONOFF
 70
     0
 10
0.0
 20
0.0
 30
0.0
  3
3P4W_L_SYM_ONOFF
  1
Acad:XRef
  0
LINE
  5
4E8
330
4E6
100
AcDbEntity
  8
SYMB
100
AcDbLine
 10
-1643.143122186128
 20
94.3980434324767
 30
-0.0000000000010006
 11
-1754.347035321174
 21
205.601956567516
 31
-0.0000000000010006
  0
LINE
  5
4E9
330
4E6
100
AcDbEntity
  8
SYMB
100
AcDbLine
 10
-1648.745078753651
 20
150.0
 30
-0.0000000000010006
 11
-1599.090500157879
 21
150.0
 31
-0.0000000000010006
  0
LWPOLYLINE
  5
4EA
330
4E6
100
AcDbEntity
  8
SYMB
100
AcDbPolyline
 90
        4
 70
     1
 43
0.0
 10
-1598.745078753651
 20
0.0
 10
-1798.745078753651
 20
0.0
 10
-1798.745078753651
 20
-450.0
 10
-1598.745078753651
 20
-450.0
  0
LINE
  5
4EB
330
4E6
100
AcDbEntity
  8
SYMB
100
AcDbLine
 10
-1698.745078753651
 20
100.0
 30
-0.0000000000010006
 11
-1698.745078753651
 21
0.0
 31
-0.0000000000010006
  0
CIRCLE
  5
4EC
330
4E6
100
AcDbEntity
  8
SYMB
100
AcDbCircle
 10
-1698.745078753651
 20
150.0
 30
-0.0000000000010006
 40
50.0
  0
LWPOLYLINE
  5
4ED
330
4E6
100
AcDbEntity
  8
SYMB
  6
Continuous
100
AcDbPolyline
 90
        4
 70
     1
 43
0.0
 10
-1599.090500157879
 20
99.99999999991269
 10
-1399.090500159306
 20
99.99999999991269
 10
-1399.090500159306
 20
200.0000000000873
 10
-1599.090500157879
 20
200.0000000000873
  0
CIRCLE
  5
4EE
330
4E6
100
AcDbEntity
  8
SYMB
  6
Continuous
 62
     4
100
AcDbCircle
 10
-1449.09050016338
 20
149.9999999995634
 30
-0.0000000000010006
 40
50.00000000013578
  0
CIRCLE
  5
4EF
330
4E6
100
AcDbEntity
  8
SYMB
  6
Continuous
 62
     4
100
AcDbCircle
 10
-1549.090500162652
 20
149.9999999995634
 30
-0.0000000000010006
 40
50.00000000013578
  0
TEXT
  5
4F0
330
4E6
100
AcDbEntity
  8
SYMB
 62
     7
100
AcDbText
 10
-1366.0495087401
 20
101.4578017067834
 30
0.0
 40
100.0
  1
ON/OFF
 41
0.8
  7
맑은고딕
 72
     1
 11
-1159.853856566187
 21
151.4578017067834
 31
0.0
100
AcDbText
 73
     2
  0
WIPEOUT
  5
4F1
330
4E6
100
AcDbEntity
  8
SYMB
 62
     2
 92
      140
310
8C0000000100000084000000060000000500000082BFECF5FA1A9CC000000000000040BDD52F79FC14F363BD82BFECF5FA1A9CC00200000000207CC0D52F79FC14F363BD83BFECF5FAFA98C00200000000207CC0D52F79FC14F363BD83BFECF5FAFA98C000000000000040BDD52F79FC14F363BD82BFECF5FA1A9CC0000000
310
00000040BDD52F79FC14F363BD
100
AcDbWipeout
 90
        0
 10
-1798.745078753651
 20
-450.0
 30
-0.000000000000567
 11
449.9999999999999
 21
0.0
 31
0.0
 12
0.0
 22
449.9999999999999
 32
0.0
 13
1.0
 23
1.0
340
0
 70
     7
280
     1
281
    50
282
    50
283
     0
360
0
 71
     2
 91
        5
 14
-0.5000000000000013
 24
-0.5
 14
-0.5000000000000013
 24
0.5000000000000002
 14
-0.0555555555555571
 24
0.5000000000000002
 14
-0.0555555555555571
 24
-0.5
 14
-0.5000000000000013
 24
-0.5
  0
TEXT
  5
4F2
330
4E6
100
AcDbEntity
  8
SYMB
 62
     7
100
AcDbText
 10
-1762.535839623216
 20
-162.5
 30
0.0
 40
100.0
  1
M
  7
맑은고딕
 72
     1
 11
-1698.745078753651
 21
-112.5
 31
0.0
100
AcDbText
 73
     2
  0
TEXT
  5
4F3
330
4E6
100
AcDbEntity
  8
SYMB
 62
     7
100
AcDbText
 10
-1747.556220057999
 20
-387.5
 30
0.0
 40
100.0
  1
G
  7
맑은고딕
 72
     1
 11
-1698.745078753651
 21
-337.5
 31
0.0
100
AcDbText
 73
     2
  0
ENDBLK
  5
4F4
330
4E6
100
AcDbEntity
  8
SYMB
100
AcDbBlockEnd
  0
BLOCK
  5
4F7
330
4F6
100
AcDbEntity
  8
SYMB
100
AcDbBlockBegin
  2
3P3W_L_SYM_ONOFF
 70
     0
 10
0.0
 20
0.0
 30
0.0
  3
3P3W_L_SYM_ONOFF
  1
Acad:XRef
  0
LINE
  5
4F8
330
4F6
100
AcDbEntity
  8
SYMB
100
AcDbLine
 10
-1643.143122186128
 20
169.3980434324767
 30
-0.0000000000010007
 11
-1754.347035321174
 21
280.601956567516
 31
-0.0000000000010007
  0
LINE
  5
4F9
330
4F6
100
AcDbEntity
  8
SYMB
100
AcDbLine
 10
-1648.745078753651
 20
225.0
 30
-0.0000000000010007
 11
-1599.090500157879
 21
225.0
 31
-0.0000000000010007
  0
LWPOLYLINE
  5
4FA
330
4F6
100
AcDbEntity
  8
SYMB
100
AcDbPolyline
 90
        4
 70
     1
 43
0.0
 10
-1598.745078753651
 20
75.0
 10
-1798.745078753651
 20
75.0
 10
-1798.745078753651
 20
-375.0
 10
-1598.745078753651
 20
-375.0
  0
LINE
  5
4FB
330
4F6
100
AcDbEntity
  8
SYMB
100
AcDbLine
 10
-1698.745078753651
 20
175.0
 30
-0.0000000000010007
 11
-1698.745078753651
 21
75.0
 31
-0.0000000000010007
  0
CIRCLE
  5
4FC
330
4F6
100
AcDbEntity
  8
SYMB
100
AcDbCircle
 10
-1698.745078753651
 20
225.0
 30
-0.0000000000010007
 40
50.0
  0
LWPOLYLINE
  5
4FD
330
4F6
100
AcDbEntity
  8
SYMB
  6
Continuous
100
AcDbPolyline
 90
        4
 70
     1
 43
0.0
 10
-1599.090500157879
 20
174.9999999999127
 10
-1399.090500159306
 20
174.9999999999127
 10
-1399.090500159306
 20
275.0000000000873
 10
-1599.090500157879
 20
275.0000000000873
  0
CIRCLE
  5
4FE
330
4F6
100
AcDbEntity
  8
SYMB
  6
Continuous
 62
     4
100
AcDbCircle
 10
-1449.09050016338
 20
224.9999999995634
 30
-0.0000000000010007
 40
50.00000000013578
  0
CIRCLE
  5
4FF
330
4F6
100
AcDbEntity
  8
SYMB
  6
Continuous
 62
     4
100
AcDbCircle
 10
-1549.090500162652
 20
224.9999999995634
 30
-0.0000000000010007
 40
50.00000000013578
  0
TEXT
  5
500
330
4F6
100
AcDbEntity
  8
SYMB
 62
     7
100
AcDbText
 10
-1366.0495087401
 20
176.4578017067834
 30
0.0
 40
100.0
  1
ON/OFF
 41
0.8
  7
맑은고딕
 72
     1
 11
-1159.853856566187
 21
226.4578017067834
 31
0.0
100
AcDbText
 73
     2
  0
WIPEOUT
  5
501
330
4F6
100
AcDbEntity
  8
SYMB
 62
     2
 92
      140
310
8C0000000100000084000000060000000500000080BFECF5FA1A9CC00000000000C0524099EE0D92FBF363BD80BFECF5FA1A9CC0FFFFFFFFFF6F77C099EE0D92FBF363BD80BFECF5FAFA98C0FFFFFFFFFF6F77C099EE0D92FBF363BD80BFECF5FAFA98C00000000000C0524099EE0D92FBF363BD80BFECF5FA1A9CC0000000
310
0000C0524099EE0D92FBF363BD
100
AcDbWipeout
 90
        0
 10
-1798.745078753651
 20
-375.0
 30
-0.0000000000005671
 11
450.0
 21
0.0
 31
0.0
 12
0.0
 22
450.0
 32
0.0
 13
1.0
 23
1.0
340
0
 70
     7
280
     1
281
    50
282
    50
283
     0
360
0
 71
     2
 91
        5
 14
-0.5
 24
-0.5
 14
-0.5
 24
0.4999999999999999
 14
-0.0555555555555556
 24
0.4999999999999999
 14
-0.0555555555555556
 24
-0.5
 14
-0.5
 24
-0.5
  0
TEXT
  5
502
330
4F6
100
AcDbEntity
  8
SYMB
 62
     7
100
AcDbText
 10
-1762.535839623216
 20
-87.5
 30
0.0
 40
100.0
  1
M
  7
맑은고딕
 72
     1
 11
-1698.745078753651
 21
-37.5
 31
0.0
100
AcDbText
 73
     2
  0
TEXT
  5
503
330
4F6
100
AcDbEntity
  8
SYMB
 62
     7
100
AcDbText
 10
-1747.556220057999
 20
-312.5
 30
0.0
 40
100.0
  1
G
  7
맑은고딕
 72
     1
 11
-1698.745078753651
 21
-262.5
 31
0.0
100
AcDbText
 73
     2
  0
ENDBLK
  5
504
330
4F6
100
AcDbEntity
  8
SYMB
100
AcDbBlockEnd
  0
BLOCK
  5
507
330
506
100
AcDbEntity
  8
SYMB
100
AcDbBlockBegin
  2
1P2W_L_SYM_ONOFF
 70
     0
 10
0.0
 20
0.0
 30
0.0
  3
1P2W_L_SYM_ONOFF
  1
Acad:XRef
  0
LINE
  5
508
330
506
100
AcDbEntity
  8
SYMB
100
AcDbLine
 10
-1644.398043432448
 20
244.3980434324767
 30
-0.0000000000004335
 11
-1755.601956567494
 21
355.601956567516
 31
-0.0000000000004335
  0
LINE
  5
509
330
506
100
AcDbEntity
  8
SYMB
100
AcDbLine
 10
-1649.999999999971
 20
300.0
 30
-0.0000000000004335
 11
-1600.345421404199
 21
300.0
 31
-0.0000000000004335
  0
LWPOLYLINE
  5
50A
330
506
100
AcDbEntity
  8
SYMB
100
AcDbPolyline
 90
        4
 70
     1
 43
0.0
 10
-1599.999999999971
 20
150.0
 10
-1799.999999999971
 20
150.0
 10
-1799.999999999971
 20
-300.0
 10
-1599.999999999971
 20
-300.0
  0
LINE
  5
50B
330
506
100
AcDbEntity
  8
SYMB
100
AcDbLine
 10
-1699.999999999971
 20
250.0
 30
-0.0000000000004335
 11
-1699.999999999971
 21
150.0
 31
-0.0000000000004335
  0
CIRCLE
  5
50C
330
506
100
AcDbEntity
  8
SYMB
100
AcDbCircle
 10
-1699.999999999971
 20
300.0
 30
-0.0000000000004335
 40
50.0
  0
LWPOLYLINE
  5
50D
330
506
100
AcDbEntity
  8
SYMB
  6
Continuous
100
AcDbPolyline
 90
        4
 70
     1
 43
0.0
 10
-1600.345421404199
 20
249.9999999999127
 10
-1400.345421405626
 20
249.9999999999127
 10
-1400.345421405626
 20
350.0000000000873
 10
-1600.345421404199
 20
350.0000000000873
  0
CIRCLE
  5
50E
330
506
100
AcDbEntity
  8
SYMB
  6
Continuous
 62
     4
100
AcDbCircle
 10
-1450.3454214097
 20
299.9999999995634
 30
-0.0000000000004335
 40
50.00000000013578
  0
CIRCLE
  5
50F
330
506
100
AcDbEntity
  8
SYMB
  6
Continuous
 62
     4
100
AcDbCircle
 10
-1550.345421408972
 20
299.9999999995634
 30
-0.0000000000004335
 40
50.00000000013578
  0
TEXT
  5
510
330
506
100
AcDbEntity
  8
SYMB
 62
     7
100
AcDbText
 10
-1367.30442998642
 20
251.4578017067834
 30
0.0
 40
100.0
  1
ON/OFF
 41
0.8
  7
맑은고딕
 72
     1
 11
-1161.108777812507
 21
301.4578017067834
 31
0.0
100
AcDbText
 73
     2
  0
WIPEOUT
  5
511
330
506
100
AcDbEntity
  8
SYMB
 62
     2
 92
      140
310
8C0000000100000084000000060000000500000080FFFFFFFF1F9CC00000000000C06240BC89D897B2D29C3C80FFFFFFFF1F9CC0FFFFFFFFFFBF72C0BC89D897B2D29C3C80FFFFFFFFFF98C0FFFFFFFFFFBF72C0BC89D897B2D29C3C80FFFFFFFFFF98C00000000000C06240BC89D897B2D29C3C80FFFFFFFF1F9CC0000000
310
0000C06240BC89D897B2D29C3C
100
AcDbWipeout
 90
        0
 10
-1799.999999999971
 20
-300.0
 30
0.0000000000000001
 11
450.0
 21
0.0
 31
0.0
 12
0.0
 22
450.0
 32
0.0
 13
1.0
 23
1.0
340
0
 70
     7
280
     1
281
    50
282
    50
283
     0
360
0
 71
     2
 91
        5
 14
-0.5
 24
-0.5
 14
-0.5
 24
0.4999999999999999
 14
-0.0555555555555556
 24
0.4999999999999999
 14
-0.0555555555555556
 24
-0.5
 14
-0.5
 24
-0.5
  0
TEXT
  5
512
330
506
100
AcDbEntity
  8
SYMB
 62
     7
100
AcDbText
 10
-1763.790760869536
 20
-12.5
 30
0.0
 40
100.0
  1
M
  7
맑은고딕
 72
     1
 11
-1699.999999999971
 21
37.5
 31
0.0
100
AcDbText
 73
     2
  0
TEXT
  5
513
330
506
100
AcDbEntity
  8
SYMB
 62
     7
100
AcDbText
 10
-1748.811141304319
 20
-237.5
 30
0.0
 40
100.0
  1
G
  7
맑은고딕
 72
     1
 11
-1699.999999999971
 21
-187.5
 31
0.0
100
AcDbText
 73
     2
  0
ENDBLK
  5
514
330
506
100
AcDbEntity
  8
SYMB
100
AcDbBlockEnd
  0
BLOCK
  5
517
330
516
100
AcDbEntity
  8
SYMB
100
AcDbBlockBegin
  2
3P4W_R_SYM_TIMER
 70
     0
 10
0.0
 20
0.0
 30
0.0
  3
3P4W_R_SYM_TIMER
  1
Acad:XRef
  0
TEXT
  5
518
330
516
100
AcDbEntity
  8
TXT
100
AcDbText
 10
2423.879467948753
 20
112.5
 30
0.0
 40
75.0
  1
T
  7
SHT
 72
     1
 11
2451.479467948753
 21
150.0
 31
0.0
100
AcDbText
 73
     2
  0
CIRCLE
  5
519
330
516
100
AcDbEntity
  8
2
 62
     4
100
AcDbCircle
 10
2451.479467948753
 20
150.0
 30
-0.0000000000009789
 40
64.3757959482474
  0
TEXT
  5
51A
330
516
100
AcDbEntity
  8
SYMB
 62
     7
100
AcDbText
 10
1998.634024308219
 20
100.0
 30
0.0
 40
100.0
  1
TIMER
 41
0.9
  7
맑은고딕
 72
     1
 11
2176.92206778648
 21
150.0
 31
0.0
100
AcDbText
 73
     2
  0
LINE
  5
51B
330
516
100
AcDbEntity
  8
SYMB
100
AcDbLine
 10
2657.111799060309
 20
94.3980434324767
 30
-0.0000000000009789
 11
2545.907885925262
 21
205.601956567516
 31
-0.0000000000009789
  0
LINE
  5
51C
330
516
100
AcDbEntity
  8
SYMB
100
AcDbLine
 10
2651.509842492786
 20
150.0
 30
-0.0000000000009789
 11
2701.164421088557
 21
150.0
 31
-0.0000000000009789
  0
LWPOLYLINE
  5
51D
330
516
100
AcDbEntity
  8
SYMB
100
AcDbPolyline
 90
        4
 70
     1
 43
0.0
 10
2701.509842492786
 20
0.0
 10
2501.509842492786
 20
0.0
 10
2501.509842492786
 20
-450.0
 10
2701.509842492786
 20
-450.0
  0
LINE
  5
51E
330
516
100
AcDbEntity
  8
SYMB
100
AcDbLine
 10
2601.509842492786
 20
100.0
 30
-0.0000000000009789
 11
2601.509842492786
 21
0.0
 31
-0.0000000000009789
  0
CIRCLE
  5
51F
330
516
100
AcDbEntity
  8
SYMB
100
AcDbCircle
 10
2601.509842492786
 20
150.0
 30
-0.0000000000009789
 40
50.0
  0
LWPOLYLINE
  5
520
330
516
100
AcDbEntity
  8
SYMB
  6
Continuous
100
AcDbPolyline
 90
        4
 70
     1
 43
0.0
 10
2701.164421088557
 20
99.99999999991269
 10
2901.164421087131
 20
99.99999999991269
 10
2901.164421087131
 20
200.0000000000873
 10
2701.164421088557
 20
200.0000000000873
  0
CIRCLE
  5
521
330
516
100
AcDbEntity
  8
SYMB
  6
Continuous
 62
     4
100
AcDbCircle
 10
2851.164421083056
 20
149.9999999995634
 30
-0.0000000000009789
 40
50.00000000013578
  0
CIRCLE
  5
522
330
516
100
AcDbEntity
  8
SYMB
  6
Continuous
 62
     4
100
AcDbCircle
 10
2751.164421083784
 20
149.9999999995634
 30
-0.0000000000009789
 40
50.00000000013578
  0
TEXT
  5
523
330
516
100
AcDbEntity
  8
SYMB
 62
     7
100
AcDbText
 10
2934.205412506336
 20
101.4578017067834
 30
0.0
 40
100.0
  1
ON/OFF
 41
0.8
  7
맑은고딕
 72
     1
 11
3140.401064680249
 21
151.4578017067834
 31
0.0
100
AcDbText
 73
     2
  0
WIPEOUT
  5
524
330
516
100
AcDbEntity
  8
SYMB
 62
     2
 92
      140
310
8C000000010000008400000006000000050000004141130A058BA34000000000000000006F7B6331A02F63BD4141130A058BA340FFFFFFFFFF1F7CC06F7B6331A02F63BD4141130A051BA540FFFFFFFFFF1F7CC06F7B6331A02F63BD4141130A051BA54000000000000000006F7B6331A02F63BD4141130A058BA340000000
310
00000000006F7B6331A02F63BD
100
AcDbWipeout
 90
        0
 10
2501.509842492786
 20
-450.0
 30
-0.0000000000005453
 11
450.0
 21
0.0
 31
0.0
 12
0.0
 22
450.0
 32
0.0
 13
1.0
 23
1.0
340
0
 70
     7
280
     1
281
    50
282
    50
283
     0
360
0
 71
     2
 91
        5
 14
-0.5
 24
-0.5
 14
-0.5
 24
0.4999999999999999
 14
-0.0555555555555556
 24
0.4999999999999999
 14
-0.0555555555555556
 24
-0.5
 14
-0.5
 24
-0.5
  0
TEXT
  5
525
330
516
100
AcDbEntity
  8
SYMB
 62
     7
100
AcDbText
 10
2537.719081623221
 20
-162.5
 30
0.0
 40
100.0
  1
M
  7
맑은고딕
 72
     1
 11
2601.509842492786
 21
-112.5
 31
0.0
100
AcDbText
 73
     2
  0
TEXT
  5
526
330
516
100
AcDbEntity
  8
SYMB
 62
     7
100
AcDbText
 10
2552.698701188438
 20
-387.5
 30
0.0
 40
100.0
  1
G
  7
맑은고딕
 72
     1
 11
2601.509842492786
 21
-337.5
 31
0.0
100
AcDbText
 73
     2
  0
LINE
  5
527
330
516
100
AcDbEntity
  8
SYMB
100
AcDbLine
 10
2551.509842492786
 20
150.0
 30
-0.0000000000009789
 11
2515.855263897014
 21
150.0
 31
-0.0000000000009789
  0
ENDBLK
  5
528
330
516
100
AcDbEntity
  8
SYMB
100
AcDbBlockEnd
  0
BLOCK
  5
52B
330
52A
100
AcDbEntity
  8
SYMB
100
AcDbBlockBegin
  2
3P3W_R_SYM_TIMER
 70
     0
 10
0.0
 20
0.0
 30
0.0
  3
3P3W_R_SYM_TIMER
  1
Acad:XRef
  0
TEXT
  5
52C
330
52A
100
AcDbEntity
  8
TXT
100
AcDbText
 10
2424.70740803582
 20
187.5
 30
0.0
 40
75.0
  1
T
  7
SHT
 72
     1
 11
2452.30740803582
 21
225.0
 31
0.0
100
AcDbText
 73
     2
  0
CIRCLE
  5
52D
330
52A
100
AcDbEntity
  8
2
 62
     4
100
AcDbCircle
 10
2452.30740803582
 20
225.0
 30
-0.0000000000004119
 40
64.3757959482474
  0
TEXT
  5
52E
330
52A
100
AcDbEntity
  8
SYMB
 62
     7
100
AcDbText
 10
1999.461964395286
 20
175.0
 30
0.0
 40
100.0
  1
TIMER
 41
0.9
  7
맑은고딕
 72
     1
 11
2177.750007873547
 21
225.0
 31
0.0
100
AcDbText
 73
     2
  0
LINE
  5
52F
330
52A
100
AcDbEntity
  8
SYMB
100
AcDbLine
 10
2657.939739147376
 20
169.3980434324767
 30
-0.0000000000004119
 11
2546.735826012329
 21
280.601956567516
 31
-0.0000000000004119
  0
LINE
  5
530
330
52A
100
AcDbEntity
  8
SYMB
100
AcDbLine
 10
2652.337782579853
 20
225.0
 30
-0.0000000000004119
 11
2701.992361175624
 21
225.0
 31
-0.0000000000004119
  0
LWPOLYLINE
  5
531
330
52A
100
AcDbEntity
  8
SYMB
100
AcDbPolyline
 90
        4
 70
     1
 43
0.0
 10
2702.337782579853
 20
75.0
 10
2502.337782579853
 20
75.0
 10
2502.337782579853
 20
-375.0
 10
2702.337782579853
 20
-375.0
  0
LINE
  5
532
330
52A
100
AcDbEntity
  8
SYMB
100
AcDbLine
 10
2602.337782579853
 20
175.0
 30
-0.0000000000004119
 11
2602.337782579853
 21
75.0
 31
-0.0000000000004119
  0
CIRCLE
  5
533
330
52A
100
AcDbEntity
  8
SYMB
100
AcDbCircle
 10
2602.337782579853
 20
225.0
 30
-0.0000000000004119
 40
50.0
  0
LWPOLYLINE
  5
534
330
52A
100
AcDbEntity
  8
SYMB
  6
Continuous
100
AcDbPolyline
 90
        4
 70
     1
 43
0.0
 10
2701.992361175624
 20
174.9999999999127
 10
2901.992361174198
 20
174.9999999999127
 10
2901.992361174198
 20
275.0000000000873
 10
2701.992361175624
 20
275.0000000000873
  0
CIRCLE
  5
535
330
52A
100
AcDbEntity
  8
SYMB
  6
Continuous
 62
     4
100
AcDbCircle
 10
2851.992361170123
 20
224.9999999995634
 30
-0.0000000000004119
 40
50.00000000013578
  0
CIRCLE
  5
536
330
52A
100
AcDbEntity
  8
SYMB
  6
Continuous
 62
     4
100
AcDbCircle
 10
2751.992361170851
 20
224.9999999995634
 30
-0.0000000000004119
 40
50.00000000013578
  0
TEXT
  5
537
330
52A
100
AcDbEntity
  8
SYMB
 62
     7
100
AcDbText
 10
2935.033352593403
 20
176.4578017067834
 30
0.0
 40
100.0
  1
ON/OFF
 41
0.8
  7
맑은고딕
 72
     1
 11
3141.229004767316
 21
226.4578017067834
 31
0.0
100
AcDbText
 73
     2
  0
WIPEOUT
  5
538
330
52A
100
AcDbEntity
  8
SYMB
 62
     2
 92
      140
310
8C00000001000000840000000600000005000000419BD6F1AC8CA3400000000000C05240C18CB662996E183D419BD6F1AC8CA340FFFFFFFFFF6F77C0C18CB662996E183D419BD6F1AC1CA540FFFFFFFFFF6F77C0C18CB662996E183D419BD6F1AC1CA5400000000000C05240C18CB662996E183D419BD6F1AC8CA340000000
310
0000C05240C18CB662996E183D
100
AcDbWipeout
 90
        0
 10
2502.337782579853
 20
-375.0
 30
0.0000000000000217
 11
450.0
 21
0.0
 31
0.0
 12
0.0
 22
450.0
 32
0.0
 13
1.0
 23
1.0
340
0
 70
     7
280
     1
281
    50
282
    50
283
     0
360
0
 71
     2
 91
        5
 14
-0.5
 24
-0.5
 14
-0.5
 24
0.4999999999999999
 14
-0.0555555555555556
 24
0.4999999999999999
 14
-0.0555555555555556
 24
-0.5
 14
-0.5
 24
-0.5
  0
TEXT
  5
539
330
52A
100
AcDbEntity
  8
SYMB
 62
     7
100
AcDbText
 10
2538.547021710288
 20
-87.5
 30
0.0
 40
100.0
  1
M
  7
맑은고딕
 72
     1
 11
2602.337782579853
 21
-37.5
 31
0.0
100
AcDbText
 73
     2
  0
TEXT
  5
53A
330
52A
100
AcDbEntity
  8
SYMB
 62
     7
100
AcDbText
 10
2553.526641275505
 20
-312.5
 30
0.0
 40
100.0
  1
G
  7
맑은고딕
 72
     1
 11
2602.337782579853
 21
-262.5
 31
0.0
100
AcDbText
 73
     2
  0
LINE
  5
53B
330
52A
100
AcDbEntity
  8
SYMB
100
AcDbLine
 10
2552.337782579853
 20
225.0
 30
-0.0000000000004119
 11
2516.683203984081
 21
225.0
 31
-0.0000000000004119
  0
ENDBLK
  5
53C
330
52A
100
AcDbEntity
  8
SYMB
100
AcDbBlockEnd
  0
BLOCK
  5
53F
330
53E
100
AcDbEntity
  8
SYMB
100
AcDbBlockBegin
  2
1P2W_R_SYM_TIMER
 70
     0
 10
0.0
 20
0.0
 30
0.0
  3
1P2W_R_SYM_TIMER
  1
Acad:XRef
  0
TEXT
  5
540
330
53E
100
AcDbEntity
  8
TXT
100
AcDbText
 10
2422.62454670252
 20
262.5
 30
0.0
 40
75.0
  1
T
  7
SHT
 72
     1
 11
2450.22454670252
 21
300.0
 31
0.0
100
AcDbText
 73
     2
  0
CIRCLE
  5
541
330
53E
100
AcDbEntity
  8
2
 62
     4
100
AcDbCircle
 10
2450.22454670252
 20
300.0
 30
-0.0000000000004336
 40
64.3757959482474
  0
TEXT
  5
542
330
53E
100
AcDbEntity
  8
SYMB
 62
     7
100
AcDbText
 10
1997.379103061986
 20
250.0
 30
0.0
 40
100.0
  1
TIMER
 41
0.9
  7
맑은고딕
 72
     1
 11
2175.667146540247
 21
300.0
 31
0.0
100
AcDbText
 73
     2
  0
LINE
  5
543
330
53E
100
AcDbEntity
  8
SYMB
100
AcDbLine
 10
2655.856877814076
 20
244.3980434324767
 30
-0.0000000000004336
 11
2544.65296467903
 21
355.601956567516
 31
-0.0000000000004336
  0
LINE
  5
544
330
53E
100
AcDbEntity
  8
SYMB
100
AcDbLine
 10
2650.254921246553
 20
300.0
 30
-0.0000000000004336
 11
2699.909499842324
 21
300.0
 31
-0.0000000000004336
  0
LWPOLYLINE
  5
545
330
53E
100
AcDbEntity
  8
SYMB
100
AcDbPolyline
 90
        4
 70
     1
 43
0.0
 10
2700.254921246553
 20
150.0
 10
2500.254921246553
 20
150.0
 10
2500.254921246553
 20
-300.0
 10
2700.254921246553
 20
-300.0
  0
LINE
  5
546
330
53E
100
AcDbEntity
  8
SYMB
100
AcDbLine
 10
2600.254921246553
 20
250.0
 30
-0.0000000000004336
 11
2600.254921246553
 21
150.0
 31
-0.0000000000004336
  0
CIRCLE
  5
547
330
53E
100
AcDbEntity
  8
SYMB
100
AcDbCircle
 10
2600.254921246553
 20
300.0
 30
-0.0000000000004336
 40
50.0
  0
LWPOLYLINE
  5
548
330
53E
100
AcDbEntity
  8
SYMB
  6
Continuous
100
AcDbPolyline
 90
        4
 70
     1
 43
0.0
 10
2699.909499842324
 20
249.9999999999127
 10
2899.909499840898
 20
249.9999999999127
 10
2899.909499840898
 20
350.0000000000873
 10
2699.909499842324
 20
350.0000000000873
  0
CIRCLE
  5
549
330
53E
100
AcDbEntity
  8
SYMB
  6
Continuous
 62
     4
100
AcDbCircle
 10
2849.909499836824
 20
299.9999999995634
 30
-0.0000000000004336
 40
50.00000000013578
  0
CIRCLE
  5
54A
330
53E
100
AcDbEntity
  8
SYMB
  6
Continuous
 62
     4
100
AcDbCircle
 10
2749.909499837551
 20
299.9999999995634
 30
-0.0000000000004336
 40
50.00000000013578
  0
TEXT
  5
54B
330
53E
100
AcDbEntity
  8
SYMB
 62
     7
100
AcDbText
 10
2932.950491260103
 20
251.4578017067834
 30
0.0
 40
100.0
  1
ON/OFF
 41
0.8
  7
맑은고딕
 72
     1
 11
3139.146143434016
 21
301.4578017067834
 31
0.0
100
AcDbText
 73
     2
  0
WIPEOUT
  5
54C
330
53E
100
AcDbEntity
  8
SYMB
 62
     2
 92
      140
310
8C0000000100000084000000060000000500000000A209858288A3400000000000C06240000000000000000000A209858288A340FFFFFFFFFFBF72C0000000000000000000A209858218A540FFFFFFFFFFBF72C0000000000000000000A209858218A5400000000000C06240000000000000000000A209858288A340000000
310
0000C062400000000000000000
100
AcDbWipeout
 90
        0
 10
2500.254921246553
 20
-300.0
 30
0.0
 11
450.0
 21
0.0
 31
0.0
 12
0.0
 22
450.0
 32
0.0
 13
1.0
 23
1.0
340
0
 70
     7
280
     1
281
    50
282
    50
283
     0
360
0
 71
     2
 91
        5
 14
-0.5
 24
-0.5
 14
-0.5
 24
0.4999999999999999
 14
-0.0555555555555556
 24
0.4999999999999999
 14
-0.0555555555555556
 24
-0.5
 14
-0.5
 24
-0.5
  0
TEXT
  5
54D
330
53E
100
AcDbEntity
  8
SYMB
 62
     7
100
AcDbText
 10
2536.464160376988
 20
-12.5
 30
0.0
 40
100.0
  1
M
  7
맑은고딕
 72
     1
 11
2600.254921246553
 21
37.5
 31
0.0
100
AcDbText
 73
     2
  0
TEXT
  5
54E
330
53E
100
AcDbEntity
  8
SYMB
 62
     7
100
AcDbText
 10
2551.443779942205
 20
-237.5
 30
0.0
 40
100.0
  1
G
  7
맑은고딕
 72
     1
 11
2600.254921246553
 21
-187.5
 31
0.0
100
AcDbText
 73
     2
  0
LINE
  5
54F
330
53E
100
AcDbEntity
  8
SYMB
100
AcDbLine
 10
2550.254921246553
 20
300.0
 30
-0.0000000000004336
 11
2514.600342650781
 21
300.0
 31
-0.0000000000004336
  0
ENDBLK
  5
550
330
53E
100
AcDbEntity
  8
SYMB
100
AcDbBlockEnd
  0
BLOCK
  5
553
330
552
100
AcDbEntity
  8
SYMB
100
AcDbBlockBegin
  2
3P4W_R_SYM_ONOFF
 70
     0
 10
0.0
 20
0.0
 30
0.0
  3
3P4W_R_SYM_ONOFF
  1
Acad:XRef
  0
LINE
  5
554
330
552
100
AcDbEntity
  8
SYMB
100
AcDbLine
 10
2655.601956567552
 20
94.3980434324767
 30
0.0000000000001334
 11
2544.398043432506
 21
205.601956567516
 31
0.0000000000001334
  0
LINE
  5
555
330
552
100
AcDbEntity
  8
SYMB
100
AcDbLine
 10
2650.000000000029
 20
150.0
 30
0.0000000000001334
 11
2699.654578595801
 21
150.0
 31
0.0000000000001334
  0
LWPOLYLINE
  5
556
330
552
100
AcDbEntity
  8
SYMB
100
AcDbPolyline
 90
        4
 70
     1
 43
0.0
 10
2700.000000000029
 20
0.0
 10
2500.000000000029
 20
0.0
 10
2500.000000000029
 20
-450.0
 10
2700.000000000029
 20
-450.0
  0
LINE
  5
557
330
552
100
AcDbEntity
  8
SYMB
100
AcDbLine
 10
2600.000000000029
 20
100.0
 30
0.0000000000001334
 11
2600.000000000029
 21
0.0
 31
0.0000000000001334
  0
CIRCLE
  5
558
330
552
100
AcDbEntity
  8
SYMB
100
AcDbCircle
 10
2600.000000000029
 20
150.0
 30
0.0000000000001334
 40
50.0
  0
LWPOLYLINE
  5
559
330
552
100
AcDbEntity
  8
SYMB
  6
Continuous
100
AcDbPolyline
 90
        4
 70
     1
 43
0.0
 10
2699.654578595801
 20
99.99999999991269
 10
2899.654578594374
 20
99.99999999991269
 10
2899.654578594374
 20
200.0000000000873
 10
2699.654578595801
 20
200.0000000000873
  0
CIRCLE
  5
55A
330
552
100
AcDbEntity
  8
SYMB
  6
Continuous
 62
     4
100
AcDbCircle
 10
2849.6545785903
 20
149.9999999995634
 30
0.0000000000001334
 40
50.00000000013578
  0
CIRCLE
  5
55B
330
552
100
AcDbEntity
  8
SYMB
  6
Continuous
 62
     4
100
AcDbCircle
 10
2749.654578591028
 20
149.9999999995634
 30
0.0000000000001334
 40
50.00000000013578
  0
TEXT
  5
55C
330
552
100
AcDbEntity
  8
SYMB
 62
     7
100
AcDbText
 10
2932.69557001358
 20
101.4578017067834
 30
0.0
 40
100.0
  1
ON/OFF
 41
0.8
  7
맑은고딕
 72
     1
 11
3138.891222187493
 21
151.4578017067834
 31
0.0
100
AcDbText
 73
     2
  0
WIPEOUT
  5
55D
330
552
100
AcDbEntity
  8
SYMB
 62
     2
 92
      140
310
8C00000001000000840000000600000005000000400000000088A3400000000000000000D52F79FC14F3633D400000000088A340FFFFFFFFFF1F7CC0D52F79FC14F3633D400000000018A540FFFFFFFFFF1F7CC0D52F79FC14F3633D400000000018A5400000000000000000D52F79FC14F3633D400000000088A340000000
310
0000000000D52F79FC14F3633D
100
AcDbWipeout
 90
        0
 10
2500.000000000029
 20
-450.0
 30
0.000000000000567
 11
450.0
 21
0.0
 31
0.0
 12
0.0
 22
450.0
 32
0.0
 13
1.0
 23
1.0
340
0
 70
     7
280
     1
281
    50
282
    50
283
     0
360
0
 71
     2
 91
        5
 14
-0.5
 24
-0.5
 14
-0.5
 24
0.4999999999999999
 14
-0.0555555555555556
 24
0.4999999999999999
 14
-0.0555555555555556
 24
-0.5
 14
-0.5
 24
-0.5
  0
TEXT
  5
55E
330
552
100
AcDbEntity
  8
SYMB
 62
     7
100
AcDbText
 10
2536.209239130464
 20
-162.5
 30
0.0
 40
100.0
  1
M
  7
맑은고딕
 72
     1
 11
2600.000000000029
 21
-112.5
 31
0.0
100
AcDbText
 73
     2
  0
TEXT
  5
55F
330
552
100
AcDbEntity
  8
SYMB
 62
     7
100
AcDbText
 10
2551.188858695681
 20
-387.5
 30
0.0
 40
100.0
  1
G
  7
맑은고딕
 72
     1
 11
2600.000000000029
 21
-337.5
 31
0.0
100
AcDbText
 73
     2
  0
ENDBLK
  5
560
330
552
100
AcDbEntity
  8
SYMB
100
AcDbBlockEnd
  0
BLOCK
  5
563
330
562
100
AcDbEntity
  8
SYMB
100
AcDbBlockBegin
  2
3P3W_R_SYM_ONOFF
 70
     0
 10
0.0
 20
0.0
 30
0.0
  3
3P3W_R_SYM_ONOFF
  1
Acad:XRef
  0
LINE
  5
564
330
562
100
AcDbEntity
  8
SYMB
100
AcDbLine
 10
2658.939739147405
 20
169.3980434324767
 30
-0.0000000000004336
 11
2547.735826012358
 21
280.601956567516
 31
-0.0000000000004336
  0
LINE
  5
565
330
562
100
AcDbEntity
  8
SYMB
100
AcDbLine
 10
2653.337782579882
 20
225.0
 30
-0.0000000000004336
 11
2702.992361175653
 21
225.0
 31
-0.0000000000004336
  0
LWPOLYLINE
  5
566
330
562
100
AcDbEntity
  8
SYMB
100
AcDbPolyline
 90
        4
 70
     1
 43
0.0
 10
2703.337782579882
 20
75.0
 10
2503.337782579882
 20
75.0
 10
2503.337782579882
 20
-375.0
 10
2703.337782579882
 20
-375.0
  0
LINE
  5
567
330
562
100
AcDbEntity
  8
SYMB
100
AcDbLine
 10
2603.337782579882
 20
175.0
 30
-0.0000000000004336
 11
2603.337782579882
 21
75.0
 31
-0.0000000000004336
  0
CIRCLE
  5
568
330
562
100
AcDbEntity
  8
SYMB
100
AcDbCircle
 10
2603.337782579882
 20
225.0
 30
-0.0000000000004336
 40
50.0
  0
LWPOLYLINE
  5
569
330
562
100
AcDbEntity
  8
SYMB
  6
Continuous
100
AcDbPolyline
 90
        4
 70
     1
 43
0.0
 10
2702.992361175653
 20
174.9999999999127
 10
2902.992361174227
 20
174.9999999999127
 10
2902.992361174227
 20
275.0000000000873
 10
2702.992361175653
 20
275.0000000000873
  0
CIRCLE
  5
56A
330
562
100
AcDbEntity
  8
SYMB
  6
Continuous
 62
     4
100
AcDbCircle
 10
2852.992361170152
 20
224.9999999995634
 30
-0.0000000000004336
 40
50.00000000013578
  0
CIRCLE
  5
56B
330
562
100
AcDbEntity
  8
SYMB
  6
Continuous
 62
     4
100
AcDbCircle
 10
2752.99236117088
 20
224.9999999995634
 30
-0.0000000000004336
 40
50.00000000013578
  0
TEXT
  5
56C
330
562
100
AcDbEntity
  8
SYMB
 62
     7
100
AcDbText
 10
2936.033352593432
 20
176.4578017067834
 30
0.0
 40
100.0
  1
ON/OFF
 41
0.8
  7
맑은고딕
 72
     1
 11
3142.229004767345
 21
226.4578017067834
 31
0.0
100
AcDbText
 73
     2
  0
WIPEOUT
  5
56D
330
562
100
AcDbEntity
  8
SYMB
 62
     2
 92
      140
310
8C00000001000000840000000600000005000000819BD6F1AC8EA3400000000000C052400000000000000000819BD6F1AC8EA340FFFFFFFFFF6F77C00000000000000000819BD6F1AC1EA540FFFFFFFFFF6F77C00000000000000000819BD6F1AC1EA5400000000000C052400000000000000000819BD6F1AC8EA340000000
310
0000C052400000000000000000
100
AcDbWipeout
 90
        0
 10
2503.337782579882
 20
-375.0
 30
0.0
 11
450.0
 21
0.0
 31
0.0
 12
0.0
 22
450.0
 32
0.0
 13
1.0
 23
1.0
340
0
 70
     7
280
     1
281
    50
282
    50
283
     0
360
0
 71
     2
 91
        5
 14
-0.5
 24
-0.5
 14
-0.5
 24
0.4999999999999999
 14
-0.0555555555555556
 24
0.4999999999999999
 14
-0.0555555555555556
 24
-0.5
 14
-0.5
 24
-0.5
  0
TEXT
  5
56E
330
562
100
AcDbEntity
  8
SYMB
 62
     7
100
AcDbText
 10
2539.547021710317
 20
-87.5
 30
0.0
 40
100.0
  1
M
  7
맑은고딕
 72
     1
 11
2603.337782579882
 21
-37.5
 31
0.0
100
AcDbText
 73
     2
  0
TEXT
  5
56F
330
562
100
AcDbEntity
  8
SYMB
 62
     7
100
AcDbText
 10
2554.526641275534
 20
-312.5
 30
0.0
 40
100.0
  1
G
  7
맑은고딕
 72
     1
 11
2603.337782579882
 21
-262.5
 31
0.0
100
AcDbText
 73
     2
  0
ENDBLK
  5
570
330
562
100
AcDbEntity
  8
SYMB
100
AcDbBlockEnd
  0
BLOCK
  5
573
330
572
100
AcDbEntity
  8
SYMB
100
AcDbBlockBegin
  2
1P2W_R_SYM_ONOFF
 70
     0
 10
0.0
 20
0.0
 30
0.0
  3
1P2W_R_SYM_ONOFF
  1
Acad:XRef
  0
LINE
  5
574
330
572
100
AcDbEntity
  8
SYMB
100
AcDbLine
 10
2655.601956567611
 20
244.3980434324767
 30
0.0000000000001335
 11
2544.398043432564
 21
355.601956567516
 31
0.0000000000001335
  0
LINE
  5
575
330
572
100
AcDbEntity
  8
SYMB
100
AcDbLine
 10
2650.000000000087
 20
300.0
 30
0.0000000000001335
 11
2699.654578595859
 21
300.0
 31
0.0000000000001335
  0
LWPOLYLINE
  5
576
330
572
100
AcDbEntity
  8
SYMB
100
AcDbPolyline
 90
        4
 70
     1
 43
0.0
 10
2700.000000000087
 20
150.0
 10
2500.000000000087
 20
150.0
 10
2500.000000000087
 20
-300.0
 10
2700.000000000087
 20
-300.0
  0
LINE
  5
577
330
572
100
AcDbEntity
  8
SYMB
100
AcDbLine
 10
2600.000000000087
 20
250.0
 30
0.0000000000001335
 11
2600.000000000087
 21
150.0
 31
0.0000000000001335
  0
CIRCLE
  5
578
330
572
100
AcDbEntity
  8
SYMB
100
AcDbCircle
 10
2600.000000000087
 20
300.0
 30
0.0000000000001335
 40
50.0
  0
LWPOLYLINE
  5
579
330
572
100
AcDbEntity
  8
SYMB
  6
Continuous
100
AcDbPolyline
 90
        4
 70
     1
 43
0.0
 10
2699.654578595859
 20
249.9999999999127
 10
2899.654578594433
 20
249.9999999999127
 10
2899.654578594433
 20
350.0000000000873
 10
2699.654578595859
 20
350.0000000000873
  0
CIRCLE
  5
57A
330
572
100
AcDbEntity
  8
SYMB
  6
Continuous
 62
     4
100
AcDbCircle
 10
2849.654578590358
 20
299.9999999995634
 30
0.0000000000001335
 40
50.00000000013578
  0
CIRCLE
  5
57B
330
572
100
AcDbEntity
  8
SYMB
  6
Continuous
 62
     4
100
AcDbCircle
 10
2749.654578591086
 20
299.9999999995634
 30
0.0000000000001335
 40
50.00000000013578
  0
TEXT
  5
57C
330
572
100
AcDbEntity
  8
SYMB
 62
     7
100
AcDbText
 10
2932.695570013638
 20
251.4578017067834
 30
0.0
 40
100.0
  1
ON/OFF
 41
0.8
  7
맑은고딕
 72
     1
 11
3138.891222187551
 21
301.4578017067834
 31
0.0
100
AcDbText
 73
     2
  0
WIPEOUT
  5
57D
330
572
100
AcDbEntity
  8
SYMB
 62
     2
 92
      140
310
8C00000001000000840000000600000005000000BF0000000088A3400000000000C0624099EE0D92FBF3633DBF0000000088A340FFFFFFFFFFBF72C099EE0D92FBF3633DBF0000000018A540FFFFFFFFFFBF72C099EE0D92FBF3633DBF0000000018A5400000000000C0624099EE0D92FBF3633DBF0000000088A340000000
310
0000C0624099EE0D92FBF3633D
100
AcDbWipeout
 90
        0
 10
2500.000000000087
 20
-300.0
 30
0.0000000000005671
 11
450.0
 21
0.0
 31
0.0
 12
0.0
 22
450.0
 32
0.0
 13
1.0
 23
1.0
340
0
 70
     7
280
     1
281
    50
282
    50
283
     0
360
0
 71
     2
 91
        5
 14
-0.5
 24
-0.5
 14
-0.5
 24
0.4999999999999999
 14
-0.0555555555555556
 24
0.4999999999999999
 14
-0.0555555555555556
 24
-0.5
 14
-0.5
 24
-0.5
  0
TEXT
  5
57E
330
572
100
AcDbEntity
  8
SYMB
 62
     7
100
AcDbText
 10
2536.209239130522
 20
-12.5
 30
0.0
 40
100.0
  1
M
  7
맑은고딕
 72
     1
 11
2600.000000000087
 21
37.5
 31
0.0
100
AcDbText
 73
     2
  0
TEXT
  5
57F
330
572
100
AcDbEntity
  8
SYMB
 62
     7
100
AcDbText
 10
2551.188858695739
 20
-237.5
 30
0.0
 40
100.0
  1
G
  7
맑은고딕
 72
     1
 11
2600.000000000087
 21
-187.5
 31
0.0
100
AcDbText
 73
     2
  0
ENDBLK
  5
580
330
572
100
AcDbEntity
  8
SYMB
100
AcDbBlockEnd
  0
BLOCK
  5
6E1
330
6DE
100
AcDbEntity
  8
SYMB
100
AcDbBlockBegin
  2
MAIN_BREAKER
 70
     2
 10
0.0
 20
0.0
 30
0.0
  3
MAIN_BREAKER
  1
Acad:XRef
  0
TEXT
  5
E6A
330
6DE
100
AcDbEntity
  8
TXT
  6
Continuous
 62
     7
370
    -2
100
AcDbText
 10
-306.207540760855
 20
1625.0
 30
0.0
 40
125.0
  1
FROM
 41
0.95
  7
맑은고딕
 72
     1
 11
-74.99999999998545
 21
1687.5
 31
0.0
100
AcDbText
 73
     2
  0
LINE
  5
E6B
330
6DE
100
AcDbEntity
  8
BUS_L3
100
AcDbLine
 10
600.0
 20
1045.0
 30
-0.0000000000011662
 11
600.0
 21
300.0
 31
-0.0000000000008142
  0
LINE
  5
E6C
330
6DE
100
AcDbEntity
  8
BUS_L2
100
AcDbLine
 10
300.0000000000291
 20
1045.000000000022
 30
-0.0000000000011742
 11
300.0000000000291
 21
300.0
 31
-0.0000000000008222
  0
LINE
  5
E6D
330
6DE
100
AcDbEntity
  8
BUS_L1
100
AcDbLine
 10
0.0000000000291038
 20
1045.000000000022
 30
-0.0000000000011742
 11
0.0000000000291038
 21
300.0
 31
-0.0000000000008222
  0
LINE
  5
E6E
330
6DE
100
AcDbEntity
  8
BUS_N
 62
     3
100
AcDbLine
 10
900.0
 20
1045.0
 30
-0.0000000000011268
 11
900.0
 21
300.0
 31
-0.0000000000007748
  0
TEXT
  5
E6F
330
6DE
100
AcDbEntity
  8
TXT
  6
Continuous
 62
     7
370
    -2
100
AcDbText
 10
-85.14988111413042
 20
1211.141304347826
 30
0.0
 40
125.0
  1
L1
 41
0.95
  7
맑은고딕
 72
     4
 11
0.0
 21
1275.0
 31
0.0
100
AcDbText
  0
LWPOLYLINE
  5
E70
330
6DE
100
AcDbEntity
  8
2
 62
     4
100
AcDbPolyline
 90
        4
 70
     1
 43
0.0
 10
-449.9999999999854
 20
1575.0
 10
300.0000000000146
 20
1575.0
 10
300.0000000000146
 20
1800.0
 10
-449.9999999999854
 20
1800.0
  0
LWPOLYLINE
  5
E71
330
6DE
100
AcDbEntity
  8
2
 62
     4
100
AcDbPolyline
 90
        4
 70
     1
 43
0.0
 10
300.0000000000146
 20
1575.0
 10
1350.000000000015
 20
1575.0
 10
1350.000000000015
 20
1800.0
 10
300.0000000000146
 20
1800.0
  0
INSERT
  5
E72
102
{ACAD_REACTORS
330
E92
102
}
330
6DE
100
AcDbEntity
  8
SYMB
100
AcDbBlockReference
  2
input-line
 10
0.0
 20
1045.0
 30
0.0
  0
INSERT
  5
E73
102
{ACAD_REACTORS
330
E92
102
}
330
6DE
100
AcDbEntity
  8
SYMB
100
AcDbBlockReference
  2
input-line
 10
300.0
 20
1045.0
 30
0.0
  0
INSERT
  5
E74
102
{ACAD_REACTORS
330
E92
102
}
330
6DE
100
AcDbEntity
  8
SYMB
100
AcDbBlockReference
  2
input-line
 10
600.0
 20
1045.0
 30
0.0
  0
INSERT
  5
E75
102
{ACAD_REACTORS
330
E92
102
}
330
6DE
100
AcDbEntity
  8
SYMB
100
AcDbBlockReference
  2
input-line
 10
900.0
 20
1045.0
 30
0.0
  0
TEXT
  5
E76
330
6DE
100
AcDbEntity
  8
TXT
  6
Continuous
 62
     7
370
    -2
100
AcDbText
 10
214.8501188858696
 20
1211.48097826087
 30
0.0
 40
125.0
  1
L2
 41
0.95
  7
맑은고딕
 72
     4
 11
300.0
 21
1275.0
 31
0.0
100
AcDbText
  0
TEXT
  5
E77
330
6DE
100
AcDbEntity
  8
TXT
  6
Continuous
 62
     7
370
    -2
100
AcDbText
 10
514.8501188858696
 20
1212.54245923913
 30
0.0
 40
125.0
  1
L3
 41
0.95
  7
맑은고딕
 72
     4
 11
600.0
 21
1275.0
 31
0.0
100
AcDbText
  0
TEXT
  5
E78
330
6DE
100
AcDbEntity
  8
TXT
  6
Continuous
 62
     7
370
    -2
100
AcDbText
 10
836.7930536684783
 20
1212.5
 30
0.0
 40
125.0
  1
N
 41
0.95
  7
맑은고딕
 72
     4
 11
900.0
 21
1275.0
 31
0.0
100
AcDbText
  0
ARC
  5
E79
330
6DE
100
AcDbEntity
  8
SYMB
100
AcDbCircle
 10
-7.364844701165566
 20
150.0000000000146
 30
0.0
 40
157.3648447011466
100
AcDbArc
 50
287.5984362481307
 51
72.40156375185842
  0
CIRCLE
  5
E7A
102
{ACAD_REACTORS
330
E92
102
}
330
6DE
100
AcDbEntity
  8
SYMB
100
AcDbCircle
 10
0.0
 20
300.0
 30
0.0
 40
40.21345232398524
  0
CIRCLE
  5
E7B
102
{ACAD_REACTORS
330
E92
102
}
330
6DE
100
AcDbEntity
  8
SYMB
100
AcDbCircle
 10
0.0
 20
0.0
 30
0.0
 40
40.21345232398524
  0
ARC
  5
E7C
330
6DE
100
AcDbEntity
  8
SYMB
100
AcDbCircle
 10
292.6351552988344
 20
150.0000000000146
 30
0.000000000000606
 40
157.3648447011466
100
AcDbArc
 50
287.5984362481191
 51
72.40156375186933
  0
CIRCLE
  5
E7D
102
{ACAD_REACTORS
330
E92
102
}
330
6DE
100
AcDbEntity
  8
SYMB
100
AcDbCircle
 10
299.9999999999709
 20
300.0
 30
0.000000000000606
 40
40.21345232398524
  0
CIRCLE
  5
E7E
102
{ACAD_REACTORS
330
E92
102
}
330
6DE
100
AcDbEntity
  8
SYMB
100
AcDbCircle
 10
299.9999999999709
 20
0.0
 30
0.000000000000606
 40
40.21345232398524
  0
ARC
  5
E7F
330
6DE
100
AcDbEntity
  8
SYMB
100
AcDbCircle
 10
592.6351552988344
 20
150.0000000000146
 30
0.000000000000606
 40
157.3648447011466
100
AcDbArc
 50
287.5984362481191
 51
72.40156375186933
  0
CIRCLE
  5
E80
102
{ACAD_REACTORS
330
E92
102
}
330
6DE
100
AcDbEntity
  8
SYMB
100
AcDbCircle
 10
599.9999999999709
 20
300.0
 30
0.000000000000606
 40
40.21345232398524
  0
CIRCLE
  5
E81
102
{ACAD_REACTORS
330
E92
102
}
330
6DE
100
AcDbEntity
  8
SYMB
100
AcDbCircle
 10
599.9999999999709
 20
0.0
 30
0.000000000000606
 40
40.21345232398524
  0
ARC
  5
E82
330
6DE
100
AcDbEntity
  8
SYMB
100
AcDbCircle
 10
892.6351552988344
 20
150.0000000000146
 30
0.000000000000606
 40
157.3648447011466
100
AcDbArc
 50
287.5984362481191
 51
72.40156375186933
  0
CIRCLE
  5
E83
102
{ACAD_REACTORS
330
E92
102
}
330
6DE
100
AcDbEntity
  8
SYMB
100
AcDbCircle
 10
899.9999999999709
 20
300.0
 30
0.000000000000606
 40
40.21345232398524
  0
CIRCLE
  5
E84
102
{ACAD_REACTORS
330
E92
102
}
330
6DE
100
AcDbEntity
  8
SYMB
100
AcDbCircle
 10
899.9999999999709
 20
0.0
 30
0.000000000000606
 40
40.21345232398524
  0
LINE
  5
E85
330
6DE
100
AcDbEntity
  8
SYMB
 62
     4
100
AcDbLine
 10
150.0
 20
170.0
 30
0.000000000000606
 11
1048.723893995193
 21
170.0
 31
0.000000000000606
  0
LINE
  5
E86
330
6DE
100
AcDbEntity
  8
SYMB
 62
     4
100
AcDbLine
 10
150.0
 20
130.0
 30
0.000000000000606
 11
1048.723893995193
 21
130.0
 31
0.000000000000606
  0
LWPOLYLINE
  5
E87
330
6DE
100
AcDbEntity
  8
2
 62
     4
100
AcDbPolyline
 90
        4
 70
     1
 43
0.0
 10
-1200.000000000029
 20
37.5
 10
-300.0000000000291
 20
37.5
 10
-300.0000000000291
 20
262.5
 10
-1200.000000000029
 20
262.5
  0
LWPOLYLINE
  5
E88
330
6DE
100
AcDbEntity
  8
2
 62
     4
100
AcDbPolyline
 90
        4
 70
     1
 43
0.0
 10
-750.0000000000291
 20
-187.5
 10
-1200.000000000029
 20
-187.5
 10
-1200.000000000029
 20
37.5
 10
-750.0000000000291
 20
37.5
  0
LWPOLYLINE
  5
E89
330
6DE
100
AcDbEntity
  8
2
 62
     4
100
AcDbPolyline
 90
        4
 70
     1
 43
0.0
 10
-300.0000000000291
 20
-187.5
 10
-750.0000000000291
 20
-187.5
 10
-750.0000000000291
 20
37.5
 10
-300.0000000000291
 20
37.5
  0
LWPOLYLINE
  5
E8A
330
6DE
100
AcDbEntity
  8
2
 62
     4
100
AcDbPolyline
 90
        4
 70
     1
 43
0.0
 10
-2250.000000000029
 20
37.5
 10
-1200.000000000029
 20
37.5
 10
-1200.000000000029
 20
262.5
 10
-2250.000000000029
 20
262.5
  0
LWPOLYLINE
  5
E8B
330
6DE
100
AcDbEntity
  8
2
 62
     4
100
AcDbPolyline
 90
        4
 70
     1
 43
0.0
 10
-2250.000000000029
 20
-187.5
 10
-1200.000000000029
 20
-187.5
 10
-1200.000000000029
 20
37.5
 10
-2250.000000000029
 20
37.5
  0
TEXT
  5
E8C
330
6DE
100
AcDbEntity
  8
TXT
  6
Continuous
 62
     7
370
    -2
100
AcDbText
 10
-1961.047894021768
 20
87.5
 30
0.0
 40
125.0
  1
NAME
 41
0.95
  7
맑은고딕
 72
     1
 11
-1725.000000000029
 21
150.0
 31
0.0
100
AcDbText
 73
     2
  0
ATTDEF
  5
E8D
330
6DE
100
AcDbEntity
  8
TXT
 62
     7
100
AcDbText
 10
512.6762058424059
 20
1625.0
 30
0.0
 40
125.0
  1
SOURCE
 41
0.95
  7
맑은고딕
 72
     1
 11
825.0000000000146
 21
1687.5
 31
0.0
100
AcDbAttributeDefinition
  3

  2
SOURCE
 70
     0
 74
     2
280
     1
  0
ATTDEF
  5
E8E
330
6DE
100
AcDbEntity
  8
TXT
 62
     7
100
AcDbText
 10
-2146.231742527203
 20
-137.5
 30
0.0
 40
125.0
  1
PNL_NAME
 41
0.95
  7
맑은고딕
 72
     1
 11
-1725.000000000029
 21
-75.0
 31
0.0
100
AcDbAttributeDefinition
  3

  2
PNL_NAME
 70
     0
 74
     2
280
     1
  0
ATTDEF
  5
E8F
330
6DE
100
AcDbEntity
  8
TXT
 62
     7
100
AcDbText
 10
-1066.317085597855
 20
87.5
 30
0.0
 40
125.0
  1
CB_TYPE
 41
0.95
  7
맑은고딕
 72
     1
 11
-750.0000000000291
 21
150.0
 31
0.0
100
AcDbAttributeDefinition
  3

  2
CB_TYPE
 70
     0
 74
     2
280
     1
  0
ATTDEF
  5
E90
330
6DE
100
AcDbEntity
  8
TXT
 62
     7
100
AcDbText
 10
-1070.556640625029
 20
-137.5
 30
0.0
 40
125.0
  1
AF
 41
0.95
  7
맑은고딕
 72
     1
 11
-975.0000000000291
 21
-75.0
 31
0.0
100
AcDbAttributeDefinition
  3

  2
AF
 70
     0
 74
     2
280
     1
  0
ATTDEF
  5
E91
330
6DE
100
AcDbEntity
  8
TXT
 62
     7
100
AcDbText
 10
-623.4608525815509
 20
-137.5
 30
0.0
 40
125.0
  1
AT
 41
0.95
  7
맑은고딕
 72
     1
 11
-525.0000000000291
 21
-75.0
 31
0.0
100
AcDbAttributeDefinition
  3

  2
AT
 70
     0
 74
     2
280
     1
  0
HATCH
  5
E92
330
6DE
100
AcDbEntity
  8
0
 62
     2
440
 33554687
100
AcDbHatch
 10
0.0
 20
0.0
 30
0.0
210
0.0
220
0.0
230
1.0
  2
SOLID
 70
     1
 71
     1
 91
       12
 92
        1
 93
        1
 72
     2
 10
299.9999999999709
 20
0.0
 40
40.21345232398524
 50
0.0
 51
360.0
 73
     1
 97
        1
330
E7E
 92
        1
 93
        1
 72
     2
 10
899.9999999999709
 20
300.0
 40
40.21345232398524
 50
0.0
 51
360.0
 73
     1
 97
        1
330
E83
 92
        1
 93
        1
 72
     2
 10
899.9999999999709
 20
0.0
 40
40.21345232398524
 50
0.0
 51
360.0
 73
     1
 97
        1
330
E84
 92
        1
 93
        1
 72
     2
 10
599.9999999999709
 20
300.0
 40
40.21345232398524
 50
0.0
 51
360.0
 73
     1
 97
        1
330
E80
 92
        1
 93
        1
 72
     2
 10
599.9999999999709
 20
0.0
 40
40.21345232398524
 50
0.0
 51
360.0
 73
     1
 97
        1
330
E81
 92
        1
 93
        1
 72
     2
 10
299.9999999999709
 20
300.0
 40
40.21345232398524
 50
0.0
 51
360.0
 73
     1
 97
        1
330
E7D
 92
        1
 93
        1
 72
     2
 10
0.0
 20
0.0
 40
40.21345232398524
 50
0.0
 51
360.0
 73
     1
 97
        1
330
E7B
 92
        1
 93
        1
 72
     2
 10
0.0
 20
300.0
 40
40.21345232398524
 50
0.0
 51
360.0
 73
     1
 97
        1
330
E7A
 92
        1
 93
        3
 72
     1
 10
900.0
 20
1045.0
 11
848.1313135372475
 21
1125.0
 72
     1
 10
848.1313135372475
 20
1125.0
 11
951.8686864641495
 21
1125.0
 72
     1
 10
951.8686864641495
 20
1125.0
 11
900.0
 21
1045.0
 97
        1
330
E75
 92
        1
 93
        3
 72
     1
 10
600.0
 20
1045.0
 11
548.1313135372475
 21
1125.0
 72
     1
 10
548.1313135372475
 20
1125.0
 11
651.8686864641495
 21
1125.0
 72
     1
 10
651.8686864641495
 20
1125.0
 11
600.0
 21
1045.0
 97
        1
330
E74
 92
        1
 93
        3
 72
     1
 10
0.0
 20
1045.0
 11
-51.86868646275252
 21
1125.0
 72
     1
 10
-51.86868646275252
 20
1125.0
 11
51.8686864641495
 21
1125.0
 72
     1
 10
51.8686864641495
 20
1125.0
 11
0.0000000000000142
 21
1045.0
 97
        1
330
E72
 92
        1
 93
        3
 72
     1
 10
300.0
 20
1045.0
 11
248.1313135372475
 21
1125.0
 72
     1
 10
248.1313135372475
 20
1125.0
 11
351.8686864641495
 21
1125.0
 72
     1
 10
351.8686864641495
 20
1125.0
 11
300.0
 21
1045.0
 97
        1
330
E73
 75
     1
 76
     1
 98
        1
 10
0.0
 20
0.0
450
        0
451
        0
460
0.0
461
1.0
452
        0
462
0.0
453
        2
463
0.0
 63
     5
421
      255
463
1.0
 63
     2
421
 16776960
470
LINEAR
1001
ACAD
1010
0.0
1020
0.0
1030
0.0
1001
AcadAnnotative
1000
AnnotativeData
1002
{
1070
     1
1070
     0
1002
}
  0
LWPOLYLINE
  5
E93
330
6DE
100
AcDbEntity
  8
2
 62
     4
100
AcDbPolyline
 90
        4
 70
     1
 43
0.0
 10
-2250.000000000029
 20
262.5
 10
-300.0000000000291
 20
262.5
 10
-300.0000000000291
 20
487.5
 10
-2250.000000000029
 20
487.5
  0
TEXT
  5
E94
330
6DE
100
AcDbEntity
  8
TXT
  6
Continuous
 62
     7
370
    -2
100
AcDbText
 10
-1929.698114809812
 20
312.5
 30
0.0
 40
125.0
  1
3Ø-4W 380/220V
 41
0.95
  7
맑은고딕
 72
     1
 11
-1275.000000000029
 21
375.0
 31
0.0
100
AcDbText
 73
     2
  0
ENDBLK
  5
713
330
6DE
100
AcDbEntity
  8
SYMB
100
AcDbBlockEnd
  0
BLOCK
  5
6EC
330
6EB
100
AcDbEntity
  8
SYMB
100
AcDbBlockBegin
  2
input-line
 70
     0
 10
0.0
 20
0.0
 30
0.0
  3
input-line
  1
Acad:XRef
  0
LINE
  5
6ED
330
6EB
100
AcDbEntity
  8
SYMB
100
AcDbLine
 10
-51.86868646275252
 20
80.0
 30
0.0
 11
51.8686864641495
 21
80.0
 31
0.0
  0
LINE
  5
6EE
330
6EB
100
AcDbEntity
  8
SYMB
100
AcDbLine
 10
-51.86868646275252
 20
80.0
 30
0.0
 11
0.0
 21
0.0
 31
0.0
  0
LINE
  5
6EF
330
6EB
100
AcDbEntity
  8
SYMB
100
AcDbLine
 10
51.8686864641495
 20
80.0
 30
0.0
 11
0.0
 21
0.0
 31
0.0
  0
ENDBLK
  5
6F0
330
6EB
100
AcDbEntity
  8
SYMB
100
AcDbBlockEnd
  0
BLOCK
  5
786
330
783
100
AcDbEntity
  8
SYMB
100
AcDbBlockBegin
  2
MAIN_BREAKER_3
 70
     2
 10
0.0
 20
0.0
 30
0.0
  3
MAIN_BREAKER_3
  1
Acad:XRef
  0
TEXT
  5
F7C
330
783
100
AcDbEntity
  8
TXT
  6
Continuous
 62
     7
370
    -2
100
AcDbText
 10
-456.2075407608695
 20
1625.0
 30
0.0
 40
125.0
  1
FROM
 41
0.95
  7
맑은고딕
 72
     1
 11
-225.0
 21
1687.5
 31
0.0
100
AcDbText
 73
     2
  0
LINE
  5
F7D
330
783
100
AcDbEntity
  8
BUS_L3
100
AcDbLine
 10
600.0
 20
1045.0
 30
-0.0000000000011662
 11
600.0
 21
300.0
 31
-0.0000000000008142
  0
LINE
  5
F7E
330
783
100
AcDbEntity
  8
BUS_L2
100
AcDbLine
 10
300.0000000000291
 20
1045.000000000022
 30
-0.0000000000011742
 11
300.0000000000291
 21
300.0
 31
-0.0000000000008222
  0
LINE
  5
F7F
330
783
100
AcDbEntity
  8
BUS_L1
100
AcDbLine
 10
0.0000000000291038
 20
1045.000000000022
 30
-0.0000000000011742
 11
0.0000000000291038
 21
300.0
 31
-0.0000000000008222
  0
TEXT
  5
F80
330
783
100
AcDbEntity
  8
TXT
  6
Continuous
 62
     7
370
    -2
100
AcDbText
 10
-85.14988111413042
 20
1211.141304347826
 30
0.0
 40
125.0
  1
L1
 41
0.95
  7
맑은고딕
 72
     4
 11
0.0
 21
1275.0
 31
0.0
100
AcDbText
  0
LWPOLYLINE
  5
F81
330
783
100
AcDbEntity
  8
2
 62
     4
100
AcDbPolyline
 90
        4
 70
     1
 43
0.0
 10
-600.0
 20
1575.0
 10
150.0
 20
1575.0
 10
150.0
 20
1800.0
 10
-600.0
 20
1800.0
  0
LWPOLYLINE
  5
F82
330
783
100
AcDbEntity
  8
2
 62
     4
100
AcDbPolyline
 90
        4
 70
     1
 43
0.0
 10
150.0
 20
1575.0
 10
1200.0
 20
1575.0
 10
1200.0
 20
1800.0
 10
150.0
 20
1800.0
  0
INSERT
  5
F83
102
{ACAD_REACTORS
330
F9E
102
}
330
783
100
AcDbEntity
  8
SYMB
100
AcDbBlockReference
  2
input-line
 10
0.0
 20
1045.0
 30
0.0
  0
INSERT
  5
F84
102
{ACAD_REACTORS
330
F9E
102
}
330
783
100
AcDbEntity
  8
SYMB
100
AcDbBlockReference
  2
input-line
 10
300.0
 20
1045.0
 30
0.0
  0
INSERT
  5
F85
102
{ACAD_REACTORS
330
F9E
102
}
330
783
100
AcDbEntity
  8
SYMB
100
AcDbBlockReference
  2
input-line
 10
600.0
 20
1045.0
 30
0.0
  0
TEXT
  5
F86
330
783
100
AcDbEntity
  8
TXT
  6
Continuous
 62
     7
370
    -2
100
AcDbText
 10
214.8501188858696
 20
1211.48097826087
 30
0.0
 40
125.0
  1
L2
 41
0.95
  7
맑은고딕
 72
     4
 11
300.0
 21
1275.0
 31
0.0
100
AcDbText
  0
TEXT
  5
F87
330
783
100
AcDbEntity
  8
TXT
  6
Continuous
 62
     7
370
    -2
100
AcDbText
 10
514.8501188858696
 20
1212.54245923913
 30
0.0
 40
125.0
  1
L3
 41
0.95
  7
맑은고딕
 72
     4
 11
600.0
 21
1275.0
 31
0.0
100
AcDbText
  0
ARC
  5
F88
330
783
100
AcDbEntity
  8
SYMB
100
AcDbCircle
 10
-7.364844701165566
 20
150.0000000000146
 30
0.0
 40
157.3648447011466
100
AcDbArc
 50
287.5984362481307
 51
72.40156375185842
  0
CIRCLE
  5
F89
102
{ACAD_REACTORS
330
F9F
102
}
330
783
100
AcDbEntity
  8
SYMB
100
AcDbCircle
 10
0.0
 20
300.0
 30
0.0
 40
40.21345232398524
  0
CIRCLE
  5
F8A
102
{ACAD_REACTORS
330
F9F
102
}
330
783
100
AcDbEntity
  8
SYMB
100
AcDbCircle
 10
0.0
 20
0.0
 30
0.0
 40
40.21345232398524
  0
ARC
  5
F8B
330
783
100
AcDbEntity
  8
SYMB
100
AcDbCircle
 10
292.6351552988344
 20
150.0000000000146
 30
0.000000000000606
 40
157.3648447011466
100
AcDbArc
 50
287.5984362481191
 51
72.40156375186933
  0
CIRCLE
  5
F8C
102
{ACAD_REACTORS
330
F9F
102
}
330
783
100
AcDbEntity
  8
SYMB
100
AcDbCircle
 10
299.9999999999709
 20
300.0
 30
0.000000000000606
 40
40.21345232398524
  0
CIRCLE
  5
F8D
102
{ACAD_REACTORS
330
F9F
102
}
330
783
100
AcDbEntity
  8
SYMB
100
AcDbCircle
 10
299.9999999999709
 20
0.0
 30
0.000000000000606
 40
40.21345232398524
  0
ARC
  5
F8E
330
783
100
AcDbEntity
  8
SYMB
100
AcDbCircle
 10
592.6351552988344
 20
150.0000000000146
 30
0.000000000000606
 40
157.3648447011466
100
AcDbArc
 50
287.5984362481191
 51
72.40156375186933
  0
CIRCLE
  5
F8F
102
{ACAD_REACTORS
330
F9F
102
}
330
783
100
AcDbEntity
  8
SYMB
100
AcDbCircle
 10
599.9999999999709
 20
300.0
 30
0.000000000000606
 40
40.21345232398524
  0
CIRCLE
  5
F90
102
{ACAD_REACTORS
330
F9F
102
}
330
783
100
AcDbEntity
  8
SYMB
100
AcDbCircle
 10
599.9999999999709
 20
0.0
 30
0.000000000000606
 40
40.21345232398524
  0
LINE
  5
F91
330
783
100
AcDbEntity
  8
SYMB
 62
     4
100
AcDbLine
 10
150.0
 20
170.0
 30
0.000000000000606
 11
748.7238939951817
 21
170.0
 31
0.000000000000606
  0
LINE
  5
F92
330
783
100
AcDbEntity
  8
SYMB
 62
     4
100
AcDbLine
 10
150.0
 20
130.0
 30
0.000000000000606
 11
748.723893995178
 21
130.0
 31
0.000000000000606
  0
LWPOLYLINE
  5
F93
330
783
100
AcDbEntity
  8
2
 62
     4
100
AcDbPolyline
 90
        4
 70
     1
 43
0.0
 10
-1200.000000000029
 20
37.5
 10
-300.0000000000291
 20
37.5
 10
-300.0000000000291
 20
262.5
 10
-1200.000000000029
 20
262.5
  0
LWPOLYLINE
  5
F94
330
783
100
AcDbEntity
  8
2
 62
     4
100
AcDbPolyline
 90
        4
 70
     1
 43
0.0
 10
-750.0000000000291
 20
-187.5
 10
-1200.000000000029
 20
-187.5
 10
-1200.000000000029
 20
37.5
 10
-750.0000000000291
 20
37.5
  0
LWPOLYLINE
  5
F95
330
783
100
AcDbEntity
  8
2
 62
     4
100
AcDbPolyline
 90
        4
 70
     1
 43
0.0
 10
-300.0000000000291
 20
-187.5
 10
-750.0000000000291
 20
-187.5
 10
-750.0000000000291
 20
37.5
 10
-300.0000000000291
 20
37.5
  0
LWPOLYLINE
  5
F96
330
783
100
AcDbEntity
  8
2
 62
     4
100
AcDbPolyline
 90
        4
 70
     1
 43
0.0
 10
-2250.000000000029
 20
37.5
 10
-1200.000000000029
 20
37.5
 10
-1200.000000000029
 20
262.5
 10
-2250.000000000029
 20
262.5
  0
LWPOLYLINE
  5
F97
330
783
100
AcDbEntity
  8
2
 62
     4
100
AcDbPolyline
 90
        4
 70
     1
 43
0.0
 10
-2250.000000000029
 20
-187.5
 10
-1200.000000000029
 20
-187.5
 10
-1200.000000000029
 20
37.5
 10
-2250.000000000029
 20
37.5
  0
TEXT
  5
F98
330
783
100
AcDbEntity
  8
TXT
  6
Continuous
 62
     7
370
    -2
100
AcDbText
 10
-1961.047894021768
 20
87.5
 30
0.0
 40
125.0
  1
NAME
 41
0.95
  7
맑은고딕
 72
     1
 11
-1725.000000000029
 21
150.0
 31
0.0
100
AcDbText
 73
     2
  0
ATTDEF
  5
F99
330
783
100
AcDbEntity
  8
TXT
 62
     7
100
AcDbText
 10
362.6762058423914
 20
1625.0
 30
0.0
 40
125.0
  1
SOURCE
 41
0.95
  7
맑은고딕
 72
     1
 11
675.0
 21
1687.5
 31
0.0
100
AcDbAttributeDefinition
  3

  2
SOURCE
 70
     0
 74
     2
280
     1
  0
ATTDEF
  5
F9A
330
783
100
AcDbEntity
  8
TXT
 62
     7
100
AcDbText
 10
-2146.231742527203
 20
-137.5
 30
0.0
 40
125.0
  1
PNL_NAME
 41
0.95
  7
맑은고딕
 72
     1
 11
-1725.000000000029
 21
-75.0
 31
0.0
100
AcDbAttributeDefinition
  3

  2
PNL_NAME
 70
     0
 74
     2
280
     1
  0
ATTDEF
  5
F9B
330
783
100
AcDbEntity
  8
TXT
 62
     7
100
AcDbText
 10
-1066.317085597855
 20
87.5
 30
0.0
 40
125.0
  1
CB_TYPE
 41
0.95
  7
맑은고딕
 72
     1
 11
-750.0000000000291
 21
150.0
 31
0.0
100
AcDbAttributeDefinition
  3

  2
CB_TYPE
 70
     0
 74
     2
280
     1
  0
ATTDEF
  5
F9C
330
783
100
AcDbEntity
  8
TXT
 62
     7
100
AcDbText
 10
-1070.556640625029
 20
-137.5
 30
0.0
 40
125.0
  1
AF
 41
0.95
  7
맑은고딕
 72
     1
 11
-975.0000000000291
 21
-75.0
 31
0.0
100
AcDbAttributeDefinition
  3

  2
AF
 70
     0
 74
     2
280
     1
  0
ATTDEF
  5
F9D
330
783
100
AcDbEntity
  8
TXT
 62
     7
100
AcDbText
 10
-623.4608525815509
 20
-137.5
 30
0.0
 40
125.0
  1
AT
 41
0.95
  7
맑은고딕
 72
     1
 11
-525.0000000000291
 21
-75.0
 31
0.0
100
AcDbAttributeDefinition
  3

  2
AT
 70
     0
 74
     2
280
     1
  0
HATCH
  5
F9E
330
783
100
AcDbEntity
  8
0
 62
     2
440
 33554687
100
AcDbHatch
 10
0.0
 20
0.0
 30
0.0
210
0.0
220
0.0
230
1.0
  2
SOLID
 70
     1
 71
     1
 91
        3
 92
        1
 93
        3
 72
     1
 10
300.0
 20
1045.0
 11
248.1313135372475
 21
1125.0
 72
     1
 10
248.1313135372475
 20
1125.0
 11
351.8686864641495
 21
1125.0
 72
     1
 10
351.8686864641495
 20
1125.0
 11
300.0
 21
1045.0
 97
        1
330
F84
 92
        1
 93
        3
 72
     1
 10
0.0
 20
1045.0
 11
-51.86868646275252
 21
1125.0
 72
     1
 10
-51.86868646275252
 20
1125.0
 11
51.8686864641495
 21
1125.0
 72
     1
 10
51.8686864641495
 20
1125.0
 11
0.0000000000000142
 21
1045.0
 97
        1
330
F83
 92
        1
 93
        3
 72
     1
 10
600.0
 20
1045.0
 11
548.1313135372475
 21
1125.0
 72
     1
 10
548.1313135372475
 20
1125.0
 11
651.8686864641495
 21
1125.0
 72
     1
 10
651.8686864641495
 20
1125.0
 11
600.0
 21
1045.0
 97
        1
330
F85
 75
     1
 76
     1
 98
        1
 10
0.0
 20
0.0
450
        0
451
        0
460
0.0
461
1.0
452
        0
462
0.0
453
        2
463
0.0
 63
     5
421
      255
463
1.0
 63
     2
421
 16776960
470
LINEAR
1001
ACAD
1010
0.0
1020
0.0
1030
0.0
1001
AcadAnnotative
1000
AnnotativeData
1002
{
1070
     1
1070
     0
1002
}
  0
HATCH
  5
F9F
330
783
100
AcDbEntity
  8
0
 62
     2
440
 33554687
100
AcDbHatch
 10
0.0
 20
0.0
 30
0.0
210
0.0
220
0.0
230
1.0
  2
SOLID
 70
     1
 71
     1
 91
        6
 92
        1
 93
        1
 72
     2
 10
599.9999999999709
 20
0.0
 40
40.21345232398524
 50
0.0
 51
360.0
 73
     1
 97
        1
330
F90
 92
        1
 93
        1
 72
     2
 10
599.9999999999709
 20
300.0
 40
40.21345232398524
 50
0.0
 51
360.0
 73
     1
 97
        1
330
F8F
 92
        1
 93
        1
 72
     2
 10
0.0
 20
0.0
 40
40.21345232398524
 50
0.0
 51
360.0
 73
     1
 97
        1
330
F8A
 92
        1
 93
        1
 72
     2
 10
299.9999999999709
 20
0.0
 40
40.21345232398524
 50
0.0
 51
360.0
 73
     1
 97
        1
330
F8D
 92
        1
 93
        1
 72
     2
 10
299.9999999999709
 20
300.0
 40
40.21345232398524
 50
0.0
 51
360.0
 73
     1
 97
        1
330
F8C
 92
        1
 93
        1
 72
     2
 10
0.0
 20
300.0
 40
40.21345232398524
 50
0.0
 51
360.0
 73
     1
 97
        1
330
F89
 75
     1
 76
     1
 98
        1
 10
0.0
 20
0.0
450
        0
451
        0
460
0.0
461
1.0
452
        0
462
0.0
453
        2
463
0.0
 63
     5
421
      255
463
1.0
 63
     2
421
 16776960
470
LINEAR
1001
ACAD
1010
0.0
1020
0.0
1030
0.0
1001
AcadAnnotative
1000
AnnotativeData
1002
{
1070
     1
1070
     0
1002
}
  0
LWPOLYLINE
  5
FA0
330
783
100
AcDbEntity
  8
2
 62
     4
100
AcDbPolyline
 90
        4
 70
     1
 43
0.0
 10
-2250.000000000029
 20
262.5
 10
-300.0000000000291
 20
262.5
 10
-300.0000000000291
 20
487.5
 10
-2250.000000000029
 20
487.5
  0
TEXT
  5
FA1
330
783
100
AcDbEntity
  8
TXT
  6
Continuous
 62
     7
370
    -2
100
AcDbText
 10
-1929.698114809812
 20
312.5
 30
0.0
 40
125.0
  1
3Ø-3W 380/220V
 41
0.95
  7
맑은고딕
 72
     1
 11
-1275.000000000029
 21
375.0
 31
0.0
100
AcDbText
 73
     2
  0
ENDBLK
  5
7B3
330
783
100
AcDbEntity
  8
SYMB
100
AcDbBlockEnd
  0
BLOCK
  5
7BE
330
7BB
100
AcDbEntity
  8
SYMB
100
AcDbBlockBegin
  2
3P3W_RIGHT_BRANCH_BREAKER_3
 70
     2
 10
0.0
 20
0.0
 30
0.0
  3
3P3W_RIGHT_BRANCH_BREAKER_3
  1
Acad:XRef
  0
LINE
  5
FDA
330
7BB
100
AcDbEntity
  8
1
 62
     1
100
AcDbLine
 10
0.0000000000291038
 20
0.0
 30
0.0
 11
1349.0
 21
0.0
 31
0.0
  0
LINE
  5
FDB
330
7BB
100
AcDbEntity
  8
1
 62
     1
100
AcDbLine
 10
300.0000000000291
 20
-150.0
 30
0.0
 11
1349.0
 21
-150.0
 31
0.0
  0
LINE
  5
FDC
330
7BB
100
AcDbEntity
  8
1
 62
     1
100
AcDbLine
 10
600.0
 20
-300.0
 30
0.0
 11
1349.0
 21
-300.0
 31
0.0
  0
LINE
  5
FDD
330
7BB
100
AcDbEntity
  8
1
 62
     1
100
AcDbLine
 10
2549.337782579882
 20
0.0
 30
0.0
 11
1649.0
 21
0.0
 31
0.0
  0
LINE
  5
FDE
330
7BB
100
AcDbEntity
  8
1
 62
     1
100
AcDbLine
 10
2549.337782579882
 20
-150.0
 30
0.0
 11
1649.0
 21
-150.0
 31
0.0
  0
LINE
  5
FDF
330
7BB
100
AcDbEntity
  8
1
 62
     1
100
AcDbLine
 10
2549.337782579882
 20
-300.0
 30
0.0
 11
1649.0
 21
-300.0
 31
0.0
  0
INSERT
  5
FE0
102
{ACAD_REACTORS
330
FEC
102
}
330
7BB
100
AcDbEntity
  8
SYMB
100
AcDbBlockReference
  2
p3cb
 10
1499.0
 20
-150.0
 30
0.0
  0
LWPOLYLINE
  5
FE1
330
7BB
100
AcDbEntity
  8
SYMB
 62
     3
100
AcDbPolyline
 90
        2
 70
     0
 43
50.0
 10
4649.337782579882
 20
-150.0
 10
4725.385522811906
 20
-150.0
  0
LWPOLYLINE
  5
FE2
330
7BB
100
AcDbEntity
  8
2
 62
     4
100
AcDbPolyline
 90
        4
 70
     1
 43
0.0
 10
2549.337782579882
 20
-150.0
 10
3449.337782579882
 20
-150.0
 10
3449.337782579882
 20
75.0
 10
2549.337782579882
 20
75.0
  0
LWPOLYLINE
  5
FE3
330
7BB
100
AcDbEntity
  8
2
 62
     4
100
AcDbPolyline
 90
        4
 70
     1
 43
0.0
 10
2999.337782579882
 20
-375.0
 10
2549.337782579882
 20
-375.0
 10
2549.337782579882
 20
-150.0
 10
2999.337782579882
 20
-150.0
  0
LWPOLYLINE
  5
FE4
330
7BB
100
AcDbEntity
  8
2
 62
     4
100
AcDbPolyline
 90
        4
 70
     1
 43
0.0
 10
3449.337782579882
 20
-375.0
 10
2999.337782579882
 20
-375.0
 10
2999.337782579882
 20
-150.0
 10
3449.337782579882
 20
-150.0
  0
LWPOLYLINE
  5
FE5
330
7BB
100
AcDbEntity
  8
2
 62
     4
100
AcDbPolyline
 90
        4
 70
     1
 43
0.0
 10
3449.337782579882
 20
-150.0
 10
4499.337782579882
 20
-150.0
 10
4499.337782579882
 20
75.0
 10
3449.337782579882
 20
75.0
  0
LWPOLYLINE
  5
FE6
330
7BB
100
AcDbEntity
  8
2
 62
     4
100
AcDbPolyline
 90
        4
 70
     1
 43
0.0
 10
3449.337782579882
 20
-375.0
 10
4499.337782579882
 20
-375.0
 10
4499.337782579882
 20
-150.0
 10
3449.337782579882
 20
-150.0
  0
TEXT
  5
FE7
330
7BB
100
AcDbEntity
  8
TXT
  6
Continuous
370
    -2
100
AcDbText
 10
3738.289888558143
 20
-100.0
 30
0.0
 40
125.0
  1
NAME
 41
0.95
  7
맑은고딕
 72
     1
 11
3974.337782579882
 21
-37.5
 31
0.0
100
AcDbText
 73
     2
  0
ATTDEF
  5
FE8
330
7BB
100
AcDbEntity
  8
TXT
 62
     7
100
AcDbText
 10
3686.941807715752
 20
-325.0
 30
0.0
 40
125.0
  1
CIR_NO
 41
0.95
  7
맑은고딕
 72
     1
 11
3974.337782579882
 21
-262.5
 31
0.0
100
AcDbAttributeDefinition
  3

  2
CIR_NO
 70
     0
 74
     2
280
     1
  0
ATTDEF
  5
FE9
330
7BB
100
AcDbEntity
  8
TXT
 62
     7
100
AcDbText
 10
2683.020696982056
 20
-100.0
 30
0.0
 40
125.0
  1
CB_TYPE
 41
0.95
  7
맑은고딕
 72
     1
 11
2999.337782579882
 21
-37.5
 31
0.0
100
AcDbAttributeDefinition
  3

  2
CB_TYPE
 70
     0
 74
     2
280
     1
  0
ATTDEF
  5
FEA
330
7BB
100
AcDbEntity
  8
TXT
 62
     7
100
AcDbText
 10
2678.781141954882
 20
-325.0
 30
0.0
 40
125.0
  1
AF
 41
0.95
  7
맑은고딕
 72
     1
 11
2774.337782579882
 21
-262.5
 31
0.0
100
AcDbAttributeDefinition
  3

  2
AF
 70
     0
 74
     2
280
     1
  0
ATTDEF
  5
FEB
330
7BB
100
AcDbEntity
  8
TXT
 62
     7
100
AcDbText
 10
3125.876929998361
 20
-325.0
 30
0.0
 40
125.0
  1
AT
 41
0.95
  7
맑은고딕
 72
     1
 11
3224.337782579882
 21
-262.5
 31
0.0
100
AcDbAttributeDefinition
  3

  2
AT
 70
     0
 74
     2
280
     1
  0
HATCH
  5
FEC
330
7BB
100
AcDbEntity
  8
0
 62
     2
440
 33554687
100
AcDbHatch
 10
0.0
 20
0.0
 30
0.0
210
0.0
220
0.0
230
1.0
  2
SOLID
 70
     1
 71
     1
 91
        7
 92
        1
 93
        1
 72
     2
 10
1649.0
 20
-300.0
 40
40.21345232398524
 50
0.0
 51
360.0
 73
     1
 97
        1
330
FE0
 92
        1
 93
        1
 72
     2
 10
1349.0
 20
-300.0
 40
40.21345232398524
 50
0.0
 51
360.0
 73
     1
 97
        1
330
FE0
 92
        1
 93
        1
 72
     2
 10
1649.0
 20
-150.0
 40
40.21345232398524
 50
0.0
 51
360.0
 73
     1
 97
        1
330
FE0
 92
        1
 93
        1
 72
     2
 10
1349.0
 20
-150.0
 40
40.21345232398524
 50
0.0
 51
360.0
 73
     1
 97
        1
330
FE0
 92
        1
 93
        1
 72
     2
 10
1649.0
 20
0.0
 40
40.21345232398524
 50
0.0
 51
360.0
 73
     1
 97
        1
330
FE0
 92
        1
 93
        1
 72
     2
 10
1349.0
 20
0.0
 40
40.21345232398524
 50
0.0
 51
360.0
 73
     1
 97
        1
330
FE0
 92
       33
 93
        5
 72
     2
 10
1498.999999999985
 20
-307.364844701151
 40
157.3648447011487
 50
17.59843624812731
 51
162.4015637518676
 73
     1
 72
     1
 10
1479.0
 20
-151.2761060047997
 11
1479.0
 21
148.7238939952003
 72
     2
 10
1498.999999999985
 20
-7.364844701150943
 40
157.3648447011487
 50
17.59843624812731
 51
162.4015637518676
 73
     1
 72
     1
 10
1519.0
 20
-151.2761060048069
 11
1519.0
 21
148.7238939951931
 72
     2
 10
1498.999999999985
 20
-157.364844701151
 40
157.3648447011487
 50
17.59843624812731
 51
162.4015637518676
 73
     1
 97
        1
330
FE0
 75
     1
 76
     1
 98
        1
 10
0.0
 20
0.0
450
        0
451
        0
460
0.0
461
1.0
452
        0
462
0.0
453
        2
463
0.0
 63
     5
421
      255
463
1.0
 63
     2
421
 16776960
470
LINEAR
1001
ACAD
1010
0.0
1020
0.0
1030
0.0
1001
AcadAnnotative
1000
AnnotativeData
1002
{
1070
     1
1070
     0
1002
}
  0
CIRCLE
  5
FED
330
7BB
100
AcDbEntity
  8
SYMB
 62
     3
100
AcDbCircle
 10
4574.337782579882
 20
-150.0
 30
0.0
 40
75.0
  0
INSERT
  5
FEE
330
7BB
100
AcDbEntity
  8
SYMB
 62
     2
100
AcDbBlockReference
  2
BUS_CONN_DOT
 10
0.0000000000291038
 20
0.0
 30
0.0
  0
INSERT
  5
FEF
330
7BB
100
AcDbEntity
  8
SYMB
 62
     2
100
AcDbBlockReference
  2
BUS_CONN_DOT
 10
300.0000000000291
 20
-150.0
 30
0.0
  0
INSERT
  5
FF0
330
7BB
100
AcDbEntity
  8
SYMB
 62
     2
100
AcDbBlockReference
  2
BUS_CONN_DOT
 10
600.0
 20
-300.0
 30
0.0
  0
ENDBLK
  5
7EB
330
7BB
100
AcDbEntity
  8
SYMB
100
AcDbBlockEnd
  0
BLOCK
  5
80F
330
80C
100
AcDbEntity
  8
SYMB
100
AcDbBlockBegin
  2
1P2W_LEFT_BRANCH_BREAKER_3
 70
     2
 10
0.0
 20
0.0
 30
0.0
  3
1P2W_LEFT_BRANCH_BREAKER_3
  1
Acad:XRef
  0
LINE
  5
FC2
330
80C
100
AcDbEntity
  8
1
 62
     1
100
AcDbLine
 10
-1049.999999999971
 20
0.0
 30
0.0
 11
-1947.999999999971
 21
0.0
 31
0.0
  0
LINE
  5
FC3
330
80C
100
AcDbEntity
  8
1
 62
     1
100
AcDbLine
 10
-1049.999999999971
 20
-150.0
 30
0.0
 11
-1947.999999999971
 21
-150.0
 31
0.0
  0
INSERT
  5
FC4
102
{ACAD_REACTORS
330
FD2
102
}
330
80C
100
AcDbEntity
  8
SYMB
100
AcDbBlockReference
  2
p2cb
 10
-900.0
 20
-75.0
 30
0.0
  0
LWPOLYLINE
  5
FC5
330
80C
100
AcDbEntity
  8
SYMB
 62
     3
100
AcDbPolyline
 90
        2
 70
     0
 43
50.0
 10
-4047.952259767946
 20
-75.0
 10
-4124.999999999971
 20
-75.0
  0
LINE
  5
FC6
330
80C
100
AcDbEntity
  8
1
 62
     1
100
AcDbLine
 10
-750.0
 20
0.0
 30
0.0
 11
0.0
 21
0.0
 31
0.0
  0
LINE
  5
FC7
330
80C
100
AcDbEntity
  8
1
 62
     1
100
AcDbLine
 10
-750.0
 20
-150.0
 30
0.0
 11
300.0000000000291
 21
-150.0
 31
0.0
  0
LWPOLYLINE
  5
FC8
330
80C
100
AcDbEntity
  8
2
 62
     4
100
AcDbPolyline
 90
        4
 70
     1
 43
0.0
 10
-2847.999999999971
 20
-75.0
 10
-1947.999999999971
 20
-75.0
 10
-1947.999999999971
 20
150.0
 10
-2847.999999999971
 20
150.0
  0
LWPOLYLINE
  5
FC9
330
80C
100
AcDbEntity
  8
2
 62
     4
100
AcDbPolyline
 90
        4
 70
     1
 43
0.0
 10
-2397.999999999971
 20
-300.0
 10
-2847.999999999971
 20
-300.0
 10
-2847.999999999971
 20
-75.0
 10
-2397.999999999971
 20
-75.0
  0
LWPOLYLINE
  5
FCA
330
80C
100
AcDbEntity
  8
2
 62
     4
100
AcDbPolyline
 90
        4
 70
     1
 43
0.0
 10
-1947.999999999971
 20
-300.0
 10
-2397.999999999971
 20
-300.0
 10
-2397.999999999971
 20
-75.0
 10
-1947.999999999971
 20
-75.0
  0
LWPOLYLINE
  5
FCB
330
80C
100
AcDbEntity
  8
2
 62
     4
100
AcDbPolyline
 90
        4
 70
     1
 43
0.0
 10
-3897.999999999971
 20
-75.0
 10
-2847.999999999971
 20
-75.0
 10
-2847.999999999971
 20
150.0
 10
-3897.999999999971
 20
150.0
  0
LWPOLYLINE
  5
FCC
330
80C
100
AcDbEntity
  8
2
 62
     4
100
AcDbPolyline
 90
        4
 70
     1
 43
0.0
 10
-3897.999999999971
 20
-300.0
 10
-2847.999999999971
 20
-300.0
 10
-2847.999999999971
 20
-75.0
 10
-3897.999999999971
 20
-75.0
  0
TEXT
  5
FCD
330
80C
100
AcDbEntity
  8
TXT
  6
Continuous
370
    -2
100
AcDbText
 10
-3609.04789402171
 20
-25.0
 30
0.0
 40
125.0
  1
NAME
 41
0.95
  7
맑은고딕
 72
     1
 11
-3372.999999999971
 21
37.5
 31
0.0
100
AcDbText
 73
     2
  0
ATTDEF
  5
FCE
330
80C
100
AcDbEntity
  8
TXT
 62
     7
100
AcDbText
 10
-3660.395974864101
 20
-250.0
 30
0.0
 40
125.0
  1
CIR_NO
 41
0.95
  7
맑은고딕
 72
     1
 11
-3372.999999999971
 21
-187.5
 31
0.0
100
AcDbAttributeDefinition
  3

  2
CIR_NO
 70
     0
 74
     2
280
     1
  0
ATTDEF
  5
FCF
330
80C
100
AcDbEntity
  8
TXT
 62
     7
100
AcDbText
 10
-2714.317085597797
 20
-25.0
 30
0.0
 40
125.0
  1
CB_TYPE
 41
0.95
  7
맑은고딕
 72
     1
 11
-2397.999999999971
 21
37.5
 31
0.0
100
AcDbAttributeDefinition
  3

  2
CB_TYPE
 70
     0
 74
     2
280
     1
  0
ATTDEF
  5
FD0
330
80C
100
AcDbEntity
  8
TXT
 62
     7
100
AcDbText
 10
-2718.556640624971
 20
-250.0
 30
0.0
 40
125.0
  1
AF
 41
0.95
  7
맑은고딕
 72
     1
 11
-2622.999999999971
 21
-187.5
 31
0.0
100
AcDbAttributeDefinition
  3

  2
AF
 70
     0
 74
     2
280
     1
  0
ATTDEF
  5
FD1
330
80C
100
AcDbEntity
  8
TXT
 62
     7
100
AcDbText
 10
-2271.460852581492
 20
-250.0
 30
0.0
 40
125.0
  1
AT
 41
0.95
  7
맑은고딕
 72
     1
 11
-2172.999999999971
 21
-187.5
 31
0.0
100
AcDbAttributeDefinition
  3

  2
AT
 70
     0
 74
     2
280
     1
  0
HATCH
  5
FD2
330
80C
100
AcDbEntity
  8
0
 62
     2
440
 33554687
100
AcDbHatch
 10
0.0
 20
0.0
 30
0.0
210
0.0
220
0.0
230
1.0
  2
SOLID
 70
     1
 71
     1
 91
        5
 92
        1
 93
        1
 72
     2
 10
-750.0
 20
-150.0
 40
40.21345232398524
 50
0.0
 51
360.0
 73
     1
 97
        1
330
FC4
 92
        1
 93
        1
 72
     2
 10
-1050.0
 20
-150.0
 40
40.21345232398524
 50
0.0
 51
360.0
 73
     1
 97
        1
330
FC4
 92
        1
 93
        1
 72
     2
 10
-750.0
 20
0.0
 40
40.21345232398524
 50
0.0
 51
360.0
 73
     1
 97
        1
330
FC4
 92
        1
 93
        1
 72
     2
 10
-1050.0
 20
0.0
 40
40.21345232398524
 50
0.0
 51
360.0
 73
     1
 97
        1
330
FC4
 92
       33
 93
        4
 72
     1
 10
-920.0
 20
-1.276106004799658
 11
-920.0
 21
148.7238939952003
 72
     2
 10
-900.0000000000146
 20
-7.364844701151
 40
157.3648447011487
 50
17.59843624812733
 51
162.4015637518676
 73
     1
 72
     2
 10
-900.0000000000146
 20
-157.364844701151
 40
157.3648447011487
 50
17.59843624812733
 51
162.4015637518676
 73
     1
 72
     1
 10
-880.0
 20
-1.276106004806934
 11
-880.0
 21
148.7238939951931
 97
        1
330
FC4
 75
     1
 76
     1
 98
        1
 10
0.0
 20
0.0
450
        0
451
        0
460
0.0
461
1.0
452
        0
462
0.0
453
        2
463
0.0
 63
     5
421
      255
463
1.0
 63
     2
421
 16776960
470
LINEAR
1001
ACAD
1010
0.0
1020
0.0
1030
0.0
1001
AcadAnnotative
1000
AnnotativeData
1002
{
1070
     1
1070
     0
1002
}
  0
CIRCLE
  5
FD3
330
80C
100
AcDbEntity
  8
SYMB
 62
     3
100
AcDbCircle
 10
-3972.952259767946
 20
-75.0
 30
0.0
 40
75.0
  0
ENDBLK
  5
82D
330
80C
100
AcDbEntity
  8
SYMB
100
AcDbBlockEnd
  0
BLOCK
  5
837
330
834
100
AcDbEntity
  8
SYMB
100
AcDbBlockBegin
  2
1P2W_RIGHT_BRANCH_BREAKER_3
 70
     2
 10
0.0
 20
0.0
 30
0.0
  3
1P2W_RIGHT_BRANCH_BREAKER_3
  1
Acad:XRef
  0
LINE
  5
FF7
330
834
100
AcDbEntity
  8
1
 62
     1
100
AcDbLine
 10
0.0
 20
0.0
 30
0.0
 11
1349.000000000116
 21
0.0
 31
0.0
  0
LINE
  5
FF8
330
834
100
AcDbEntity
  8
1
 62
     1
100
AcDbLine
 10
300.0000000000291
 20
-150.0
 30
0.0
 11
1349.000000000116
 21
-150.0
 31
0.0
  0
LINE
  5
FF9
330
834
100
AcDbEntity
  8
1
 62
     1
100
AcDbLine
 10
2551.254921246553
 20
0.0
 30
0.0
 11
1649.000000000087
 21
0.0
 31
0.0000000000003614
  0
LINE
  5
FFA
330
834
100
AcDbEntity
  8
1
 62
     1
100
AcDbLine
 10
2551.254921246553
 20
-150.0
 30
0.0
 11
1649.000000000087
 21
-150.0
 31
0.0000000000003614
  0
INSERT
  5
FFB
102
{ACAD_REACTORS
330
1007
102
}
330
834
100
AcDbEntity
  8
SYMB
100
AcDbBlockReference
  2
p2cb
 10
1499.000000000058
 20
-75.0
 30
0.0000000000003614
  0
LWPOLYLINE
  5
FFC
330
834
100
AcDbEntity
  8
SYMB
 62
     3
100
AcDbPolyline
 90
        2
 70
     0
 43
50.0
 10
4651.254921246553
 20
-75.0
 10
4725.302661478578
 20
-75.0
  0
LWPOLYLINE
  5
FFD
330
834
100
AcDbEntity
  8
2
 62
     4
100
AcDbPolyline
 90
        4
 70
     1
 43
0.0
 10
2551.254921246553
 20
-75.0
 10
3451.254921246553
 20
-75.0
 10
3451.254921246553
 20
150.0
 10
2551.254921246553
 20
150.0
  0
LWPOLYLINE
  5
FFE
330
834
100
AcDbEntity
  8
2
 62
     4
100
AcDbPolyline
 90
        4
 70
     1
 43
0.0
 10
3001.254921246553
 20
-300.0
 10
2551.254921246553
 20
-300.0
 10
2551.254921246553
 20
-75.0
 10
3001.254921246553
 20
-75.0
  0
LWPOLYLINE
  5
FFF
330
834
100
AcDbEntity
  8
2
 62
     4
100
AcDbPolyline
 90
        4
 70
     1
 43
0.0
 10
3451.254921246553
 20
-300.0
 10
3001.254921246553
 20
-300.0
 10
3001.254921246553
 20
-75.0
 10
3451.254921246553
 20
-75.0
  0
LWPOLYLINE
  5
1000
330
834
100
AcDbEntity
  8
2
 62
     4
100
AcDbPolyline
 90
        4
 70
     1
 43
0.0
 10
3451.254921246553
 20
-75.0
 10
4501.254921246553
 20
-75.0
 10
4501.254921246553
 20
150.0
 10
3451.254921246553
 20
150.0
  0
LWPOLYLINE
  5
1001
330
834
100
AcDbEntity
  8
2
 62
     4
100
AcDbPolyline
 90
        4
 70
     1
 43
0.0
 10
3451.254921246553
 20
-300.0
 10
4501.254921246553
 20
-300.0
 10
4501.254921246553
 20
-75.0
 10
3451.254921246553
 20
-75.0
  0
TEXT
  5
1002
330
834
100
AcDbEntity
  8
TXT
  6
Continuous
370
    -2
100
AcDbText
 10
3740.207027224814
 20
-25.0
 30
0.0
 40
125.0
  1
NAME
 41
0.95
  7
맑은고딕
 72
     1
 11
3976.254921246553
 21
37.5
 31
0.0
100
AcDbText
 73
     2
  0
ATTDEF
  5
1003
330
834
100
AcDbEntity
  8
TXT
 62
     7
100
AcDbText
 10
3688.858946382422
 20
-250.0
 30
0.0
 40
125.0
  1
CIR_NO
 41
0.95
  7
맑은고딕
 72
     1
 11
3976.254921246553
 21
-187.5
 31
0.0
100
AcDbAttributeDefinition
  3

  2
CIR_NO
 70
     0
 74
     2
280
     1
  0
ATTDEF
  5
1004
330
834
100
AcDbEntity
  8
TXT
 62
     7
100
AcDbText
 10
2684.937835648727
 20
-25.0
 30
0.0
 40
125.0
  1
CB_TYPE
 41
0.95
  7
맑은고딕
 72
     1
 11
3001.254921246553
 21
37.5
 31
0.0
100
AcDbAttributeDefinition
  3

  2
CB_TYPE
 70
     0
 74
     2
280
     1
  0
ATTDEF
  5
1005
330
834
100
AcDbEntity
  8
TXT
 62
     7
100
AcDbText
 10
2680.698280621553
 20
-250.0
 30
0.0
 40
125.0
  1
AF
 41
0.95
  7
맑은고딕
 72
     1
 11
2776.254921246553
 21
-187.5
 31
0.0
100
AcDbAttributeDefinition
  3

  2
AF
 70
     0
 74
     2
280
     1
  0
ATTDEF
  5
1006
330
834
100
AcDbEntity
  8
TXT
 62
     7
100
AcDbText
 10
3127.794068665031
 20
-250.0
 30
0.0
 40
125.0
  1
AT
 41
0.95
  7
맑은고딕
 72
     1
 11
3226.254921246553
 21
-187.5
 31
0.0
100
AcDbAttributeDefinition
  3

  2
AT
 70
     0
 74
     2
280
     1
  0
HATCH
  5
1007
330
834
100
AcDbEntity
  8
0
 62
     2
440
 33554687
100
AcDbHatch
 10
0.0
 20
0.0
 30
0.0
210
0.0
220
0.0
230
1.0
  2
SOLID
 70
     1
 71
     1
 91
        5
 92
        1
 93
        1
 72
     2
 10
1649.000000000058
 20
-150.0
 40
40.21345232398524
 50
0.0
 51
360.0
 73
     1
 97
        1
330
FFB
 92
        1
 93
        1
 72
     2
 10
1349.000000000058
 20
-150.0
 40
40.21345232398524
 50
0.0
 51
360.0
 73
     1
 97
        1
330
FFB
 92
        1
 93
        1
 72
     2
 10
1649.000000000058
 20
0.0
 40
40.21345232398524
 50
0.0
 51
360.0
 73
     1
 97
        1
330
FFB
 92
        1
 93
        1
 72
     2
 10
1349.000000000058
 20
0.0
 40
40.21345232398524
 50
0.0
 51
360.0
 73
     1
 97
        1
330
FFB
 92
       33
 93
        4
 72
     2
 10
1499.000000000043
 20
-7.364844701150965
 40
157.3648447011487
 50
17.59843624812731
 51
162.4015637518676
 73
     1
 72
     1
 10
1519.000000000058
 20
-1.276106004806934
 11
1519.000000000058
 21
148.7238939951931
 72
     1
 10
1479.000000000058
 20
-1.276106004799658
 11
1479.000000000058
 21
148.7238939952003
 72
     2
 10
1499.000000000043
 20
-157.364844701151
 40
157.3648447011487
 50
17.59843624812731
 51
162.4015637518676
 73
     1
 97
        1
330
FFB
 75
     1
 76
     1
 98
        1
 10
0.0
 20
0.0
450
        0
451
        0
460
0.0
461
1.0
452
        0
462
0.0
453
        2
463
0.0
 63
     5
421
      255
463
1.0
 63
     2
421
 16776960
470
LINEAR
1001
ACAD
1010
0.0
1020
0.0
1030
0.0
1001
AcadAnnotative
1000
AnnotativeData
1002
{
1070
     1
1070
     0
1002
}
  0
CIRCLE
  5
1008
330
834
100
AcDbEntity
  8
SYMB
 62
     3
100
AcDbCircle
 10
4576.254921246553
 20
-75.0
 30
0.0
 40
75.0
  0
ENDBLK
  5
84A
330
834
100
AcDbEntity
  8
SYMB
100
AcDbBlockEnd
  0
BLOCK
  5
8C2
330
8C1
100
AcDbEntity
  8
Defpoints
100
AcDbBlockBegin
  2
3P3W_LEFT_BRANCH_BREAKER_3
 70
     2
 10
0.0
 20
0.0
 30
0.0
  3
3P3W_LEFT_BRANCH_BREAKER_3
  1
Acad:XRef
  0
LINE
  5
FA8
330
8C1
100
AcDbEntity
  8
1
 62
     1
100
AcDbLine
 10
-1050.000000000029
 20
0.0
 30
0.0
 11
-1947.917138666584
 21
0.0
 31
0.0
  0
LINE
  5
FA9
330
8C1
100
AcDbEntity
  8
1
 62
     1
100
AcDbLine
 10
-1050.000000000029
 20
-150.0
 30
0.0
 11
-1950.000000000029
 21
-150.0
 31
0.0
  0
LINE
  5
FAA
330
8C1
100
AcDbEntity
  8
1
 62
     1
100
AcDbLine
 10
-1050.000000000029
 20
-300.0
 30
0.0
 11
-1950.000000000029
 21
-300.0
 31
0.0
  0
LINE
  5
FAB
330
8C1
100
AcDbEntity
  8
1
 62
     1
100
AcDbLine
 10
-750.0000000000582
 20
0.0
 30
0.0
 11
0.0
 21
0.0
 31
0.0
  0
LINE
  5
FAC
330
8C1
100
AcDbEntity
  8
1
 62
     1
100
AcDbLine
 10
-750.0000000000582
 20
-150.0
 30
0.0
 11
300.0
 21
-150.0
 31
0.0
  0
LINE
  5
FAD
330
8C1
100
AcDbEntity
  8
1
 62
     1
100
AcDbLine
 10
-750.0000000000582
 20
-300.0
 30
0.0
 11
599.9999999999709
 21
-300.0
 31
0.0
  0
HATCH
  5
FAE
330
8C1
100
AcDbEntity
  8
0
 62
     2
440
 33554687
100
AcDbHatch
 10
0.0
 20
0.0
 30
0.0
210
0.0
220
0.0
230
1.0
  2
SOLID
 70
     1
 71
     1
 91
        7
 92
        1
 93
        1
 72
     2
 10
-750.0000000000582
 20
-300.0
 40
40.21345232398524
 50
0.0
 51
360.0
 73
     1
 97
        1
330
FAF
 92
        1
 93
        1
 72
     2
 10
-1050.000000000058
 20
-300.0
 40
40.21345232398524
 50
0.0
 51
360.0
 73
     1
 97
        1
330
FAF
 92
        1
 93
        1
 72
     2
 10
-750.0000000000582
 20
-150.0
 40
40.21345232398524
 50
0.0
 51
360.0
 73
     1
 97
        1
330
FAF
 92
        1
 93
        1
 72
     2
 10
-1050.000000000058
 20
-150.0
 40
40.21345232398524
 50
0.0
 51
360.0
 73
     1
 97
        1
330
FAF
 92
        1
 93
        1
 72
     2
 10
-750.0000000000582
 20
0.0
 40
40.21345232398524
 50
0.0
 51
360.0
 73
     1
 97
        1
330
FAF
 92
        1
 93
        1
 72
     2
 10
-1050.000000000058
 20
0.0
 40
40.21345232398524
 50
0.0
 51
360.0
 73
     1
 97
        1
330
FAF
 92
       33
 93
        5
 72
     2
 10
-900.0000000000582
 20
-7.364844701129186
 40
157.3648447011305
 50
17.59843624812388
 51
162.4015637518761
 73
     1
 72
     1
 10
-880.0000000000582
 20
-151.2761060048069
 11
-880.0000000000582
 21
148.7238939951931
 72
     2
 10
-900.0000000000582
 20
-157.3648447011292
 40
157.3648447011305
 50
17.59843624812388
 51
162.4015637518761
 73
     1
 72
     2
 10
-900.0000000000582
 20
-307.3648447011292
 40
157.3648447011305
 50
17.59843624812388
 51
162.4015637518761
 73
     1
 72
     1
 10
-920.0000000000582
 20
-151.2761060047997
 11
-920.0000000000582
 21
148.7238939952003
 97
        1
330
FAF
 75
     1
 76
     1
 98
        1
 10
0.0
 20
0.0
450
        0
451
        0
460
0.0
461
1.0
452
        0
462
0.0
453
        2
463
0.0
 63
     5
421
      255
463
1.0
 63
     2
421
 16776960
470
LINEAR
1001
ACAD
1010
0.0
1020
0.0
1030
0.0
1001
AcadAnnotative
1000
AnnotativeData
1002
{
1070
     1
1070
     0
1002
}
  0
INSERT
  5
FAF
102
{ACAD_REACTORS
330
FAE
102
}
330
8C1
100
AcDbEntity
  8
SYMB
100
AcDbBlockReference
  2
p3cb
 10
-900.0000000000582
 20
-150.0
 30
0.0
  0
LWPOLYLINE
  5
FB0
330
8C1
100
AcDbEntity
  8
SYMB
 62
     3
100
AcDbPolyline
 90
        2
 70
     0
 43
50.0
 10
-4049.952259768004
 20
-150.0
 10
-4125.000000000029
 20
-150.0
  0
LWPOLYLINE
  5
FB1
330
8C1
100
AcDbEntity
  8
2
 62
     4
100
AcDbPolyline
 90
        4
 70
     1
 43
0.0
 10
-2847.917138666584
 20
-150.0
 10
-1947.917138666584
 20
-150.0
 10
-1947.917138666584
 20
75.0
 10
-2847.917138666584
 20
75.0
  0
LWPOLYLINE
  5
FB2
330
8C1
100
AcDbEntity
  8
2
 62
     4
100
AcDbPolyline
 90
        4
 70
     1
 43
0.0
 10
-2397.917138666584
 20
-375.0
 10
-2847.917138666584
 20
-375.0
 10
-2847.917138666584
 20
-150.0
 10
-2397.917138666584
 20
-150.0
  0
LWPOLYLINE
  5
FB3
330
8C1
100
AcDbEntity
  8
2
 62
     4
100
AcDbPolyline
 90
        4
 70
     1
 43
0.0
 10
-1947.917138666584
 20
-375.0
 10
-2397.917138666584
 20
-375.0
 10
-2397.917138666584
 20
-150.0
 10
-1947.917138666584
 20
-150.0
  0
LWPOLYLINE
  5
FB4
330
8C1
100
AcDbEntity
  8
2
 62
     4
100
AcDbPolyline
 90
        4
 70
     1
 43
0.0
 10
-3897.917138666584
 20
-150.0
 10
-2847.917138666584
 20
-150.0
 10
-2847.917138666584
 20
75.0
 10
-3897.917138666584
 20
75.0
  0
LWPOLYLINE
  5
FB5
330
8C1
100
AcDbEntity
  8
2
 62
     4
100
AcDbPolyline
 90
        4
 70
     1
 43
0.0
 10
-3897.917138666584
 20
-375.0
 10
-2847.917138666584
 20
-375.0
 10
-2847.917138666584
 20
-150.0
 10
-3897.917138666584
 20
-150.0
  0
TEXT
  5
FB6
330
8C1
100
AcDbEntity
  8
TXT
  6
Continuous
370
    -2
100
AcDbText
 10
-3608.965032688323
 20
-100.0
 30
0.0
 40
125.0
  1
NAME
 41
0.95
  7
맑은고딕
 72
     1
 11
-3372.917138666584
 21
-37.5
 31
0.0
100
AcDbText
 73
     2
  0
CIRCLE
  5
FB7
330
8C1
100
AcDbEntity
  8
SYMB
 62
     3
100
AcDbCircle
 10
-3974.952259768004
 20
-150.0
 30
0.0
 40
75.0
  0
INSERT
  5
FB8
330
8C1
100
AcDbEntity
  8
SYMB
 62
     2
100
AcDbBlockReference
  2
BUS_CONN_DOT
 10
0.0
 20
0.0
 30
0.0
  0
INSERT
  5
FB9
330
8C1
100
AcDbEntity
  8
SYMB
 62
     2
100
AcDbBlockReference
  2
BUS_CONN_DOT
 10
300.0
 20
-150.0
 30
0.0
  0
INSERT
  5
FBA
330
8C1
100
AcDbEntity
  8
SYMB
 62
     2
100
AcDbBlockReference
  2
BUS_CONN_DOT
 10
599.9999999999709
 20
-300.0
 30
0.0
  0
ATTDEF
  5
FBB
330
8C1
100
AcDbEntity
  8
TXT
 62
     7
100
AcDbText
 10
-3660.313113530714
 20
-325.0
 30
0.0
 40
125.0
  1
CIR_NO
 41
0.95
  7
맑은고딕
 72
     1
 11
-3372.917138666584
 21
-262.5
 31
0.0
100
AcDbAttributeDefinition
  3

  2
CIR_NO
 70
     0
 74
     2
280
     1
  0
ATTDEF
  5
FBC
330
8C1
100
AcDbEntity
  8
TXT
 62
     7
100
AcDbText
 10
-2714.23422426441
 20
-100.0
 30
0.0
 40
125.0
  1
CB_TYPE
 41
0.95
  7
맑은고딕
 72
     1
 11
-2397.917138666584
 21
-37.5
 31
0.0
100
AcDbAttributeDefinition
  3

  2
CB_TYPE
 70
     0
 74
     2
280
     1
  0
ATTDEF
  5
FBD
330
8C1
100
AcDbEntity
  8
TXT
 62
     7
100
AcDbText
 10
-2718.473779291584
 20
-325.0
 30
0.0
 40
125.0
  1
AF
 41
0.95
  7
맑은고딕
 72
     1
 11
-2622.917138666584
 21
-262.5
 31
0.0
100
AcDbAttributeDefinition
  3

  2
AF
 70
     0
 74
     2
280
     1
  0
ATTDEF
  5
FBE
330
8C1
100
AcDbEntity
  8
TXT
 62
     7
100
AcDbText
 10
-2271.377991248105
 20
-325.0
 30
0.0
 40
125.0
  1
AT
 41
0.95
  7
맑은고딕
 72
     1
 11
-2172.917138666584
 21
-262.5
 31
0.0
100
AcDbAttributeDefinition
  3

  2
AT
 70
     0
 74
     2
280
     1
  0
ENDBLK
  5
8DA
330
8C1
100
AcDbEntity
  8
Defpoints
100
AcDbBlockEnd
  0
BLOCK
  5
AD7
330
AD6
100
AcDbEntity
  8
SYMB
100
AcDbBlockBegin
  2
3P3W_L_SYM_ELB_3
 70
     0
 10
0.0
 20
0.0
 30
0.0
  3
3P3W_L_SYM_ELB_3
  1
Acad:XRef
  0
TEXT
  5
AD8
330
AD6
100
AcDbEntity
  8
SYMB
 62
     4
100
AcDbText
 10
-725.0514933281937
 20
-120.0
 30
0.0
 40
90.0
  1
15mA
  7
맑은고딕
 72
     1
 11
-559.7865476760198
 21
-75.0
 31
0.0
100
AcDbText
 73
     2
  0
LWPOLYLINE
  5
AD9
330
AD6
100
AcDbEntity
  8
SYMB
 62
     2
100
AcDbPolyline
 90
        4
 70
     1
 43
0.0
 10
-750.0000000000582
 20
-150.0
 10
-369.5730953520979
 20
-150.0
 10
-369.5730953520979
 20
0.0
 10
-750.0000000000582
 20
0.0
  0
ENDBLK
  5
ADA
330
AD6
100
AcDbEntity
  8
SYMB
100
AcDbBlockEnd
  0
BLOCK
  5
ADD
330
ADC
100
AcDbEntity
  8
SYMB
100
AcDbBlockBegin
  2
1P2W_L_SYM_ELB_3
 70
     0
 10
0.0
 20
0.0
 30
0.0
  3
1P2W_L_SYM_ELB_3
  1
Acad:XRef
  0
TEXT
  5
ADE
330
ADC
100
AcDbEntity
  8
SYMB
 62
     4
100
AcDbText
 10
-727.1343546615807
 20
-120.0
 30
0.0
 40
90.0
  1
15mA
  7
맑은고딕
 72
     1
 11
-561.8694090094068
 21
-75.0
 31
0.0
100
AcDbText
 73
     2
  0
LWPOLYLINE
  5
ADF
330
ADC
100
AcDbEntity
  8
SYMB
 62
     2
100
AcDbPolyline
 90
        4
 70
     1
 43
0.0
 10
-752.0828613334452
 20
-150.0
 10
-371.6559566854849
 20
-150.0
 10
-371.6559566854849
 20
0.0
 10
-752.0828613334452
 20
0.0
  0
ENDBLK
  5
AE0
330
ADC
100
AcDbEntity
  8
SYMB
100
AcDbBlockEnd
  0
BLOCK
  5
AE3
330
AE2
100
AcDbEntity
  8
SYMB
100
AcDbBlockBegin
  2
3P3W_R_SYM_ELB_3
 70
     0
 10
0.0
 20
0.0
 30
0.0
  3
3P3W_R_SYM_ELB_3
  1
Acad:XRef
  0
TEXT
  5
AE4
330
AE2
100
AcDbEntity
  8
SYMB
 62
     4
100
AcDbText
 10
993.5216020239042
 20
-120.0
 30
0.0
 40
90.0
  1
15mA
  7
맑은고딕
 72
     1
 11
1158.786547676078
 21
-75.0
 31
0.0
100
AcDbText
 73
     2
  0
LWPOLYLINE
  5
AE5
330
AE2
100
AcDbEntity
  8
SYMB
 62
     2
100
AcDbPolyline
 90
        4
 70
     1
 43
0.0
 10
968.5730953520397
 20
-150.0
 10
1349.0
 20
-150.0
 10
1349.0
 20
0.0
 10
968.5730953520397
 20
0.0
  0
ENDBLK
  5
AE6
330
AE2
100
AcDbEntity
  8
SYMB
100
AcDbBlockEnd
  0
BLOCK
  5
AE9
330
AE8
100
AcDbEntity
  8
SYMB
100
AcDbBlockBegin
  2
1P2W_R_SYM_ELB_3
 70
     0
 10
0.0
 20
0.0
 30
0.0
  3
1P2W_R_SYM_ELB_3
  1
Acad:XRef
  0
TEXT
  5
AEA
330
AE8
100
AcDbEntity
  8
SYMB
 62
     4
100
AcDbText
 10
991.438740690604
 20
-120.0
 30
0.0
 40
90.0
  1
15mA
  7
맑은고딕
 72
     1
 11
1156.703686342778
 21
-75.0
 31
0.0
100
AcDbText
 73
     2
  0
LWPOLYLINE
  5
AEB
330
AE8
100
AcDbEntity
  8
SYMB
 62
     2
100
AcDbPolyline
 90
        4
 70
     1
 43
0.0
 10
966.49023401874
 20
-150.0
 10
1346.9171386667
 20
-150.0
 10
1346.9171386667
 20
0.0
 10
966.49023401874
 20
0.0
  0
ENDBLK
  5
AEC
330
AE8
100
AcDbEntity
  8
SYMB
100
AcDbBlockEnd
  0
BLOCK
  5
AEF
330
AEE
100
AcDbEntity
  8
SYMB
100
AcDbBlockBegin
  2
3P3W_L_SYM_TIMER_3
 70
     0
 10
0.0
 20
0.0
 30
0.0
  3
3P3W_L_SYM_TIMER_3
  1
Acad:XRef
  0
TEXT
  5
AF0
330
AEE
100
AcDbEntity
  8
TXT
100
AcDbText
 10
-2025.547513210616
 20
187.5
 30
0.0
 40
75.0
  1
T
  7
SHT
 72
     1
 11
-1997.947513210616
 21
225.0
 31
0.0
100
AcDbText
 73
     2
  0
CIRCLE
  5
AF1
330
AEE
100
AcDbEntity
  8
2
 62
     4
100
AcDbCircle
 10
-1997.947513210616
 20
225.0
 30
-0.0000000000004336
 40
64.3757959482474
  0
TEXT
  5
AF2
330
AEE
100
AcDbEntity
  8
SYMB
 62
     7
100
AcDbText
 10
-2450.792956851151
 20
175.0
 30
0.0
 40
100.0
  1
TIMER
 41
0.9
  7
맑은고딕
 72
     1
 11
-2272.50491337289
 21
225.0
 31
0.0
100
AcDbText
 73
     2
  0
LINE
  5
AF3
330
AEE
100
AcDbEntity
  8
SYMB
100
AcDbLine
 10
-1792.315182099061
 20
169.3980434324767
 30
-0.0000000000004336
 11
-1903.519095234107
 21
280.601956567516
 31
-0.0000000000004336
  0
LINE
  5
AF4
330
AEE
100
AcDbEntity
  8
SYMB
100
AcDbLine
 10
-1797.917138666584
 20
225.0
 30
-0.0000000000004336
 11
-1748.262560070812
 21
225.0
 31
-0.0000000000004336
  0
LWPOLYLINE
  5
AF5
330
AEE
100
AcDbEntity
  8
SYMB
100
AcDbPolyline
 90
        4
 70
     1
 43
0.0
 10
-1747.917138666584
 20
75.0
 10
-1947.917138666584
 20
75.0
 10
-1947.917138666584
 20
-375.0
 10
-1747.917138666584
 20
-375.0
  0
LINE
  5
AF6
330
AEE
100
AcDbEntity
  8
SYMB
100
AcDbLine
 10
-1847.917138666584
 20
175.0
 30
-0.0000000000004336
 11
-1847.917138666584
 21
75.0
 31
-0.0000000000004336
  0
CIRCLE
  5
AF7
330
AEE
100
AcDbEntity
  8
SYMB
100
AcDbCircle
 10
-1847.917138666584
 20
225.0
 30
-0.0000000000004336
 40
50.0
  0
LWPOLYLINE
  5
AF8
330
AEE
100
AcDbEntity
  8
SYMB
  6
Continuous
100
AcDbPolyline
 90
        4
 70
     1
 43
0.0
 10
-1748.262560070812
 20
174.9999999999127
 10
-1548.262560072239
 20
174.9999999999127
 10
-1548.262560072239
 20
275.0000000000873
 10
-1748.262560070812
 20
275.0000000000873
  0
CIRCLE
  5
AF9
330
AEE
100
AcDbEntity
  8
SYMB
  6
Continuous
 62
     4
100
AcDbCircle
 10
-1598.262560076313
 20
224.9999999995634
 30
-0.0000000000004336
 40
50.00000000013578
  0
CIRCLE
  5
AFA
330
AEE
100
AcDbEntity
  8
SYMB
  6
Continuous
 62
     4
100
AcDbCircle
 10
-1698.262560075585
 20
224.9999999995634
 30
-0.0000000000004336
 40
50.00000000013578
  0
TEXT
  5
AFB
330
AEE
100
AcDbEntity
  8
SYMB
 62
     7
100
AcDbText
 10
-1515.221568653033
 20
176.4578017067834
 30
0.0
 40
100.0
  1
ON/OFF
 41
0.8
  7
맑은고딕
 72
     1
 11
-1309.02591647912
 21
226.4578017067834
 31
0.0
100
AcDbText
 73
     2
  0
WIPEOUT
  5
AFC
330
AEE
100
AcDbEntity
  8
SYMB
 62
     2
 92
      140
310
8C00000001000000840000000600000005000000800B6626AB6F9EC00000000000C052400000000000000000800B6626AB6F9EC0FFFFFFFFFF6F77C00000000000000000800B6626AB4F9BC0FFFFFFFFFF6F77C00000000000000000800B6626AB4F9BC00000000000C052400000000000000000800B6626AB6F9EC0000000
310
0000C052400000000000000000
100
AcDbWipeout
 90
        0
 10
-1947.917138666584
 20
-375.0
 30
0.0
 11
450.0
 21
0.0
 31
0.0
 12
0.0
 22
450.0
 32
0.0
 13
1.0
 23
1.0
340
0
 70
     7
280
     1
281
    50
282
    50
283
     0
360
0
 71
     2
 91
        5
 14
-0.5
 24
-0.5
 14
-0.5
 24
0.4999999999999999
 14
-0.0555555555555556
 24
0.4999999999999999
 14
-0.0555555555555556
 24
-0.5
 14
-0.5
 24
-0.5
  0
TEXT
  5
AFD
330
AEE
100
AcDbEntity
  8
SYMB
 62
     7
100
AcDbText
 10
-1911.707899536149
 20
-87.5
 30
0.0
 40
100.0
  1
M
  7
맑은고딕
 72
     1
 11
-1847.917138666584
 21
-37.5
 31
0.0
100
AcDbText
 73
     2
  0
TEXT
  5
AFE
330
AEE
100
AcDbEntity
  8
SYMB
 62
     7
100
AcDbText
 10
-1896.728279970932
 20
-312.5
 30
0.0
 40
100.0
  1
G
  7
맑은고딕
 72
     1
 11
-1847.917138666584
 21
-262.5
 31
0.0
100
AcDbText
 73
     2
  0
LINE
  5
AFF
330
AEE
100
AcDbEntity
  8
SYMB
100
AcDbLine
 10
-1897.917138666584
 20
225.0
 30
-0.0000000000004336
 11
-1933.571717262355
 21
225.0
 31
-0.0000000000004336
  0
ENDBLK
  5
B00
330
AEE
100
AcDbEntity
  8
SYMB
100
AcDbBlockEnd
  0
BLOCK
  5
B03
330
B02
100
AcDbEntity
  8
SYMB
100
AcDbBlockBegin
  2
1P2W_L_SYM_TIMER_3
 70
     0
 10
0.0
 20
0.0
 30
0.0
  3
1P2W_L_SYM_TIMER_3
  1
Acad:XRef
  0
TEXT
  5
B04
330
B02
100
AcDbEntity
  8
TXT
100
AcDbText
 10
-2025.630374544003
 20
262.5
 30
0.0
 40
75.0
  1
T
  7
SHT
 72
     1
 11
-1998.030374544003
 21
300.0
 31
0.0
100
AcDbText
 73
     2
  0
CIRCLE
  5
B05
330
B02
100
AcDbEntity
  8
2
 62
     4
100
AcDbCircle
 10
-1998.030374544003
 20
300.0
 30
-0.0000000000004336
 40
64.3757959482474
  0
TEXT
  5
B06
330
B02
100
AcDbEntity
  8
SYMB
 62
     7
100
AcDbText
 10
-2450.875818184538
 20
250.0
 30
0.0
 40
100.0
  1
TIMER
 41
0.9
  7
맑은고딕
 72
     1
 11
-2272.587774706277
 21
300.0
 31
0.0
100
AcDbText
 73
     2
  0
LINE
  5
B07
330
B02
100
AcDbEntity
  8
SYMB
100
AcDbLine
 10
-1792.398043432448
 20
244.3980434324767
 30
-0.0000000000004336
 11
-1903.601956567494
 21
355.601956567516
 31
-0.0000000000004336
  0
LINE
  5
B08
330
B02
100
AcDbEntity
  8
SYMB
100
AcDbLine
 10
-1797.999999999971
 20
300.0
 30
-0.0000000000004336
 11
-1748.345421404199
 21
300.0
 31
-0.0000000000004336
  0
LWPOLYLINE
  5
B09
330
B02
100
AcDbEntity
  8
SYMB
100
AcDbPolyline
 90
        4
 70
     1
 43
0.0
 10
-1747.999999999971
 20
150.0
 10
-1947.999999999971
 20
150.0
 10
-1947.999999999971
 20
-300.0
 10
-1747.999999999971
 20
-300.0
  0
LINE
  5
B0A
330
B02
100
AcDbEntity
  8
SYMB
100
AcDbLine
 10
-1847.999999999971
 20
250.0
 30
-0.0000000000004336
 11
-1847.999999999971
 21
150.0
 31
-0.0000000000004336
  0
CIRCLE
  5
B0B
330
B02
100
AcDbEntity
  8
SYMB
100
AcDbCircle
 10
-1847.999999999971
 20
300.0
 30
-0.0000000000004336
 40
50.0
  0
LWPOLYLINE
  5
B0C
330
B02
100
AcDbEntity
  8
SYMB
  6
Continuous
100
AcDbPolyline
 90
        4
 70
     1
 43
0.0
 10
-1748.345421404199
 20
249.9999999999127
 10
-1548.345421405626
 20
249.9999999999127
 10
-1548.345421405626
 20
350.0000000000873
 10
-1748.345421404199
 20
350.0000000000873
  0
CIRCLE
  5
B0D
330
B02
100
AcDbEntity
  8
SYMB
  6
Continuous
 62
     4
100
AcDbCircle
 10
-1598.3454214097
 20
299.9999999995634
 30
-0.0000000000004336
 40
50.00000000013578
  0
CIRCLE
  5
B0E
330
B02
100
AcDbEntity
  8
SYMB
  6
Continuous
 62
     4
100
AcDbCircle
 10
-1698.345421408972
 20
299.9999999995634
 30
-0.0000000000004336
 40
50.00000000013578
  0
TEXT
  5
B0F
330
B02
100
AcDbEntity
  8
SYMB
 62
     7
100
AcDbText
 10
-1515.30442998642
 20
251.4578017067834
 30
0.0
 40
100.0
  1
ON/OFF
 41
0.8
  7
맑은고딕
 72
     1
 11
-1309.108777812507
 21
301.4578017067834
 31
0.0
100
AcDbText
 73
     2
  0
WIPEOUT
  5
B10
330
B02
100
AcDbEntity
  8
SYMB
 62
     2
 92
      140
310
8C0000000100000084000000060000000500000080FFFFFFFF6F9EC00000000000C06240000000000000000080FFFFFFFF6F9EC0FFFFFFFFFFBF72C0000000000000000080FFFFFFFF4F9BC0FFFFFFFFFFBF72C0000000000000000080FFFFFFFF4F9BC00000000000C06240000000000000000080FFFFFFFF6F9EC0000000
310
0000C062400000000000000000
100
AcDbWipeout
 90
        0
 10
-1947.999999999971
 20
-300.0
 30
0.0
 11
450.0
 21
0.0
 31
0.0
 12
0.0
 22
450.0
 32
0.0
 13
1.0
 23
1.0
340
0
 70
     7
280
     1
281
    50
282
    50
283
     0
360
0
 71
     2
 91
        5
 14
-0.5
 24
-0.5
 14
-0.5
 24
0.4999999999999999
 14
-0.0555555555555556
 24
0.4999999999999999
 14
-0.0555555555555556
 24
-0.5
 14
-0.5
 24
-0.5
  0
TEXT
  5
B11
330
B02
100
AcDbEntity
  8
SYMB
 62
     7
100
AcDbText
 10
-1911.790760869536
 20
-12.5
 30
0.0
 40
100.0
  1
M
  7
맑은고딕
 72
     1
 11
-1847.999999999971
 21
37.5
 31
0.0
100
AcDbText
 73
     2
  0
TEXT
  5
B12
330
B02
100
AcDbEntity
  8
SYMB
 62
     7
100
AcDbText
 10
-1896.811141304319
 20
-237.5
 30
0.0
 40
100.0
  1
G
  7
맑은고딕
 72
     1
 11
-1847.999999999971
 21
-187.5
 31
0.0
100
AcDbText
 73
     2
  0
LINE
  5
B13
330
B02
100
AcDbEntity
  8
SYMB
100
AcDbLine
 10
-1897.999999999971
 20
300.0
 30
-0.0000000000004336
 11
-1933.654578595742
 21
300.0
 31
-0.0000000000004336
  0
ENDBLK
  5
B14
330
B02
100
AcDbEntity
  8
SYMB
100
AcDbBlockEnd
  0
BLOCK
  5
B17
330
B16
100
AcDbEntity
  8
SYMB
100
AcDbBlockBegin
  2
3P3W_R_SYM_TIMER_3
 70
     0
 10
0.0
 20
0.0
 30
0.0
  3
3P3W_R_SYM_TIMER_3
  1
Acad:XRef
  0
TEXT
  5
B18
330
B16
100
AcDbEntity
  8
TXT
100
AcDbText
 10
2275.70740803582
 20
187.5
 30
0.0
 40
75.0
  1
T
  7
SHT
 72
     1
 11
2303.30740803582
 21
225.0
 31
0.0
100
AcDbText
 73
     2
  0
CIRCLE
  5
B19
330
B16
100
AcDbEntity
  8
2
 62
     4
100
AcDbCircle
 10
2303.30740803582
 20
225.0
 30
-0.0000000000004119
 40
64.3757959482474
  0
TEXT
  5
B1A
330
B16
100
AcDbEntity
  8
SYMB
 62
     7
100
AcDbText
 10
1850.461964395286
 20
175.0
 30
0.0
 40
100.0
  1
TIMER
 41
0.9
  7
맑은고딕
 72
     1
 11
2028.750007873547
 21
225.0
 31
0.0
100
AcDbText
 73
     2
  0
LINE
  5
B1B
330
B16
100
AcDbEntity
  8
SYMB
100
AcDbLine
 10
2508.939739147376
 20
169.3980434324767
 30
-0.0000000000004119
 11
2397.735826012329
 21
280.601956567516
 31
-0.0000000000004119
  0
LINE
  5
B1C
330
B16
100
AcDbEntity
  8
SYMB
100
AcDbLine
 10
2503.337782579853
 20
225.0
 30
-0.0000000000004119
 11
2552.992361175624
 21
225.0
 31
-0.0000000000004119
  0
LWPOLYLINE
  5
B1D
330
B16
100
AcDbEntity
  8
SYMB
100
AcDbPolyline
 90
        4
 70
     1
 43
0.0
 10
2553.337782579853
 20
75.0
 10
2353.337782579853
 20
75.0
 10
2353.337782579853
 20
-375.0
 10
2553.337782579853
 20
-375.0
  0
LINE
  5
B1E
330
B16
100
AcDbEntity
  8
SYMB
100
AcDbLine
 10
2453.337782579853
 20
175.0
 30
-0.0000000000004119
 11
2453.337782579853
 21
75.0
 31
-0.0000000000004119
  0
CIRCLE
  5
B1F
330
B16
100
AcDbEntity
  8
SYMB
100
AcDbCircle
 10
2453.337782579853
 20
225.0
 30
-0.0000000000004119
 40
50.0
  0
LWPOLYLINE
  5
B20
330
B16
100
AcDbEntity
  8
SYMB
  6
Continuous
100
AcDbPolyline
 90
        4
 70
     1
 43
0.0
 10
2552.992361175624
 20
174.9999999999127
 10
2752.992361174198
 20
174.9999999999127
 10
2752.992361174198
 20
275.0000000000873
 10
2552.992361175624
 20
275.0000000000873
  0
CIRCLE
  5
B21
330
B16
100
AcDbEntity
  8
SYMB
  6
Continuous
 62
     4
100
AcDbCircle
 10
2702.992361170123
 20
224.9999999995634
 30
-0.0000000000004119
 40
50.00000000013578
  0
CIRCLE
  5
B22
330
B16
100
AcDbEntity
  8
SYMB
  6
Continuous
 62
     4
100
AcDbCircle
 10
2602.992361170851
 20
224.9999999995634
 30
-0.0000000000004119
 40
50.00000000013578
  0
TEXT
  5
B23
330
B16
100
AcDbEntity
  8
SYMB
 62
     7
100
AcDbText
 10
2786.033352593403
 20
176.4578017067834
 30
0.0
 40
100.0
  1
ON/OFF
 41
0.8
  7
맑은고딕
 72
     1
 11
2992.229004767316
 21
226.4578017067834
 31
0.0
100
AcDbText
 73
     2
  0
WIPEOUT
  5
B24
330
B16
100
AcDbEntity
  8
SYMB
 62
     2
 92
      140
310
8C00000001000000840000000600000005000000419BD6F1AC62A2400000000000C05240C18CB662996E183D419BD6F1AC62A240FFFFFFFFFF6F77C0C18CB662996E183D419BD6F1ACF2A340FFFFFFFFFF6F77C0C18CB662996E183D419BD6F1ACF2A3400000000000C05240C18CB662996E183D419BD6F1AC62A240000000
310
0000C05240C18CB662996E183D
100
AcDbWipeout
 90
        0
 10
2353.337782579853
 20
-375.0
 30
0.0000000000000217
 11
450.0
 21
0.0
 31
0.0
 12
0.0
 22
450.0
 32
0.0
 13
1.0
 23
1.0
340
0
 70
     7
280
     1
281
    50
282
    50
283
     0
360
0
 71
     2
 91
        5
 14
-0.5
 24
-0.5
 14
-0.5
 24
0.4999999999999999
 14
-0.0555555555555556
 24
0.4999999999999999
 14
-0.0555555555555556
 24
-0.5
 14
-0.5
 24
-0.5
  0
TEXT
  5
B25
330
B16
100
AcDbEntity
  8
SYMB
 62
     7
100
AcDbText
 10
2389.547021710288
 20
-87.5
 30
0.0
 40
100.0
  1
M
  7
맑은고딕
 72
     1
 11
2453.337782579853
 21
-37.5
 31
0.0
100
AcDbText
 73
     2
  0
TEXT
  5
B26
330
B16
100
AcDbEntity
  8
SYMB
 62
     7
100
AcDbText
 10
2404.526641275505
 20
-312.5
 30
0.0
 40
100.0
  1
G
  7
맑은고딕
 72
     1
 11
2453.337782579853
 21
-262.5
 31
0.0
100
AcDbText
 73
     2
  0
LINE
  5
B27
330
B16
100
AcDbEntity
  8
SYMB
100
AcDbLine
 10
2403.337782579853
 20
225.0
 30
-0.0000000000004119
 11
2367.683203984081
 21
225.0
 31
-0.0000000000004119
  0
ENDBLK
  5
B28
330
B16
100
AcDbEntity
  8
SYMB
100
AcDbBlockEnd
  0
BLOCK
  5
B2B
330
B2A
100
AcDbEntity
  8
SYMB
100
AcDbBlockBegin
  2
1P2W_R_SYM_TIMER_3
 70
     0
 10
0.0
 20
0.0
 30
0.0
  3
1P2W_R_SYM_TIMER_3
  1
Acad:XRef
  0
TEXT
  5
B2C
330
B2A
100
AcDbEntity
  8
TXT
100
AcDbText
 10
2273.62454670252
 20
262.5
 30
0.0
 40
75.0
  1
T
  7
SHT
 72
     1
 11
2301.22454670252
 21
300.0
 31
0.0
100
AcDbText
 73
     2
  0
CIRCLE
  5
B2D
330
B2A
100
AcDbEntity
  8
2
 62
     4
100
AcDbCircle
 10
2301.22454670252
 20
300.0
 30
-0.0000000000004336
 40
64.3757959482474
  0
TEXT
  5
B2E
330
B2A
100
AcDbEntity
  8
SYMB
 62
     7
100
AcDbText
 10
1848.379103061986
 20
250.0
 30
0.0
 40
100.0
  1
TIMER
 41
0.9
  7
맑은고딕
 72
     1
 11
2026.667146540247
 21
300.0
 31
0.0
100
AcDbText
 73
     2
  0
LINE
  5
B2F
330
B2A
100
AcDbEntity
  8
SYMB
100
AcDbLine
 10
2506.856877814076
 20
244.3980434324767
 30
-0.0000000000004336
 11
2395.65296467903
 21
355.601956567516
 31
-0.0000000000004336
  0
LINE
  5
B30
330
B2A
100
AcDbEntity
  8
SYMB
100
AcDbLine
 10
2501.254921246553
 20
300.0
 30
-0.0000000000004336
 11
2550.909499842324
 21
300.0
 31
-0.0000000000004336
  0
LWPOLYLINE
  5
B31
330
B2A
100
AcDbEntity
  8
SYMB
100
AcDbPolyline
 90
        4
 70
     1
 43
0.0
 10
2551.254921246553
 20
150.0
 10
2351.254921246553
 20
150.0
 10
2351.254921246553
 20
-300.0
 10
2551.254921246553
 20
-300.0
  0
LINE
  5
B32
330
B2A
100
AcDbEntity
  8
SYMB
100
AcDbLine
 10
2451.254921246553
 20
250.0
 30
-0.0000000000004336
 11
2451.254921246553
 21
150.0
 31
-0.0000000000004336
  0
CIRCLE
  5
B33
330
B2A
100
AcDbEntity
  8
SYMB
100
AcDbCircle
 10
2451.254921246553
 20
300.0
 30
-0.0000000000004336
 40
50.0
  0
LWPOLYLINE
  5
B34
330
B2A
100
AcDbEntity
  8
SYMB
  6
Continuous
100
AcDbPolyline
 90
        4
 70
     1
 43
0.0
 10
2550.909499842324
 20
249.9999999999127
 10
2750.909499840898
 20
249.9999999999127
 10
2750.909499840898
 20
350.0000000000873
 10
2550.909499842324
 20
350.0000000000873
  0
CIRCLE
  5
B35
330
B2A
100
AcDbEntity
  8
SYMB
  6
Continuous
 62
     4
100
AcDbCircle
 10
2700.909499836824
 20
299.9999999995634
 30
-0.0000000000004336
 40
50.00000000013578
  0
CIRCLE
  5
B36
330
B2A
100
AcDbEntity
  8
SYMB
  6
Continuous
 62
     4
100
AcDbCircle
 10
2600.909499837551
 20
299.9999999995634
 30
-0.0000000000004336
 40
50.00000000013578
  0
TEXT
  5
B37
330
B2A
100
AcDbEntity
  8
SYMB
 62
     7
100
AcDbText
 10
2783.950491260103
 20
251.4578017067834
 30
0.0
 40
100.0
  1
ON/OFF
 41
0.8
  7
맑은고딕
 72
     1
 11
2990.146143434016
 21
301.4578017067834
 31
0.0
100
AcDbText
 73
     2
  0
WIPEOUT
  5
B38
330
B2A
100
AcDbEntity
  8
SYMB
 62
     2
 92
      140
310
8C0000000100000084000000060000000500000000A20985825EA2400000000000C06240000000000000000000A20985825EA240FFFFFFFFFFBF72C0000000000000000000A2098582EEA340FFFFFFFFFFBF72C0000000000000000000A2098582EEA3400000000000C06240000000000000000000A20985825EA240000000
310
0000C062400000000000000000
100
AcDbWipeout
 90
        0
 10
2351.254921246553
 20
-300.0
 30
0.0
 11
450.0
 21
0.0
 31
0.0
 12
0.0
 22
450.0
 32
0.0
 13
1.0
 23
1.0
340
0
 70
     7
280
     1
281
    50
282
    50
283
     0
360
0
 71
     2
 91
        5
 14
-0.5
 24
-0.5
 14
-0.5
 24
0.4999999999999999
 14
-0.0555555555555556
 24
0.4999999999999999
 14
-0.0555555555555556
 24
-0.5
 14
-0.5
 24
-0.5
  0
TEXT
  5
B39
330
B2A
100
AcDbEntity
  8
SYMB
 62
     7
100
AcDbText
 10
2387.464160376988
 20
-12.5
 30
0.0
 40
100.0
  1
M
  7
맑은고딕
 72
     1
 11
2451.254921246553
 21
37.5
 31
0.0
100
AcDbText
 73
     2
  0
TEXT
  5
B3A
330
B2A
100
AcDbEntity
  8
SYMB
 62
     7
100
AcDbText
 10
2402.443779942205
 20
-237.5
 30
0.0
 40
100.0
  1
G
  7
맑은고딕
 72
     1
 11
2451.254921246553
 21
-187.5
 31
0.0
100
AcDbText
 73
     2
  0
LINE
  5
B3B
330
B2A
100
AcDbEntity
  8
SYMB
100
AcDbLine
 10
2401.254921246553
 20
300.0
 30
-0.0000000000004336
 11
2365.600342650781
 21
300.0
 31
-0.0000000000004336
  0
ENDBLK
  5
B3C
330
B2A
100
AcDbEntity
  8
SYMB
100
AcDbBlockEnd
  0
BLOCK
  5
B3F
330
B3E
100
AcDbEntity
  8
SYMB
100
AcDbBlockBegin
  2
3P3W_L_SYM_ONOFF_3
 70
     0
 10
0.0
 20
0.0
 30
0.0
  3
3P3W_L_SYM_ONOFF_3
  1
Acad:XRef
  0
LINE
  5
B40
330
B3E
100
AcDbEntity
  8
SYMB
100
AcDbLine
 10
-1792.315182099061
 20
169.3980434324767
 30
-0.0000000000004336
 11
-1903.519095234107
 21
280.601956567516
 31
-0.0000000000004336
  0
LINE
  5
B41
330
B3E
100
AcDbEntity
  8
SYMB
100
AcDbLine
 10
-1797.917138666584
 20
225.0
 30
-0.0000000000004336
 11
-1748.262560070812
 21
225.0
 31
-0.0000000000004336
  0
LWPOLYLINE
  5
B42
330
B3E
100
AcDbEntity
  8
SYMB
100
AcDbPolyline
 90
        4
 70
     1
 43
0.0
 10
-1747.917138666584
 20
75.0
 10
-1947.917138666584
 20
75.0
 10
-1947.917138666584
 20
-375.0
 10
-1747.917138666584
 20
-375.0
  0
LINE
  5
B43
330
B3E
100
AcDbEntity
  8
SYMB
100
AcDbLine
 10
-1847.917138666584
 20
175.0
 30
-0.0000000000004336
 11
-1847.917138666584
 21
75.0
 31
-0.0000000000004336
  0
CIRCLE
  5
B44
330
B3E
100
AcDbEntity
  8
SYMB
100
AcDbCircle
 10
-1847.917138666584
 20
225.0
 30
-0.0000000000004336
 40
50.0
  0
LWPOLYLINE
  5
B45
330
B3E
100
AcDbEntity
  8
SYMB
  6
Continuous
100
AcDbPolyline
 90
        4
 70
     1
 43
0.0
 10
-1748.262560070812
 20
174.9999999999127
 10
-1548.262560072239
 20
174.9999999999127
 10
-1548.262560072239
 20
275.0000000000873
 10
-1748.262560070812
 20
275.0000000000873
  0
CIRCLE
  5
B46
330
B3E
100
AcDbEntity
  8
SYMB
  6
Continuous
 62
     4
100
AcDbCircle
 10
-1598.262560076313
 20
224.9999999995634
 30
-0.0000000000004336
 40
50.00000000013578
  0
CIRCLE
  5
B47
330
B3E
100
AcDbEntity
  8
SYMB
  6
Continuous
 62
     4
100
AcDbCircle
 10
-1698.262560075585
 20
224.9999999995634
 30
-0.0000000000004336
 40
50.00000000013578
  0
TEXT
  5
B48
330
B3E
100
AcDbEntity
  8
SYMB
 62
     7
100
AcDbText
 10
-1515.221568653033
 20
176.4578017067834
 30
0.0
 40
100.0
  1
ON/OFF
 41
0.8
  7
맑은고딕
 72
     1
 11
-1309.02591647912
 21
226.4578017067834
 31
0.0
100
AcDbText
 73
     2
  0
WIPEOUT
  5
B49
330
B3E
100
AcDbEntity
  8
SYMB
 62
     2
 92
      140
310
8C00000001000000840000000600000005000000800B6626AB6F9EC00000000000C052400000000000000000800B6626AB6F9EC0FFFFFFFFFF6F77C00000000000000000800B6626AB4F9BC0FFFFFFFFFF6F77C00000000000000000800B6626AB4F9BC00000000000C052400000000000000000800B6626AB6F9EC0000000
310
0000C052400000000000000000
100
AcDbWipeout
 90
        0
 10
-1947.917138666584
 20
-375.0
 30
0.0
 11
450.0
 21
0.0
 31
0.0
 12
0.0
 22
450.0
 32
0.0
 13
1.0
 23
1.0
340
0
 70
     7
280
     1
281
    50
282
    50
283
     0
360
0
 71
     2
 91
        5
 14
-0.5
 24
-0.5
 14
-0.5
 24
0.4999999999999999
 14
-0.0555555555555556
 24
0.4999999999999999
 14
-0.0555555555555556
 24
-0.5
 14
-0.5
 24
-0.5
  0
TEXT
  5
B4A
330
B3E
100
AcDbEntity
  8
SYMB
 62
     7
100
AcDbText
 10
-1911.707899536149
 20
-87.5
 30
0.0
 40
100.0
  1
M
  7
맑은고딕
 72
     1
 11
-1847.917138666584
 21
-37.5
 31
0.0
100
AcDbText
 73
     2
  0
TEXT
  5
B4B
330
B3E
100
AcDbEntity
  8
SYMB
 62
     7
100
AcDbText
 10
-1896.728279970932
 20
-312.5
 30
0.0
 40
100.0
  1
G
  7
맑은고딕
 72
     1
 11
-1847.917138666584
 21
-262.5
 31
0.0
100
AcDbText
 73
     2
  0
ENDBLK
  5
B4C
330
B3E
100
AcDbEntity
  8
SYMB
100
AcDbBlockEnd
  0
BLOCK
  5
B4F
330
B4E
100
AcDbEntity
  8
SYMB
100
AcDbBlockBegin
  2
1P2W_L_SYM_ONOFF_3
 70
     0
 10
0.0
 20
0.0
 30
0.0
  3
1P2W_L_SYM_ONOFF_3
  1
Acad:XRef
  0
LINE
  5
B50
330
B4E
100
AcDbEntity
  8
SYMB
100
AcDbLine
 10
-1792.398043432448
 20
244.3980434324767
 30
-0.0000000000004336
 11
-1903.601956567494
 21
355.601956567516
 31
-0.0000000000004336
  0
LINE
  5
B51
330
B4E
100
AcDbEntity
  8
SYMB
100
AcDbLine
 10
-1797.999999999971
 20
300.0
 30
-0.0000000000004336
 11
-1748.345421404199
 21
300.0
 31
-0.0000000000004336
  0
LWPOLYLINE
  5
B52
330
B4E
100
AcDbEntity
  8
SYMB
100
AcDbPolyline
 90
        4
 70
     1
 43
0.0
 10
-1747.999999999971
 20
150.0
 10
-1947.999999999971
 20
150.0
 10
-1947.999999999971
 20
-300.0
 10
-1747.999999999971
 20
-300.0
  0
LINE
  5
B53
330
B4E
100
AcDbEntity
  8
SYMB
100
AcDbLine
 10
-1847.999999999971
 20
250.0
 30
-0.0000000000004336
 11
-1847.999999999971
 21
150.0
 31
-0.0000000000004336
  0
CIRCLE
  5
B54
330
B4E
100
AcDbEntity
  8
SYMB
100
AcDbCircle
 10
-1847.999999999971
 20
300.0
 30
-0.0000000000004336
 40
50.0
  0
LWPOLYLINE
  5
B55
330
B4E
100
AcDbEntity
  8
SYMB
  6
Continuous
100
AcDbPolyline
 90
        4
 70
     1
 43
0.0
 10
-1748.345421404199
 20
249.9999999999127
 10
-1548.345421405626
 20
249.9999999999127
 10
-1548.345421405626
 20
350.0000000000873
 10
-1748.345421404199
 20
350.0000000000873
  0
CIRCLE
  5
B56
330
B4E
100
AcDbEntity
  8
SYMB
  6
Continuous
 62
     4
100
AcDbCircle
 10
-1598.3454214097
 20
299.9999999995634
 30
-0.0000000000004336
 40
50.00000000013578
  0
CIRCLE
  5
B57
330
B4E
100
AcDbEntity
  8
SYMB
  6
Continuous
 62
     4
100
AcDbCircle
 10
-1698.345421408972
 20
299.9999999995634
 30
-0.0000000000004336
 40
50.00000000013578
  0
TEXT
  5
B58
330
B4E
100
AcDbEntity
  8
SYMB
 62
     7
100
AcDbText
 10
-1515.30442998642
 20
251.4578017067834
 30
0.0
 40
100.0
  1
ON/OFF
 41
0.8
  7
맑은고딕
 72
     1
 11
-1309.108777812507
 21
301.4578017067834
 31
0.0
100
AcDbText
 73
     2
  0
WIPEOUT
  5
B59
330
B4E
100
AcDbEntity
  8
SYMB
 62
     2
 92
      140
310
8C0000000100000084000000060000000500000080FFFFFFFF6F9EC00000000000C06240000000000000000080FFFFFFFF6F9EC0FFFFFFFFFFBF72C0000000000000000080FFFFFFFF4F9BC0FFFFFFFFFFBF72C0000000000000000080FFFFFFFF4F9BC00000000000C06240000000000000000080FFFFFFFF6F9EC0000000
310
0000C062400000000000000000
100
AcDbWipeout
 90
        0
 10
-1947.999999999971
 20
-300.0
 30
0.0
 11
450.0
 21
0.0
 31
0.0
 12
0.0
 22
450.0
 32
0.0
 13
1.0
 23
1.0
340
0
 70
     7
280
     1
281
    50
282
    50
283
     0
360
0
 71
     2
 91
        5
 14
-0.5
 24
-0.5
 14
-0.5
 24
0.4999999999999999
 14
-0.0555555555555556
 24
0.4999999999999999
 14
-0.0555555555555556
 24
-0.5
 14
-0.5
 24
-0.5
  0
TEXT
  5
B5A
330
B4E
100
AcDbEntity
  8
SYMB
 62
     7
100
AcDbText
 10
-1911.790760869536
 20
-12.5
 30
0.0
 40
100.0
  1
M
  7
맑은고딕
 72
     1
 11
-1847.999999999971
 21
37.5
 31
0.0
100
AcDbText
 73
     2
  0
TEXT
  5
B5B
330
B4E
100
AcDbEntity
  8
SYMB
 62
     7
100
AcDbText
 10
-1896.811141304319
 20
-237.5
 30
0.0
 40
100.0
  1
G
  7
맑은고딕
 72
     1
 11
-1847.999999999971
 21
-187.5
 31
0.0
100
AcDbText
 73
     2
  0
ENDBLK
  5
B5C
330
B4E
100
AcDbEntity
  8
SYMB
100
AcDbBlockEnd
  0
BLOCK
  5
B5F
330
B5E
100
AcDbEntity
  8
SYMB
100
AcDbBlockBegin
  2
3P3W_R_SYM_ONOFF_3
 70
     0
 10
0.0
 20
0.0
 30
0.0
  3
3P3W_R_SYM_ONOFF_3
  1
Acad:XRef
  0
LINE
  5
B60
330
B5E
100
AcDbEntity
  8
SYMB
100
AcDbLine
 10
2506.856877813989
 20
169.3980434324767
 30
-0.0000000000004336
 11
2395.652964678942
 21
280.601956567516
 31
-0.0000000000004336
  0
LINE
  5
B61
330
B5E
100
AcDbEntity
  8
SYMB
100
AcDbLine
 10
2501.254921246466
 20
225.0
 30
-0.0000000000004336
 11
2550.909499842237
 21
225.0
 31
-0.0000000000004336
  0
LWPOLYLINE
  5
B62
330
B5E
100
AcDbEntity
  8
SYMB
100
AcDbPolyline
 90
        4
 70
     1
 43
0.0
 10
2551.254921246466
 20
75.0
 10
2351.254921246466
 20
75.0
 10
2351.254921246466
 20
-375.0
 10
2551.254921246466
 20
-375.0
  0
LINE
  5
B63
330
B5E
100
AcDbEntity
  8
SYMB
100
AcDbLine
 10
2451.254921246466
 20
175.0
 30
-0.0000000000004336
 11
2451.254921246466
 21
75.0
 31
-0.0000000000004336
  0
CIRCLE
  5
B64
330
B5E
100
AcDbEntity
  8
SYMB
100
AcDbCircle
 10
2451.254921246466
 20
225.0
 30
-0.0000000000004336
 40
50.0
  0
LWPOLYLINE
  5
B65
330
B5E
100
AcDbEntity
  8
SYMB
  6
Continuous
100
AcDbPolyline
 90
        4
 70
     1
 43
0.0
 10
2550.909499842237
 20
174.9999999999127
 10
2750.909499840811
 20
174.9999999999127
 10
2750.909499840811
 20
275.0000000000873
 10
2550.909499842237
 20
275.0000000000873
  0
CIRCLE
  5
B66
330
B5E
100
AcDbEntity
  8
SYMB
  6
Continuous
 62
     4
100
AcDbCircle
 10
2700.909499836736
 20
224.9999999995634
 30
-0.0000000000004336
 40
50.00000000013578
  0
CIRCLE
  5
B67
330
B5E
100
AcDbEntity
  8
SYMB
  6
Continuous
 62
     4
100
AcDbCircle
 10
2600.909499837464
 20
224.9999999995634
 30
-0.0000000000004336
 40
50.00000000013578
  0
TEXT
  5
B68
330
B5E
100
AcDbEntity
  8
SYMB
 62
     7
100
AcDbText
 10
2783.950491260016
 20
176.4578017067834
 30
0.0
 40
100.0
  1
ON/OFF
 41
0.8
  7
맑은고딕
 72
     1
 11
2990.146143433929
 21
226.4578017067834
 31
0.0
100
AcDbText
 73
     2
  0
WIPEOUT
  5
B69
330
B5E
100
AcDbEntity
  8
SYMB
 62
     2
 92
      140
310
8C0000000100000084000000060000000500000041A10985825EA2400000000000C05240000000000000000041A10985825EA240FFFFFFFFFF6F77C0000000000000000041A1098582EEA340FFFFFFFFFF6F77C0000000000000000041A1098582EEA3400000000000C05240000000000000000041A10985825EA240000000
310
0000C052400000000000000000
100
AcDbWipeout
 90
        0
 10
2351.254921246466
 20
-375.0
 30
0.0
 11
450.0
 21
0.0
 31
0.0
 12
0.0
 22
450.0
 32
0.0
 13
1.0
 23
1.0
340
0
 70
     7
280
     1
281
    50
282
    50
283
     0
360
0
 71
     2
 91
        5
 14
-0.5
 24
-0.5
 14
-0.5
 24
0.4999999999999999
 14
-0.0555555555555556
 24
0.4999999999999999
 14
-0.0555555555555556
 24
-0.5
 14
-0.5
 24
-0.5
  0
TEXT
  5
B6A
330
B5E
100
AcDbEntity
  8
SYMB
 62
     7
100
AcDbText
 10
2387.464160376901
 20
-87.5
 30
0.0
 40
100.0
  1
M
  7
맑은고딕
 72
     1
 11
2451.254921246466
 21
-37.5
 31
0.0
100
AcDbText
 73
     2
  0
TEXT
  5
B6B
330
B5E
100
AcDbEntity
  8
SYMB
 62
     7
100
AcDbText
 10
2402.443779942118
 20
-312.5
 30
0.0
 40
100.0
  1
G
  7
맑은고딕
 72
     1
 11
2451.254921246466
 21
-262.5
 31
0.0
100
AcDbText
 73
     2
  0
ENDBLK
  5
B6C
330
B5E
100
AcDbEntity
  8
SYMB
100
AcDbBlockEnd
  0
BLOCK
  5
B6F
330
B6E
100
AcDbEntity
  8
SYMB
100
AcDbBlockBegin
  2
1P2W_R_SYM_ONOFF_3
 70
     0
 10
0.0
 20
0.0
 30
0.0
  3
1P2W_R_SYM_ONOFF_3
  1
Acad:XRef
  0
LINE
  5
B70
330
B6E
100
AcDbEntity
  8
SYMB
100
AcDbLine
 10
2506.856877813989
 20
244.3980434324767
 30
0.0000000000001497
 11
2395.652964678942
 21
355.601956567516
 31
0.0000000000001497
  0
LINE
  5
B71
330
B6E
100
AcDbEntity
  8
SYMB
100
AcDbLine
 10
2501.254921246466
 20
300.0
 30
0.0000000000001497
 11
2550.909499842237
 21
300.0
 31
0.0000000000001497
  0
LWPOLYLINE
  5
B72
330
B6E
100
AcDbEntity
  8
SYMB
100
AcDbPolyline
 90
        4
 70
     1
 43
0.0
 10
2551.254921246466
 20
150.0
 10
2351.254921246466
 20
150.0
 10
2351.254921246466
 20
-300.0
 10
2551.254921246466
 20
-300.0
  0
LINE
  5
B73
330
B6E
100
AcDbEntity
  8
SYMB
100
AcDbLine
 10
2451.254921246466
 20
250.0
 30
0.0000000000001497
 11
2451.254921246466
 21
150.0
 31
0.0000000000001497
  0
CIRCLE
  5
B74
330
B6E
100
AcDbEntity
  8
SYMB
100
AcDbCircle
 10
2451.254921246466
 20
300.0
 30
0.0000000000001497
 40
50.0
  0
LWPOLYLINE
  5
B75
330
B6E
100
AcDbEntity
  8
SYMB
  6
Continuous
100
AcDbPolyline
 90
        4
 70
     1
 43
0.0
 10
2550.909499842237
 20
249.9999999999127
 10
2750.909499840811
 20
249.9999999999127
 10
2750.909499840811
 20
350.0000000000873
 10
2550.909499842237
 20
350.0000000000873
  0
CIRCLE
  5
B76
330
B6E
100
AcDbEntity
  8
SYMB
  6
Continuous
 62
     4
100
AcDbCircle
 10
2700.909499836736
 20
299.9999999995634
 30
0.0000000000001497
 40
50.00000000013578
  0
CIRCLE
  5
B77
330
B6E
100
AcDbEntity
  8
SYMB
  6
Continuous
 62
     4
100
AcDbCircle
 10
2600.909499837464
 20
299.9999999995634
 30
0.0000000000001497
 40
50.00000000013578
  0
TEXT
  5
B78
330
B6E
100
AcDbEntity
  8
SYMB
 62
     7
100
AcDbText
 10
2783.950491260016
 20
251.4578017067834
 30
0.0
 40
100.0
  1
ON/OFF
 41
0.8
  7
맑은고딕
 72
     1
 11
2990.146143433929
 21
301.4578017067834
 31
0.0
100
AcDbText
 73
     2
  0
WIPEOUT
  5
B79
330
B6E
100
AcDbEntity
  8
SYMB
 62
     2
 92
      140
310
8C0000000100000084000000060000000500000041A10985825EA2400000000000C06240D3A62E3AE685643D41A10985825EA240FFFFFFFFFFBF72C0D3A62E3AE685643D41A1098582EEA340FFFFFFFFFFBF72C0D3A62E3AE685643D41A1098582EEA3400000000000C06240D3A62E3AE685643D41A10985825EA240000000
310
0000C06240D3A62E3AE685643D
100
AcDbWipeout
 90
        0
 10
2351.254921246466
 20
-300.0
 30
0.0000000000005833
 11
450.0
 21
0.0
 31
0.0
 12
0.0
 22
450.0
 32
0.0
 13
1.0
 23
1.0
340
0
 70
     7
280
     1
281
    50
282
    50
283
     0
360
0
 71
     2
 91
        5
 14
-0.5
 24
-0.5
 14
-0.5
 24
0.4999999999999999
 14
-0.0555555555555556
 24
0.4999999999999999
 14
-0.0555555555555556
 24
-0.5
 14
-0.5
 24
-0.5
  0
TEXT
  5
B7A
330
B6E
100
AcDbEntity
  8
SYMB
 62
     7
100
AcDbText
 10
2387.464160376901
 20
-12.5
 30
0.0
 40
100.0
  1
M
  7
맑은고딕
 72
     1
 11
2451.254921246466
 21
37.5
 31
0.0
100
AcDbText
 73
     2
  0
TEXT
  5
B7B
330
B6E
100
AcDbEntity
  8
SYMB
 62
     7
100
AcDbText
 10
2402.443779942118
 20
-237.5
 30
0.0
 40
100.0
  1
G
  7
맑은고딕
 72
     1
 11
2451.254921246466
 21
-187.5
 31
0.0
100
AcDbText
 73
     2
  0
ENDBLK
  5
B7C
330
B6E
100
AcDbEntity
  8
SYMB
100
AcDbBlockEnd
  0
BLOCK
  5
BAF
330
BAE
100
AcDbEntity
  8
SYMB
100
AcDbBlockBegin
  2
1P2W_LEFT_SYM_REMOTE_3
 70
     0
 10
0.0
 20
0.0
 30
0.0
  3
1P2W_LEFT_SYM_REMOTE_3
  1
Acad:XRef
  0
LINE
  5
BB0
330
BAE
100
AcDbEntity
  8
SYMB
 62
     4
100
AcDbLine
 10
-149.9999999999709
 20
675.0000000000073
 30
-0.0000000000008484
 11
-1349.999999993597
 21
675.0000000000073
 31
-0.000000000000198
  0
LWPOLYLINE
  5
BB1
330
BAE
100
AcDbEntity
  8
SYMB
 62
     2
100
AcDbPolyline
 90
        4
 70
     1
 43
0.0
 10
-149.9999999999709
 20
562.5000000000073
 10
750.0000000000291
 20
562.5000000000073
 10
750.0000000000291
 20
787.5000000000073
 10
-149.9999999999709
 20
787.5000000000073
  0
LWPOLYLINE
  5
BB2
330
BAE
100
AcDbEntity
  8
SYMB
  6
Continuous
100
AcDbPolyline
 90
        4
 70
     1
 43
0.0
 10
-1649.999999991473
 20
600.0000000005311
 10
-1349.999999993597
 20
600.0000000005311
 10
-1349.999999993597
 20
750.0000000007931
 10
-1649.999999991473
 20
750.0000000007931
  0
CIRCLE
  5
BB3
330
BAE
100
AcDbEntity
  8
SYMB
  6
Continuous
 62
     4
100
AcDbCircle
 10
-1424.999999999709
 20
675.0000000000073
 30
-0.0000000000008484
 40
75.00000000020367
  0
CIRCLE
  5
BB4
330
BAE
100
AcDbEntity
  8
SYMB
  6
Continuous
 62
     4
100
AcDbCircle
 10
-1574.999999998603
 20
675.0000000000073
 30
-0.0000000000008484
 40
75.00000000020367
  0
TEXT
  5
BB5
330
BAE
100
AcDbEntity
  8
SYMB
 62
     7
100
AcDbText
 10
-1868.926630425324
 20
800.0000000008804
 30
0.0
 40
100.0
  1
일괄소등S/W
 41
0.9
  7
맑은고딕
 72
     1
 11
-1499.999999990541
 21
850.0000000008804
 31
0.0
100
AcDbText
 73
     2
  0
WIPEOUT
  5
BB6
330
BAE
100
AcDbEntity
  8
SYMB
 62
     4
 92
      140
310
8C000000010000008400000006000000050000000000000000C062C000000000009C88408075FF79759C2DBD0000000000C062C000000000009481408075FF79759C2DBD000000000070874000000000009481408075FF79759C2DBD000000000070874000000000009C88408075FF79759C2DBD0000000000C062C0000000
310
00009C88408075FF79759C2DBD
100
AcDbWipeout
 90
        0
 10
-150.0
 20
562.5
 30
-0.0000000000000526
 11
900.0
 21
0.0
 31
0.0
 12
0.0
 22
900.0
 32
0.0
 13
1.0
 23
1.0
340
0
 70
     7
280
     1
281
    50
282
    50
283
     0
360
0
 71
     2
 91
        5
 14
-0.5
 24
0.25
 14
-0.5
 24
0.5
 14
0.5
 24
0.5
 14
0.5
 24
0.25
 14
-0.5
 24
0.25
  0
TEXT
  5
BB7
330
BAE
100
AcDbEntity
  8
SYMB
  6
Continuous
370
    -2
100
AcDbText
 10
-12.32676630431865
 20
620.0000000000073
 30
0.0
 40
110.0
  1
M.G S/W
  7
맑은고딕
 72
     1
 11
300.0000000000291
 21
675.0000000000073
 31
0.0
100
AcDbText
 73
     2
  0
ENDBLK
  5
BB8
330
BAE
100
AcDbEntity
  8
SYMB
100
AcDbBlockEnd
  0
BLOCK
  5
BBB
330
BBA
100
AcDbEntity
  8
SYMB
100
AcDbBlockBegin
  2
1P2W_RIGHT_SYM_REMOTE_3
 70
     0
 10
0.0
 20
0.0
 30
0.0
  3
1P2W_RIGHT_SYM_REMOTE_3
  1
Acad:XRef
  0
LINE
  5
BBC
330
BBA
100
AcDbEntity
  8
SYMB
 62
     4
100
AcDbLine
 10
-149.9999999999709
 20
675.0
 30
-0.0000000000020025
 11
-1349.999999993568
 21
675.0
 31
-0.0000000000013521
  0
LWPOLYLINE
  5
BBD
330
BBA
100
AcDbEntity
  8
SYMB
 62
     2
100
AcDbPolyline
 90
        4
 70
     1
 43
0.0
 10
-149.9999999999709
 20
562.5
 10
750.0000000000291
 20
562.5
 10
750.0000000000291
 20
787.5
 10
-149.9999999999709
 20
787.5
  0
LWPOLYLINE
  5
BBE
330
BBA
100
AcDbEntity
  8
SYMB
  6
Continuous
100
AcDbPolyline
 90
        4
 70
     1
 43
0.0
 10
-1649.999999991473
 20
600.0000000005239
 10
-1349.999999993568
 20
600.0000000005239
 10
-1349.999999993568
 20
750.0000000007858
 10
-1649.999999991473
 20
750.0000000007858
  0
CIRCLE
  5
BBF
330
BBA
100
AcDbEntity
  8
SYMB
  6
Continuous
 62
     4
100
AcDbCircle
 10
-1424.999999999709
 20
675.0
 30
-0.0000000000020025
 40
75.00000000020367
  0
CIRCLE
  5
BC0
330
BBA
100
AcDbEntity
  8
SYMB
  6
Continuous
 62
     4
100
AcDbCircle
 10
-1574.999999998632
 20
675.0
 30
-0.0000000000020025
 40
75.00000000020367
  0
TEXT
  5
BC1
330
BBA
100
AcDbEntity
  8
SYMB
 62
     7
100
AcDbText
 10
-1868.926630425324
 20
800.0000000008731
 30
0.0
 40
100.0
  1
일괄소등S/W
 41
0.9
  7
맑은고딕
 72
     1
 11
-1499.999999990541
 21
850.0000000008731
 31
0.0
100
AcDbText
 73
     2
  0
WIPEOUT
  5
BC2
330
BBA
100
AcDbEntity
  8
SYMB
 62
     4
 92
      140
310
8C000000010000008400000006000000050000000000000000C062C0C0FFFFFFFF9B8840920F2E617E3A75BD0000000000C062C0C0FFFFFFFF938140920F2E617E3A75BD0000000000708740C0FFFFFFFF938140920F2E617E3A75BD0000000000708740C0FFFFFFFF9B8840920F2E617E3A75BD0000000000C062C0C0FFFF
310
FFFF9B8840920F2E617E3A75BD
100
AcDbWipeout
 90
        0
 10
-150.0
 20
562.4999999999927
 30
-0.0000000000012067
 11
900.0
 21
0.0
 31
0.0
 12
0.0
 22
900.0
 32
0.0
 13
1.0
 23
1.0
340
0
 70
     7
280
     1
281
    50
282
    50
283
     0
360
0
 71
     2
 91
        5
 14
-0.5
 24
0.25
 14
-0.5
 24
0.5
 14
0.5
 24
0.5
 14
0.5
 24
0.25
 14
-0.5
 24
0.25
  0
TEXT
  5
BC3
330
BBA
100
AcDbEntity
  8
SYMB
  6
Continuous
370
    -2
100
AcDbText
 10
-12.32676630431865
 20
620.0
 30
0.0
 40
110.0
  1
M.G S/W
  7
맑은고딕
 72
     1
 11
300.0000000000291
 21
675.0
 31
0.0
100
AcDbText
 73
     2
  0
ENDBLK
  5
BC4
330
BBA
100
AcDbEntity
  8
SYMB
100
AcDbBlockEnd
  0
BLOCK
  5
CF9
330
CF6
100
AcDbEntity
  8
SYMB
100
AcDbBlockBegin
  2
MAIN_BREAKER_1
 70
     2
 10
0.0
 20
0.0
 30
0.0
  3
MAIN_BREAKER_1
  1
Acad:XRef
  0
TEXT
  5
103F
330
CF6
100
AcDbEntity
  8
TXT
  6
Continuous
 62
     7
370
    -2
100
AcDbText
 10
-606.207540760855
 20
1625.0
 30
0.0
 40
125.0
  1
FROM
 41
0.95
  7
맑은고딕
 72
     1
 11
-374.9999999999854
 21
1687.5
 31
0.0
100
AcDbText
 73
     2
  0
LINE
  5
1040
330
CF6
100
AcDbEntity
  8
BUS_N
100
AcDbLine
 10
300.0000000000291
 20
1045.000000000022
 30
-0.0000000000011742
 11
300.0000000000291
 21
300.0
 31
-0.0000000000008222
  0
LINE
  5
1041
330
CF6
100
AcDbEntity
  8
BUS_L1
100
AcDbLine
 10
0.0000000000291038
 20
1045.000000000022
 30
-0.0000000000011742
 11
0.0000000000291038
 21
300.0
 31
-0.0000000000008222
  0
TEXT
  5
1042
330
CF6
100
AcDbEntity
  8
TXT
  6
Continuous
 62
     7
370
    -2
100
AcDbText
 10
-85.14988111413042
 20
1211.141304347826
 30
0.0
 40
125.0
  1
L1
 41
0.95
  7
맑은고딕
 72
     4
 11
0.0
 21
1275.0
 31
0.0
100
AcDbText
  0
LWPOLYLINE
  5
1043
330
CF6
100
AcDbEntity
  8
2
 62
     4
100
AcDbPolyline
 90
        4
 70
     1
 43
0.0
 10
-749.9999999999854
 20
1575.0
 10
0.0000000000146088
 20
1575.0
 10
0.0000000000146088
 20
1800.0
 10
-749.9999999999854
 20
1800.0
  0
LWPOLYLINE
  5
1044
330
CF6
100
AcDbEntity
  8
2
 62
     4
100
AcDbPolyline
 90
        4
 70
     1
 43
0.0
 10
0.0000000000146088
 20
1575.0
 10
1050.000000000015
 20
1575.0
 10
1050.000000000015
 20
1800.0
 10
0.0000000000146088
 20
1800.0
  0
INSERT
  5
1045
102
{ACAD_REACTORS
330
105C
102
}
330
CF6
100
AcDbEntity
  8
SYMB
100
AcDbBlockReference
  2
input-line
 10
0.0
 20
1045.0
 30
0.0
  0
INSERT
  5
1046
102
{ACAD_REACTORS
330
105C
102
}
330
CF6
100
AcDbEntity
  8
SYMB
100
AcDbBlockReference
  2
input-line
 10
300.0
 20
1045.0
 30
0.0
  0
TEXT
  5
1047
330
CF6
100
AcDbEntity
  8
TXT
  6
Continuous
 62
     7
370
    -2
100
AcDbText
 10
236.7930536684783
 20
1212.5
 30
0.0
 40
125.0
  1
N
 41
0.95
  7
맑은고딕
 72
     4
 11
300.0
 21
1275.0
 31
0.0
100
AcDbText
  0
ARC
  5
1048
330
CF6
100
AcDbEntity
  8
SYMB
100
AcDbCircle
 10
-7.364844701165566
 20
150.0000000000146
 30
0.0
 40
157.3648447011466
100
AcDbArc
 50
287.5984362481307
 51
72.40156375185842
  0
CIRCLE
  5
1049
102
{ACAD_REACTORS
330
105B
102
}
330
CF6
100
AcDbEntity
  8
SYMB
100
AcDbCircle
 10
0.0
 20
300.0
 30
0.0
 40
40.21345232398524
  0
CIRCLE
  5
104A
102
{ACAD_REACTORS
330
105B
102
}
330
CF6
100
AcDbEntity
  8
SYMB
100
AcDbCircle
 10
0.0
 20
0.0
 30
0.0
 40
40.21345232398524
  0
ARC
  5
104B
330
CF6
100
AcDbEntity
  8
SYMB
100
AcDbCircle
 10
292.6351552988344
 20
150.0000000000146
 30
0.000000000000606
 40
157.3648447011466
100
AcDbArc
 50
287.5984362481191
 51
72.40156375186933
  0
CIRCLE
  5
104C
102
{ACAD_REACTORS
330
105B
102
}
330
CF6
100
AcDbEntity
  8
SYMB
100
AcDbCircle
 10
299.9999999999709
 20
300.0
 30
0.000000000000606
 40
40.21345232398524
  0
CIRCLE
  5
104D
102
{ACAD_REACTORS
330
105B
102
}
330
CF6
100
AcDbEntity
  8
SYMB
100
AcDbCircle
 10
299.9999999999709
 20
0.0
 30
0.000000000000606
 40
40.21345232398524
  0
LINE
  5
104E
330
CF6
100
AcDbEntity
  8
SYMB
 62
     4
100
AcDbLine
 10
150.0
 20
170.0
 30
0.000000000000606
 11
448.7238939951816
 21
170.0
 31
0.000000000000606
  0
LINE
  5
104F
330
CF6
100
AcDbEntity
  8
SYMB
 62
     4
100
AcDbLine
 10
150.0
 20
130.0
 30
0.000000000000606
 11
448.7238939951779
 21
130.0
 31
0.000000000000606
  0
LWPOLYLINE
  5
1050
330
CF6
100
AcDbEntity
  8
2
 62
     4
100
AcDbPolyline
 90
        4
 70
     1
 43
0.0
 10
-1200.000000000029
 20
37.5
 10
-300.0000000000291
 20
37.5
 10
-300.0000000000291
 20
262.5
 10
-1200.000000000029
 20
262.5
  0
LWPOLYLINE
  5
1051
330
CF6
100
AcDbEntity
  8
2
 62
     4
100
AcDbPolyline
 90
        4
 70
     1
 43
0.0
 10
-750.0000000000291
 20
-187.5
 10
-1200.000000000029
 20
-187.5
 10
-1200.000000000029
 20
37.5
 10
-750.0000000000291
 20
37.5
  0
LWPOLYLINE
  5
1052
330
CF6
100
AcDbEntity
  8
2
 62
     4
100
AcDbPolyline
 90
        4
 70
     1
 43
0.0
 10
-300.0000000000291
 20
-187.5
 10
-750.0000000000291
 20
-187.5
 10
-750.0000000000291
 20
37.5
 10
-300.0000000000291
 20
37.5
  0
LWPOLYLINE
  5
1053
330
CF6
100
AcDbEntity
  8
2
 62
     4
100
AcDbPolyline
 90
        4
 70
     1
 43
0.0
 10
-2250.000000000029
 20
37.5
 10
-1200.000000000029
 20
37.5
 10
-1200.000000000029
 20
262.5
 10
-2250.000000000029
 20
262.5
  0
LWPOLYLINE
  5
1054
330
CF6
100
AcDbEntity
  8
2
 62
     4
100
AcDbPolyline
 90
        4
 70
     1
 43
0.0
 10
-2250.000000000029
 20
-187.5
 10
-1200.000000000029
 20
-187.5
 10
-1200.000000000029
 20
37.5
 10
-2250.000000000029
 20
37.5
  0
TEXT
  5
1055
330
CF6
100
AcDbEntity
  8
TXT
  6
Continuous
 62
     7
370
    -2
100
AcDbText
 10
-1961.047894021768
 20
87.5
 30
0.0
 40
125.0
  1
NAME
 41
0.95
  7
맑은고딕
 72
     1
 11
-1725.000000000029
 21
150.0
 31
0.0
100
AcDbText
 73
     2
  0
ATTDEF
  5
1056
330
CF6
100
AcDbEntity
  8
TXT
 62
     7
100
AcDbText
 10
212.6762058424059
 20
1625.0
 30
0.0
 40
125.0
  1
SOURCE
 41
0.95
  7
맑은고딕
 72
     1
 11
525.0000000000146
 21
1687.5
 31
0.0
100
AcDbAttributeDefinition
  3

  2
SOURCE
 70
     0
 74
     2
280
     1
  0
ATTDEF
  5
1057
330
CF6
100
AcDbEntity
  8
TXT
 62
     7
100
AcDbText
 10
-2146.231742527203
 20
-137.5
 30
0.0
 40
125.0
  1
PNL_NAME
 41
0.95
  7
맑은고딕
 72
     1
 11
-1725.000000000029
 21
-75.0
 31
0.0
100
AcDbAttributeDefinition
  3

  2
PNL_NAME
 70
     0
 74
     2
280
     1
  0
ATTDEF
  5
1058
330
CF6
100
AcDbEntity
  8
TXT
 62
     7
100
AcDbText
 10
-1066.317085597855
 20
87.5
 30
0.0
 40
125.0
  1
CB_TYPE
 41
0.95
  7
맑은고딕
 72
     1
 11
-750.0000000000291
 21
150.0
 31
0.0
100
AcDbAttributeDefinition
  3

  2
CB_TYPE
 70
     0
 74
     2
280
     1
  0
ATTDEF
  5
1059
330
CF6
100
AcDbEntity
  8
TXT
 62
     7
100
AcDbText
 10
-1070.556640625029
 20
-137.5
 30
0.0
 40
125.0
  1
AF
 41
0.95
  7
맑은고딕
 72
     1
 11
-975.0000000000291
 21
-75.0
 31
0.0
100
AcDbAttributeDefinition
  3

  2
AF
 70
     0
 74
     2
280
     1
  0
ATTDEF
  5
105A
330
CF6
100
AcDbEntity
  8
TXT
 62
     7
100
AcDbText
 10
-623.4608525815509
 20
-137.5
 30
0.0
 40
125.0
  1
AT
 41
0.95
  7
맑은고딕
 72
     1
 11
-525.0000000000291
 21
-75.0
 31
0.0
100
AcDbAttributeDefinition
  3

  2
AT
 70
     0
 74
     2
280
     1
  0
HATCH
  5
105B
330
CF6
100
AcDbEntity
  8
0
 62
     2
440
 33554687
100
AcDbHatch
 10
0.0
 20
0.0
 30
0.0
210
0.0
220
0.0
230
1.0
  2
SOLID
 70
     1
 71
     1
 91
        4
 92
        1
 93
        1
 72
     2
 10
299.9999999999709
 20
300.0
 40
40.21345232398524
 50
0.0
 51
360.0
 73
     1
 97
        1
330
104C
 92
        1
 93
        1
 72
     2
 10
0.0
 20
300.0
 40
40.21345232398524
 50
0.0
 51
360.0
 73
     1
 97
        1
330
1049
 92
        1
 93
        1
 72
     2
 10
299.9999999999709
 20
0.0
 40
40.21345232398524
 50
0.0
 51
360.0
 73
     1
 97
        1
330
104D
 92
        1
 93
        1
 72
     2
 10
0.0
 20
0.0
 40
40.21345232398524
 50
0.0
 51
360.0
 73
     1
 97
        1
330
104A
 75
     1
 76
     1
 98
        1
 10
0.0
 20
0.0
450
        0
451
        0
460
0.0
461
1.0
452
        0
462
0.0
453
        2
463
0.0
 63
     5
421
      255
463
1.0
 63
     2
421
 16776960
470
LINEAR
1001
ACAD
1010
0.0
1020
0.0
1030
0.0
1001
AcadAnnotative
1000
AnnotativeData
1002
{
1070
     1
1070
     0
1002
}
  0
HATCH
  5
105C
330
CF6
100
AcDbEntity
  8
0
 62
     2
440
 33554687
100
AcDbHatch
 10
0.0
 20
0.0
 30
0.0
210
0.0
220
0.0
230
1.0
  2
SOLID
 70
     1
 71
     1
 91
        2
 92
        1
 93
        3
 72
     1
 10
300.0
 20
1045.0
 11
248.1313135372475
 21
1125.0
 72
     1
 10
248.1313135372475
 20
1125.0
 11
351.8686864641495
 21
1125.0
 72
     1
 10
351.8686864641495
 20
1125.0
 11
300.0
 21
1045.0
 97
        1
330
1046
 92
        1
 93
        3
 72
     1
 10
0.0
 20
1045.0
 11
-51.86868646275252
 21
1125.0
 72
     1
 10
-51.86868646275252
 20
1125.0
 11
51.8686864641495
 21
1125.0
 72
     1
 10
51.8686864641495
 20
1125.0
 11
0.0000000000000142
 21
1045.0
 97
        1
330
1045
 75
     1
 76
     1
 98
        1
 10
0.0
 20
0.0
450
        0
451
        0
460
0.0
461
1.0
452
        0
462
0.0
453
        2
463
0.0
 63
     5
421
      255
463
1.0
 63
     2
421
 16776960
470
LINEAR
1001
ACAD
1010
0.0
1020
0.0
1030
0.0
1001
AcadAnnotative
1000
AnnotativeData
1002
{
1070
     1
1070
     0
1002
}
  0
LWPOLYLINE
  5
105D
330
CF6
100
AcDbEntity
  8
2
 62
     4
100
AcDbPolyline
 90
        4
 70
     1
 43
0.0
 10
-2250.000000000029
 20
262.5
 10
-300.0000000000291
 20
262.5
 10
-300.0000000000291
 20
487.5
 10
-2250.000000000029
 20
487.5
  0
TEXT
  5
105E
330
CF6
100
AcDbEntity
  8
TXT
  6
Continuous
 62
     7
370
    -2
100
AcDbText
 10
-1760.487432065246
 20
312.5
 30
0.0
 40
125.0
  1
1Ø-2W 220V
 41
0.95
  7
맑은고딕
 72
     1
 11
-1275.000000000029
 21
375.0
 31
0.0
100
AcDbText
 73
     2
  0
ENDBLK
  5
D20
330
CF6
100
AcDbEntity
  8
SYMB
100
AcDbBlockEnd
  0
BLOCK
  5
D2B
330
D28
100
AcDbEntity
  8
SYMB
100
AcDbBlockBegin
  2
1P2W_LEFT_BRANCH_BREAKER_1
 70
     2
 10
0.0
 20
0.0
 30
0.0
  3
1P2W_LEFT_BRANCH_BREAKER_1
  1
Acad:XRef
  0
LINE
  5
100F
330
D28
100
AcDbEntity
  8
1
 62
     1
100
AcDbLine
 10
-1201.254921246466
 20
0.0
 30
0.0
 11
-2101.254921246466
 21
0.0
 31
0.0
  0
LINE
  5
1010
330
D28
100
AcDbEntity
  8
1
 62
     1
100
AcDbLine
 10
-1201.254921246466
 20
-150.0
 30
0.0
 11
-2101.254921246466
 21
-150.0
 31
0.0
  0
INSERT
  5
1011
102
{ACAD_REACTORS
330
101F
102
}
330
D28
100
AcDbEntity
  8
SYMB
100
AcDbBlockReference
  2
p2cb
 10
-1051.254921246495
 20
-75.0
 30
0.0
  0
LWPOLYLINE
  5
1012
330
D28
100
AcDbEntity
  8
SYMB
 62
     3
100
AcDbPolyline
 90
        2
 70
     0
 43
50.0
 10
-4201.207181014441
 20
-75.0
 10
-4277.254921246466
 20
-75.0
  0
LINE
  5
1013
330
D28
100
AcDbEntity
  8
1
 62
     1
100
AcDbLine
 10
-901.2549212464946
 20
0.0
 30
0.0
 11
0.0
 21
0.0
 31
0.0
  0
LINE
  5
1014
330
D28
100
AcDbEntity
  8
1
 62
     1
100
AcDbLine
 10
-901.2549212464946
 20
-150.0
 30
0.0
 11
300.0
 21
-150.0
 31
0.0
  0
LWPOLYLINE
  5
1015
330
D28
100
AcDbEntity
  8
2
 62
     4
100
AcDbPolyline
 90
        4
 70
     1
 43
0.0
 10
-3001.254921246466
 20
-75.0
 10
-2101.254921246466
 20
-75.0
 10
-2101.254921246466
 20
150.0
 10
-3001.254921246466
 20
150.0
  0
LWPOLYLINE
  5
1016
330
D28
100
AcDbEntity
  8
2
 62
     4
100
AcDbPolyline
 90
        4
 70
     1
 43
0.0
 10
-2551.254921246466
 20
-300.0
 10
-3001.254921246466
 20
-300.0
 10
-3001.254921246466
 20
-75.0
 10
-2551.254921246466
 20
-75.0
  0
LWPOLYLINE
  5
1017
330
D28
100
AcDbEntity
  8
2
 62
     4
100
AcDbPolyline
 90
        4
 70
     1
 43
0.0
 10
-2101.254921246466
 20
-300.0
 10
-2551.254921246466
 20
-300.0
 10
-2551.254921246466
 20
-75.0
 10
-2101.254921246466
 20
-75.0
  0
LWPOLYLINE
  5
1018
330
D28
100
AcDbEntity
  8
2
 62
     4
100
AcDbPolyline
 90
        4
 70
     1
 43
0.0
 10
-4051.254921246466
 20
-75.0
 10
-3001.254921246466
 20
-75.0
 10
-3001.254921246466
 20
150.0
 10
-4051.254921246466
 20
150.0
  0
LWPOLYLINE
  5
1019
330
D28
100
AcDbEntity
  8
2
 62
     4
100
AcDbPolyline
 90
        4
 70
     1
 43
0.0
 10
-4051.254921246466
 20
-300.0
 10
-3001.254921246466
 20
-300.0
 10
-3001.254921246466
 20
-75.0
 10
-4051.254921246466
 20
-75.0
  0
TEXT
  5
101A
330
D28
100
AcDbEntity
  8
TXT
  6
Continuous
370
    -2
100
AcDbText
 10
-3762.302815268205
 20
-25.0
 30
0.0
 40
125.0
  1
NAME
 41
0.95
  7
맑은고딕
 72
     1
 11
-3526.254921246466
 21
37.5
 31
0.0
100
AcDbText
 73
     2
  0
ATTDEF
  5
101B
330
D28
100
AcDbEntity
  8
TXT
 62
     7
100
AcDbText
 10
-3813.650896110596
 20
-250.0
 30
0.0
 40
125.0
  1
CIR_NO
 41
0.95
  7
맑은고딕
 72
     1
 11
-3526.254921246466
 21
-187.5
 31
0.0
100
AcDbAttributeDefinition
  3

  2
CIR_NO
 70
     0
 74
     2
280
     1
  0
ATTDEF
  5
101C
330
D28
100
AcDbEntity
  8
TXT
 62
     7
100
AcDbText
 10
-2867.572006844292
 20
-25.0
 30
0.0
 40
125.0
  1
CB_TYPE
 41
0.95
  7
맑은고딕
 72
     1
 11
-2551.254921246466
 21
37.5
 31
0.0
100
AcDbAttributeDefinition
  3

  2
CB_TYPE
 70
     0
 74
     2
280
     1
  0
ATTDEF
  5
101D
330
D28
100
AcDbEntity
  8
TXT
 62
     7
100
AcDbText
 10
-2871.811561871466
 20
-250.0
 30
0.0
 40
125.0
  1
AF
 41
0.95
  7
맑은고딕
 72
     1
 11
-2776.254921246466
 21
-187.5
 31
0.0
100
AcDbAttributeDefinition
  3

  2
AF
 70
     0
 74
     2
280
     1
  0
ATTDEF
  5
101E
330
D28
100
AcDbEntity
  8
TXT
 62
     7
100
AcDbText
 10
-2424.715773827988
 20
-250.0
 30
0.0
 40
125.0
  1
AT
 41
0.95
  7
맑은고딕
 72
     1
 11
-2326.254921246466
 21
-187.5
 31
0.0
100
AcDbAttributeDefinition
  3

  2
AT
 70
     0
 74
     2
280
     1
  0
HATCH
  5
101F
330
D28
100
AcDbEntity
  8
0
 62
     2
440
 33554687
100
AcDbHatch
 10
0.0
 20
0.0
 30
0.0
210
0.0
220
0.0
230
1.0
  2
SOLID
 70
     1
 71
     1
 91
        5
 92
        1
 93
        1
 72
     2
 10
-901.2549212464951
 20
-150.0
 40
40.21345232398524
 50
0.0
 51
360.0
 73
     1
 97
        1
330
1011
 92
        1
 93
        1
 72
     2
 10
-1201.254921246495
 20
-150.0
 40
40.21345232398524
 50
0.0
 51
360.0
 73
     1
 97
        1
330
1011
 92
        1
 93
        1
 72
     2
 10
-901.2549212464951
 20
0.0
 40
40.21345232398524
 50
0.0
 51
360.0
 73
     1
 97
        1
330
1011
 92
        1
 93
        1
 72
     2
 10
-1201.254921246495
 20
0.0
 40
40.21345232398524
 50
0.0
 51
360.0
 73
     1
 97
        1
330
1011
 92
       33
 93
        4
 72
     2
 10
-1051.25492124651
 20
-7.364844701150965
 40
157.3648447011487
 50
17.59843624812731
 51
162.4015637518676
 73
     1
 72
     1
 10
-1071.254921246495
 20
-1.276106004799658
 11
-1071.254921246495
 21
148.7238939952003
 72
     1
 10
-1031.254921246495
 20
-1.276106004806934
 11
-1031.254921246495
 21
148.7238939951931
 72
     2
 10
-1051.25492124651
 20
-157.364844701151
 40
157.3648447011487
 50
17.59843624812731
 51
162.4015637518676
 73
     1
 97
        1
330
1011
 75
     1
 76
     1
 98
        1
 10
0.0
 20
0.0
450
        0
451
        0
460
0.0
461
1.0
452
        0
462
0.0
453
        2
463
0.0
 63
     5
421
      255
463
1.0
 63
     2
421
 16776960
470
LINEAR
1001
ACAD
1010
0.0
1020
0.0
1030
0.0
1001
AcadAnnotative
1000
AnnotativeData
1002
{
1070
     1
1070
     0
1002
}
  0
CIRCLE
  5
1020
330
D28
100
AcDbEntity
  8
SYMB
 62
     3
100
AcDbCircle
 10
-4126.207181014441
 20
-75.0
 30
0.0
 40
75.0
  0
ENDBLK
  5
D49
330
D28
100
AcDbEntity
  8
SYMB
100
AcDbBlockEnd
  0
BLOCK
  5
D53
330
D50
100
AcDbEntity
  8
SYMB
100
AcDbBlockBegin
  2
1P2W_RIGHT_BRANCH_BREAKER_1
 70
     2
 10
0.0
 20
0.0
 30
0.0
  3
1P2W_RIGHT_BRANCH_BREAKER_1
  1
Acad:XRef
  0
LINE
  5
1027
330
D50
100
AcDbEntity
  8
1
 62
     1
100
AcDbLine
 10
0.0
 20
0.0
 30
0.0
 11
1197.490157507127
 21
0.0
 31
0.0
  0
LINE
  5
1028
330
D50
100
AcDbEntity
  8
1
 62
     1
100
AcDbLine
 10
300.0
 20
-150.0
 30
0.0
 11
1197.490157507127
 21
-150.0
 31
0.0
  0
LINE
  5
1029
330
D50
100
AcDbEntity
  8
1
 62
     1
100
AcDbLine
 10
2398.745078753564
 20
0.0
 30
0.0
 11
1497.490157507098
 21
0.0
 31
0.0000000000003614
  0
LINE
  5
102A
330
D50
100
AcDbEntity
  8
1
 62
     1
100
AcDbLine
 10
2398.745078753564
 20
-150.0
 30
0.0
 11
1497.490157507098
 21
-150.0
 31
0.0000000000003614
  0
INSERT
  5
102B
102
{ACAD_REACTORS
330
1037
102
}
330
D50
100
AcDbEntity
  8
SYMB
100
AcDbBlockReference
  2
p2cb
 10
1347.490157507069
 20
-75.0
 30
0.0000000000003614
  0
LWPOLYLINE
  5
102C
330
D50
100
AcDbEntity
  8
SYMB
 62
     3
100
AcDbPolyline
 90
        2
 70
     0
 43
50.0
 10
4498.745078753564
 20
-75.0
 10
4574.792818985588
 20
-75.0
  0
LWPOLYLINE
  5
102D
330
D50
100
AcDbEntity
  8
2
 62
     4
100
AcDbPolyline
 90
        4
 70
     1
 43
0.0
 10
2398.745078753564
 20
-75.0
 10
3298.745078753564
 20
-75.0
 10
3298.745078753564
 20
150.0
 10
2398.745078753564
 20
150.0
  0
LWPOLYLINE
  5
102E
330
D50
100
AcDbEntity
  8
2
 62
     4
100
AcDbPolyline
 90
        4
 70
     1
 43
0.0
 10
2848.745078753564
 20
-300.0
 10
2398.745078753564
 20
-300.0
 10
2398.745078753564
 20
-75.0
 10
2848.745078753564
 20
-75.0
  0
LWPOLYLINE
  5
102F
330
D50
100
AcDbEntity
  8
2
 62
     4
100
AcDbPolyline
 90
        4
 70
     1
 43
0.0
 10
3298.745078753564
 20
-300.0
 10
2848.745078753564
 20
-300.0
 10
2848.745078753564
 20
-75.0
 10
3298.745078753564
 20
-75.0
  0
LWPOLYLINE
  5
1030
330
D50
100
AcDbEntity
  8
2
 62
     4
100
AcDbPolyline
 90
        4
 70
     1
 43
0.0
 10
3298.745078753564
 20
-75.0
 10
4348.745078753564
 20
-75.0
 10
4348.745078753564
 20
150.0
 10
3298.745078753564
 20
150.0
  0
LWPOLYLINE
  5
1031
330
D50
100
AcDbEntity
  8
2
 62
     4
100
AcDbPolyline
 90
        4
 70
     1
 43
0.0
 10
3298.745078753564
 20
-300.0
 10
4348.745078753564
 20
-300.0
 10
4348.745078753564
 20
-75.0
 10
3298.745078753564
 20
-75.0
  0
TEXT
  5
1032
330
D50
100
AcDbEntity
  8
TXT
  6
Continuous
370
    -2
100
AcDbText
 10
3587.697184731825
 20
-25.0
 30
0.0
 40
125.0
  1
NAME
 41
0.95
  7
맑은고딕
 72
     1
 11
3823.745078753564
 21
37.5
 31
0.0
100
AcDbText
 73
     2
  0
ATTDEF
  5
1033
330
D50
100
AcDbEntity
  8
TXT
 62
     7
100
AcDbText
 10
3536.349103889434
 20
-250.0
 30
0.0
 40
125.0
  1
CIR_NO
 41
0.95
  7
맑은고딕
 72
     1
 11
3823.745078753564
 21
-187.5
 31
0.0
100
AcDbAttributeDefinition
  3

  2
CIR_NO
 70
     0
 74
     2
280
     1
  0
ATTDEF
  5
1034
330
D50
100
AcDbEntity
  8
TXT
 62
     7
100
AcDbText
 10
2532.427993155738
 20
-25.0
 30
0.0
 40
125.0
  1
CB_TYPE
 41
0.95
  7
맑은고딕
 72
     1
 11
2848.745078753564
 21
37.5
 31
0.0
100
AcDbAttributeDefinition
  3

  2
CB_TYPE
 70
     0
 74
     2
280
     1
  0
ATTDEF
  5
1035
330
D50
100
AcDbEntity
  8
TXT
 62
     7
100
AcDbText
 10
2528.188438128564
 20
-250.0
 30
0.0
 40
125.0
  1
AF
 41
0.95
  7
맑은고딕
 72
     1
 11
2623.745078753564
 21
-187.5
 31
0.0
100
AcDbAttributeDefinition
  3

  2
AF
 70
     0
 74
     2
280
     1
  0
ATTDEF
  5
1036
330
D50
100
AcDbEntity
  8
TXT
 62
     7
100
AcDbText
 10
2975.284226172043
 20
-250.0
 30
0.0
 40
125.0
  1
AT
 41
0.95
  7
맑은고딕
 72
     1
 11
3073.745078753564
 21
-187.5
 31
0.0
100
AcDbAttributeDefinition
  3

  2
AT
 70
     0
 74
     2
280
     1
  0
HATCH
  5
1037
330
D50
100
AcDbEntity
  8
0
 62
     2
440
 33554687
100
AcDbHatch
 10
0.0
 20
0.0
 30
0.0
210
0.0
220
0.0
230
1.0
  2
SOLID
 70
     1
 71
     1
 91
        5
 92
        1
 93
        1
 72
     2
 10
1497.490157507069
 20
-150.0
 40
40.21345232398524
 50
0.0
 51
360.0
 73
     1
 97
        1
330
102B
 92
        1
 93
        1
 72
     2
 10
1197.490157507069
 20
-150.0
 40
40.21345232398524
 50
0.0
 51
360.0
 73
     1
 97
        1
330
102B
 92
        1
 93
        1
 72
     2
 10
1497.490157507069
 20
0.0
 40
40.21345232398524
 50
0.0
 51
360.0
 73
     1
 97
        1
330
102B
 92
        1
 93
        1
 72
     2
 10
1197.490157507069
 20
0.0
 40
40.21345232398524
 50
0.0
 51
360.0
 73
     1
 97
        1
330
102B
 92
       33
 93
        4
 72
     2
 10
1347.490157507054
 20
-7.364844701150965
 40
157.3648447011487
 50
17.59843624812731
 51
162.4015637518676
 73
     1
 72
     2
 10
1347.490157507054
 20
-157.364844701151
 40
157.3648447011487
 50
17.59843624812731
 51
162.4015637518676
 73
     1
 72
     1
 10
1327.490157507069
 20
-1.276106004799658
 11
1327.490157507069
 21
148.7238939952003
 72
     1
 10
1367.490157507069
 20
-1.276106004806934
 11
1367.490157507069
 21
148.7238939951931
 97
        1
330
102B
 75
     1
 76
     1
 98
        1
 10
0.0
 20
0.0
450
        0
451
        0
460
0.0
461
1.0
452
        0
462
0.0
453
        2
463
0.0
 63
     5
421
      255
463
1.0
 63
     2
421
 16776960
470
LINEAR
1001
ACAD
1010
0.0
1020
0.0
1030
0.0
1001
AcadAnnotative
1000
AnnotativeData
1002
{
1070
     1
1070
     0
1002
}
  0
CIRCLE
  5
1038
330
D50
100
AcDbEntity
  8
SYMB
 62
     3
100
AcDbCircle
 10
4423.745078753564
 20
-75.0
 30
0.0
 40
75.0
  0
ENDBLK
  5
D66
330
D50
100
AcDbEntity
  8
SYMB
100
AcDbBlockEnd
  0
BLOCK
  5
D86
330
D85
100
AcDbEntity
  8
0
100
AcDbBlockBegin
  2
1P2W_LEFT_SYM_REMOTE_1
 70
     0
 10
0.0
 20
0.0
 30
0.0
  3
1P2W_LEFT_SYM_REMOTE_1
  1
Acad:XRef
  0
LINE
  5
D87
330
D85
100
AcDbEntity
  8
SYMB
 62
     4
100
AcDbLine
 10
-300.0
 20
675.0
 30
-0.0000000000007933
 11
-1499.999999993626
 21
675.0
 31
-0.0000000000001429
  0
LWPOLYLINE
  5
D88
330
D85
100
AcDbEntity
  8
SYMB
 62
     2
100
AcDbPolyline
 90
        4
 70
     1
 43
0.0
 10
-300.0
 20
562.5
 10
600.0
 20
562.5
 10
600.0
 20
787.5
 10
-300.0
 20
787.5
  0
LWPOLYLINE
  5
D89
330
D85
100
AcDbEntity
  8
SYMB
  6
Continuous
100
AcDbPolyline
 90
        4
 70
     1
 43
0.0
 10
-1799.999999991502
 20
600.0000000005239
 10
-1499.999999993626
 20
600.0000000005239
 10
-1499.999999993626
 20
750.0000000007858
 10
-1799.999999991502
 20
750.0000000007858
  0
CIRCLE
  5
D8A
330
D85
100
AcDbEntity
  8
SYMB
  6
Continuous
 62
     4
100
AcDbCircle
 10
-1574.999999999738
 20
675.0
 30
-0.0000000000007933
 40
75.00000000020367
  0
CIRCLE
  5
D8B
330
D85
100
AcDbEntity
  8
SYMB
  6
Continuous
 62
     4
100
AcDbCircle
 10
-1724.999999998632
 20
675.0
 30
-0.0000000000007933
 40
75.00000000020367
  0
TEXT
  5
D8C
330
D85
100
AcDbEntity
  8
SYMB
 62
     7
100
AcDbText
 10
-2018.926630425352
 20
800.0000000008731
 30
0.0
 40
100.0
  1
일괄소등S/W
 41
0.9
  7
맑은고딕
 72
     1
 11
-1649.99999999057
 21
850.0000000008731
 31
0.0
100
AcDbText
 73
     2
  0
WIPEOUT
  5
D8D
330
D85
100
AcDbEntity
  8
SYMB
 62
     4
 92
      140
310
8C000000010000008400000006000000050000000002000000C072C0C0FFFFFFFF9B88409B2BA1869B84E63C0002000000C072C0C0FFFFFFFF9381409B2BA1869B84E63C00FFFFFFFFBF8240C0FFFFFFFF9381409B2BA1869B84E63C00FFFFFFFFBF8240C0FFFFFFFF9B88409B2BA1869B84E63C0002000000C072C0C0FFFF
310
FFFF9B88409B2BA1869B84E63C
100
AcDbWipeout
 90
        0
 10
-300.0000000000291
 20
562.4999999999927
 30
0.0000000000000025
 11
900.0
 21
0.0
 31
0.0
 12
0.0
 22
900.0
 32
0.0
 13
1.0
 23
1.0
340
0
 70
     7
280
     1
281
    50
282
    50
283
     0
360
0
 71
     2
 91
        5
 14
-0.5
 24
0.25
 14
-0.5
 24
0.5
 14
0.5
 24
0.5
 14
0.5
 24
0.25
 14
-0.5
 24
0.25
  0
TEXT
  5
D8E
330
D85
100
AcDbEntity
  8
SYMB
  6
Continuous
370
    -2
100
AcDbText
 10
-162.3267663043478
 20
620.0
 30
0.0
 40
110.0
  1
M.G S/W
  7
맑은고딕
 72
     1
 11
150.0
 21
675.0
 31
0.0
100
AcDbText
 73
     2
  0
ENDBLK
  5
D8F
330
D85
100
AcDbEntity
  8
0
100
AcDbBlockEnd
  0
BLOCK
  5
D92
330
D91
100
AcDbEntity
  8
0
100
AcDbBlockBegin
  2
1P2W_RIGHT_SYM_REMOTE_1
 70
     0
 10
0.0
 20
0.0
 30
0.0
  3
1P2W_RIGHT_SYM_REMOTE_1
  1
Acad:XRef
  0
LINE
  5
D93
330
D91
100
AcDbEntity
  8
SYMB
 62
     4
100
AcDbLine
 10
-300.0
 20
675.0
 30
-0.0000000000007933
 11
-1499.999999993626
 21
675.0
 31
-0.0000000000001429
  0
LWPOLYLINE
  5
D94
330
D91
100
AcDbEntity
  8
SYMB
 62
     2
100
AcDbPolyline
 90
        4
 70
     1
 43
0.0
 10
-300.0
 20
562.5
 10
600.0
 20
562.5
 10
600.0
 20
787.5
 10
-300.0
 20
787.5
  0
LWPOLYLINE
  5
D95
330
D91
100
AcDbEntity
  8
SYMB
  6
Continuous
100
AcDbPolyline
 90
        4
 70
     1
 43
0.0
 10
-1799.999999991502
 20
600.0000000005239
 10
-1499.999999993626
 20
600.0000000005239
 10
-1499.999999993626
 20
750.0000000007858
 10
-1799.999999991502
 20
750.0000000007858
  0
CIRCLE
  5
D96
330
D91
100
AcDbEntity
  8
SYMB
  6
Continuous
 62
     4
100
AcDbCircle
 10
-1574.999999999738
 20
675.0
 30
-0.0000000000007933
 40
75.00000000020367
  0
CIRCLE
  5
D97
330
D91
100
AcDbEntity
  8
SYMB
  6
Continuous
 62
     4
100
AcDbCircle
 10
-1724.999999998632
 20
675.0
 30
-0.0000000000007933
 40
75.00000000020367
  0
TEXT
  5
D98
330
D91
100
AcDbEntity
  8
SYMB
 62
     7
100
AcDbText
 10
-2018.926630425352
 20
800.0000000008731
 30
0.0
 40
100.0
  1
일괄소등S/W
 41
0.9
  7
맑은고딕
 72
     1
 11
-1649.99999999057
 21
850.0000000008731
 31
0.0
100
AcDbText
 73
     2
  0
WIPEOUT
  5
D99
330
D91
100
AcDbEntity
  8
SYMB
 62
     4
 92
      140
310
8C000000010000008400000006000000050000000002000000C072C0C0FFFFFFFF9B88409B2BA1869B84E63C0002000000C072C0C0FFFFFFFF9381409B2BA1869B84E63C00FFFFFFFFBF8240C0FFFFFFFF9381409B2BA1869B84E63C00FFFFFFFFBF8240C0FFFFFFFF9B88409B2BA1869B84E63C0002000000C072C0C0FFFF
310
FFFF9B88409B2BA1869B84E63C
100
AcDbWipeout
 90
        0
 10
-300.0000000000291
 20
562.4999999999927
 30
0.0000000000000025
 11
900.0
 21
0.0
 31
0.0
 12
0.0
 22
900.0
 32
0.0
 13
1.0
 23
1.0
340
0
 70
     7
280
     1
281
    50
282
    50
283
     0
360
0
 71
     2
 91
        5
 14
-0.5
 24
0.25
 14
-0.5
 24
0.5
 14
0.5
 24
0.5
 14
0.5
 24
0.25
 14
-0.5
 24
0.25
  0
TEXT
  5
D9A
330
D91
100
AcDbEntity
  8
SYMB
  6
Continuous
370
    -2
100
AcDbText
 10
-162.3267663043478
 20
620.0
 30
0.0
 40
110.0
  1
M.G S/W
  7
맑은고딕
 72
     1
 11
150.0
 21
675.0
 31
0.0
100
AcDbText
 73
     2
  0
ENDBLK
  5
D9B
330
D91
100
AcDbEntity
  8
0
100
AcDbBlockEnd
  0
BLOCK
  5
D9E
330
D9D
100
AcDbEntity
  8
0
100
AcDbBlockBegin
  2
1P2W_L_SYM_ELB_1
 70
     0
 10
0.0
 20
0.0
 30
0.0
  3
1P2W_L_SYM_ELB_1
  1
Acad:XRef
  0
TEXT
  5
D9F
330
D9D
100
AcDbEntity
  8
SYMB
 62
     4
100
AcDbText
 10
-875.0514933281355
 20
-120.0
 30
0.0
 40
90.0
  1
15mA
  7
맑은고딕
 72
     1
 11
-709.7865476759616
 21
-75.0
 31
0.0
100
AcDbText
 73
     2
  0
LWPOLYLINE
  5
DA0
330
D9D
100
AcDbEntity
  8
SYMB
 62
     2
100
AcDbPolyline
 90
        4
 70
     1
 43
0.0
 10
-900.0
 20
-150.0
 10
-519.5730953520397
 20
-150.0
 10
-519.5730953520397
 20
0.0
 10
-900.0
 20
0.0
  0
ENDBLK
  5
DA1
330
D9D
100
AcDbEntity
  8
0
100
AcDbBlockEnd
  0
BLOCK
  5
DA4
330
DA3
100
AcDbEntity
  8
0
100
AcDbBlockBegin
  2
1P2W_R_SYM_ELB_1
 70
     0
 10
0.0
 20
0.0
 30
0.0
  3
1P2W_R_SYM_ELB_1
  1
Acad:XRef
  0
TEXT
  5
DA5
330
DA3
100
AcDbEntity
  8
SYMB
 62
     4
100
AcDbText
 10
847.0314445169221
 20
-120.0
 30
0.0
 40
90.0
  1
15mA
  7
맑은고딕
 72
     1
 11
1012.296390169096
 21
-75.0
 31
0.0
100
AcDbText
 73
     2
  0
LWPOLYLINE
  5
DA6
330
DA3
100
AcDbEntity
  8
SYMB
 62
     2
100
AcDbPolyline
 90
        4
 70
     1
 43
0.0
 10
822.082937845058
 20
-150.0
 10
1202.509842493018
 20
-150.0
 10
1202.509842493018
 20
0.0
 10
822.082937845058
 20
0.0
  0
ENDBLK
  5
DA7
330
DA3
100
AcDbEntity
  8
0
100
AcDbBlockEnd
  0
BLOCK
  5
DAA
330
DA9
100
AcDbEntity
  8
0
100
AcDbBlockBegin
  2
1P2W_L_SYM_ONOFF_1
 70
     0
 10
0.0
 20
0.0
 30
0.0
  3
1P2W_L_SYM_ONOFF_1
  1
Acad:XRef
  0
LINE
  5
DAB
330
DA9
100
AcDbEntity
  8
SYMB
100
AcDbLine
 10
-1946.90788592535
 20
244.3980434324767
 30
-0.0000000000010169
 11
-2058.111799060396
 21
355.601956567516
 31
-0.0000000000010169
  0
LINE
  5
DAC
330
DA9
100
AcDbEntity
  8
SYMB
100
AcDbLine
 10
-1952.509842492873
 20
300.0
 30
-0.0000000000010169
 11
-1902.855263897101
 21
300.0
 31
-0.0000000000010169
  0
LWPOLYLINE
  5
DAD
330
DA9
100
AcDbEntity
  8
SYMB
100
AcDbPolyline
 90
        4
 70
     1
 43
0.0
 10
-1902.509842492873
 20
150.0
 10
-2102.509842492873
 20
150.0
 10
-2102.509842492873
 20
-300.0
 10
-1902.509842492873
 20
-300.0
  0
LINE
  5
DAE
330
DA9
100
AcDbEntity
  8
SYMB
100
AcDbLine
 10
-2002.509842492873
 20
250.0
 30
-0.0000000000010169
 11
-2002.509842492873
 21
150.0
 31
-0.0000000000010169
  0
CIRCLE
  5
DAF
330
DA9
100
AcDbEntity
  8
SYMB
100
AcDbCircle
 10
-2002.509842492873
 20
300.0
 30
-0.0000000000010169
 40
50.0
  0
LWPOLYLINE
  5
DB0
330
DA9
100
AcDbEntity
  8
SYMB
  6
Continuous
100
AcDbPolyline
 90
        4
 70
     1
 43
0.0
 10
-1902.855263897101
 20
249.9999999999127
 10
-1702.855263898527
 20
249.9999999999127
 10
-1702.855263898527
 20
350.0000000000873
 10
-1902.855263897101
 20
350.0000000000873
  0
CIRCLE
  5
DB1
330
DA9
100
AcDbEntity
  8
SYMB
  6
Continuous
 62
     4
100
AcDbCircle
 10
-1752.855263902602
 20
299.9999999995634
 30
-0.0000000000010169
 40
50.00000000013578
  0
CIRCLE
  5
DB2
330
DA9
100
AcDbEntity
  8
SYMB
  6
Continuous
 62
     4
100
AcDbCircle
 10
-1852.855263901874
 20
299.9999999995634
 30
-0.0000000000010169
 40
50.00000000013578
  0
TEXT
  5
DB3
330
DA9
100
AcDbEntity
  8
SYMB
 62
     7
100
AcDbText
 10
-1669.814272479322
 20
251.4578017067834
 30
0.0
 40
100.0
  1
ON/OFF
 41
0.8
  7
맑은고딕
 72
     1
 11
-1463.618620305409
 21
301.4578017067834
 31
0.0
100
AcDbText
 73
     2
  0
WIPEOUT
  5
DB4
330
DA9
100
AcDbEntity
  8
SYMB
 62
     2
 92
      140
310
8C000000010000008400000006000000050000000042130A056DA0C00000000000C06240D3A62E3AE68564BD0042130A056DA0C0FFFFFFFFFFBF72C0D3A62E3AE68564BD008426140ABA9DC0FFFFFFFFFFBF72C0D3A62E3AE68564BD008426140ABA9DC00000000000C06240D3A62E3AE68564BD0042130A056DA0C0000000
310
0000C06240D3A62E3AE68564BD
100
AcDbWipeout
 90
        0
 10
-2102.509842492873
 20
-300.0
 30
-0.0000000000005833
 11
450.0
 21
0.0
 31
0.0
 12
0.0
 22
450.0
 32
0.0
 13
1.0
 23
1.0
340
0
 70
     7
280
     1
281
    50
282
    50
283
     0
360
0
 71
     2
 91
        5
 14
-0.5
 24
-0.5
 14
-0.5
 24
0.4999999999999999
 14
-0.0555555555555556
 24
0.4999999999999999
 14
-0.0555555555555556
 24
-0.5
 14
-0.5
 24
-0.5
  0
TEXT
  5
DB5
330
DA9
100
AcDbEntity
  8
SYMB
 62
     7
100
AcDbText
 10
-2066.300603362438
 20
-12.5
 30
0.0
 40
100.0
  1
M
  7
맑은고딕
 72
     1
 11
-2002.509842492873
 21
37.5
 31
0.0
100
AcDbText
 73
     2
  0
TEXT
  5
DB6
330
DA9
100
AcDbEntity
  8
SYMB
 62
     7
100
AcDbText
 10
-2051.320983797221
 20
-237.5
 30
0.0
 40
100.0
  1
G
  7
맑은고딕
 72
     1
 11
-2002.509842492873
 21
-187.5
 31
0.0
100
AcDbText
 73
     2
  0
ENDBLK
  5
DB7
330
DA9
100
AcDbEntity
  8
0
100
AcDbBlockEnd
  0
BLOCK
  5
DBA
330
DB9
100
AcDbEntity
  8
0
100
AcDbBlockBegin
  2
1P2W_R_SYM_ONOFF_1
 70
     0
 10
0.0
 20
0.0
 30
0.0
  3
1P2W_R_SYM_ONOFF_1
  1
Acad:XRef
  0
LINE
  5
DBB
330
DB9
100
AcDbEntity
  8
SYMB
100
AcDbLine
 10
2354.347035321087
 20
244.3980434324767
 30
-0.0000000000004336
 11
2243.14312218604
 21
355.601956567516
 31
-0.0000000000004336
  0
LINE
  5
DBC
330
DB9
100
AcDbEntity
  8
SYMB
100
AcDbLine
 10
2348.745078753564
 20
300.0
 30
-0.0000000000004336
 11
2398.399657349335
 21
300.0
 31
-0.0000000000004336
  0
LWPOLYLINE
  5
DBD
330
DB9
100
AcDbEntity
  8
SYMB
100
AcDbPolyline
 90
        4
 70
     1
 43
0.0
 10
2398.745078753564
 20
150.0
 10
2198.745078753564
 20
150.0
 10
2198.745078753564
 20
-300.0
 10
2398.745078753564
 20
-300.0
  0
LINE
  5
DBE
330
DB9
100
AcDbEntity
  8
SYMB
100
AcDbLine
 10
2298.745078753564
 20
250.0
 30
-0.0000000000004336
 11
2298.745078753564
 21
150.0
 31
-0.0000000000004336
  0
CIRCLE
  5
DBF
330
DB9
100
AcDbEntity
  8
SYMB
100
AcDbCircle
 10
2298.745078753564
 20
300.0
 30
-0.0000000000004336
 40
50.0
  0
LWPOLYLINE
  5
DC0
330
DB9
100
AcDbEntity
  8
SYMB
  6
Continuous
100
AcDbPolyline
 90
        4
 70
     1
 43
0.0
 10
2398.399657349335
 20
249.9999999999127
 10
2598.399657347909
 20
249.9999999999127
 10
2598.399657347909
 20
350.0000000000873
 10
2398.399657349335
 20
350.0000000000873
  0
CIRCLE
  5
DC1
330
DB9
100
AcDbEntity
  8
SYMB
  6
Continuous
 62
     4
100
AcDbCircle
 10
2548.399657343834
 20
299.9999999995634
 30
-0.0000000000004336
 40
50.00000000013578
  0
CIRCLE
  5
DC2
330
DB9
100
AcDbEntity
  8
SYMB
  6
Continuous
 62
     4
100
AcDbCircle
 10
2448.399657344562
 20
299.9999999995634
 30
-0.0000000000004336
 40
50.00000000013578
  0
TEXT
  5
DC3
330
DB9
100
AcDbEntity
  8
SYMB
 62
     7
100
AcDbText
 10
2631.440648767114
 20
251.4578017067834
 30
0.0
 40
100.0
  1
ON/OFF
 41
0.8
  7
맑은고딕
 72
     1
 11
2837.636300941027
 21
301.4578017067834
 31
0.0
100
AcDbText
 73
     2
  0
WIPEOUT
  5
DC4
330
DB9
100
AcDbEntity
  8
SYMB
 62
     2
 92
      140
310
8C00000001000000840000000600000005000000005FF67A7D2DA140FEFFFFFFFFBF62400000000000000000005FF67A7D2DA140FDFFFFFFFFBF72C00000000000000000005FF67A7DBDA240FDFFFFFFFFBF72C00000000000000000005FF67A7DBDA240FEFFFFFFFFBF62400000000000000000005FF67A7D2DA140FEFFFF
310
FFFFBF62400000000000000000
100
AcDbWipeout
 90
        0
 10
2198.745078753564
 20
-299.9999999999999
 30
0.0
 11
449.9999999999999
 21
0.0
 31
0.0
 12
0.0
 22
449.9999999999999
 32
0.0
 13
1.0
 23
1.0
340
0
 70
     7
280
     1
281
    50
282
    50
283
     0
360
0
 71
     2
 91
        5
 14
-0.5000000000000009
 24
-0.4999999999999999
 14
-0.5000000000000009
 24
0.4999999999999999
 14
-0.0555555555555562
 24
0.4999999999999999
 14
-0.0555555555555562
 24
-0.4999999999999999
 14
-0.5000000000000009
 24
-0.4999999999999999
  0
TEXT
  5
DC5
330
DB9
100
AcDbEntity
  8
SYMB
 62
     7
100
AcDbText
 10
2234.954317883999
 20
-12.5
 30
0.0
 40
100.0
  1
M
  7
맑은고딕
 72
     1
 11
2298.745078753564
 21
37.5
 31
0.0
100
AcDbText
 73
     2
  0
TEXT
  5
DC6
330
DB9
100
AcDbEntity
  8
SYMB
 62
     7
100
AcDbText
 10
2249.933937449216
 20
-237.5
 30
0.0
 40
100.0
  1
G
  7
맑은고딕
 72
     1
 11
2298.745078753564
 21
-187.5
 31
0.0
100
AcDbText
 73
     2
  0
ENDBLK
  5
DC7
330
DB9
100
AcDbEntity
  8
0
100
AcDbBlockEnd
  0
BLOCK
  5
DCA
330
DC9
100
AcDbEntity
  8
0
100
AcDbBlockBegin
  2
1P2W_R_SYM_TIMER_1
 70
     0
 10
0.0
 20
0.0
 30
0.0
  3
1P2W_R_SYM_TIMER_1
  1
Acad:XRef
  0
TEXT
  5
DCB
330
DC9
100
AcDbEntity
  8
TXT
100
AcDbText
 10
2123.624546702491
 20
262.5
 30
0.0
 40
75.0
  1
T
  7
SHT
 72
     1
 11
2151.224546702491
 21
300.0
 31
0.0
100
AcDbText
 73
     2
  0
CIRCLE
  5
DCC
330
DC9
100
AcDbEntity
  8
2
 62
     4
100
AcDbCircle
 10
2151.224546702491
 20
300.0
 30
0.0000000000001211
 40
64.3757959482474
  0
TEXT
  5
DCD
330
DC9
100
AcDbEntity
  8
SYMB
 62
     7
100
AcDbText
 10
1698.379103061957
 20
250.0
 30
0.0
 40
100.0
  1
TIMER
 41
0.9
  7
맑은고딕
 72
     1
 11
1876.667146540218
 21
300.0
 31
0.0
100
AcDbText
 73
     2
  0
LINE
  5
DCE
330
DC9
100
AcDbEntity
  8
SYMB
100
AcDbLine
 10
2356.856877814047
 20
244.3980434324767
 30
0.0000000000001211
 11
2245.652964679
 21
355.601956567516
 31
0.0000000000001211
  0
LINE
  5
DCF
330
DC9
100
AcDbEntity
  8
SYMB
100
AcDbLine
 10
2351.254921246524
 20
300.0
 30
0.0000000000001211
 11
2400.909499842295
 21
300.0
 31
0.0000000000001211
  0
LWPOLYLINE
  5
DD0
330
DC9
100
AcDbEntity
  8
SYMB
100
AcDbPolyline
 90
        4
 70
     1
 43
0.0
 10
2401.254921246524
 20
150.0
 10
2201.254921246524
 20
150.0
 10
2201.254921246524
 20
-300.0
 10
2401.254921246524
 20
-300.0
  0
LINE
  5
DD1
330
DC9
100
AcDbEntity
  8
SYMB
100
AcDbLine
 10
2301.254921246524
 20
250.0
 30
0.0000000000001211
 11
2301.254921246524
 21
150.0
 31
0.0000000000001211
  0
CIRCLE
  5
DD2
330
DC9
100
AcDbEntity
  8
SYMB
100
AcDbCircle
 10
2301.254921246524
 20
300.0
 30
0.0000000000001211
 40
50.0
  0
LWPOLYLINE
  5
DD3
330
DC9
100
AcDbEntity
  8
SYMB
  6
Continuous
100
AcDbPolyline
 90
        4
 70
     1
 43
0.0
 10
2400.909499842295
 20
249.9999999999127
 10
2600.909499840869
 20
249.9999999999127
 10
2600.909499840869
 20
350.0000000000873
 10
2400.909499842295
 20
350.0000000000873
  0
CIRCLE
  5
DD4
330
DC9
100
AcDbEntity
  8
SYMB
  6
Continuous
 62
     4
100
AcDbCircle
 10
2550.909499836795
 20
299.9999999995634
 30
0.0000000000001211
 40
50.00000000013578
  0
CIRCLE
  5
DD5
330
DC9
100
AcDbEntity
  8
SYMB
  6
Continuous
 62
     4
100
AcDbCircle
 10
2450.909499837522
 20
299.9999999995634
 30
0.0000000000001211
 40
50.00000000013578
  0
TEXT
  5
DD6
330
DC9
100
AcDbEntity
  8
SYMB
 62
     7
100
AcDbText
 10
2633.950491260074
 20
251.4578017067834
 30
0.0
 40
100.0
  1
ON/OFF
 41
0.8
  7
맑은고딕
 72
     1
 11
2840.146143433987
 21
301.4578017067834
 31
0.0
100
AcDbText
 73
     2
  0
WIPEOUT
  5
DD7
330
DC9
100
AcDbEntity
  8
SYMB
 62
     2
 92
      140
310
8C00000001000000840000000600000005000000C1A109858232A140FEFFFFFFFFBF62408487011E4B84633DC1A109858232A140FDFFFFFFFFBF72C08487011E4B84633DC1A1098582C2A240FDFFFFFFFFBF72C08487011E4B84633DC1A1098582C2A240FEFFFFFFFFBF62408487011E4B84633DC1A109858232A140FEFFFF
310
FFFFBF62408487011E4B84633D
100
AcDbWipeout
 90
        0
 10
2201.254921246524
 20
-299.9999999999999
 30
0.0000000000005547
 11
449.9999999999999
 21
0.0
 31
0.0
 12
0.0
 22
449.9999999999999
 32
0.0
 13
1.0
 23
1.0
340
0
 70
     7
280
     1
281
    50
282
    50
283
     0
360
0
 71
     2
 91
        5
 14
-0.5
 24
-0.4999999999999999
 14
-0.5
 24
0.4999999999999999
 14
-0.0555555555555554
 24
0.4999999999999999
 14
-0.0555555555555554
 24
-0.4999999999999999
 14
-0.5
 24
-0.4999999999999999
  0
TEXT
  5
DD8
330
DC9
100
AcDbEntity
  8
SYMB
 62
     7
100
AcDbText
 10
2237.464160376959
 20
-12.5
 30
0.0
 40
100.0
  1
M
  7
맑은고딕
 72
     1
 11
2301.254921246524
 21
37.5
 31
0.0
100
AcDbText
 73
     2
  0
TEXT
  5
DD9
330
DC9
100
AcDbEntity
  8
SYMB
 62
     7
100
AcDbText
 10
2252.443779942176
 20
-237.5
 30
0.0
 40
100.0
  1
G
  7
맑은고딕
 72
     1
 11
2301.254921246524
 21
-187.5
 31
0.0
100
AcDbText
 73
     2
  0
LINE
  5
DDA
330
DC9
100
AcDbEntity
  8
SYMB
100
AcDbLine
 10
2251.254921246524
 20
300.0
 30
0.0000000000001211
 11
2215.600342650752
 21
300.0
 31
0.0000000000001211
  0
ENDBLK
  5
DDB
330
DC9
100
AcDbEntity
  8
0
100
AcDbBlockEnd
  0
BLOCK
  5
DDE
330
DDD
100
AcDbEntity
  8
0
100
AcDbBlockBegin
  2
1P2W_L_SYM_TIMER_1
 70
     0
 10
0.0
 20
0.0
 30
0.0
  3
1P2W_L_SYM_TIMER_1
  1
Acad:XRef
  0
TEXT
  5
DDF
330
DDD
100
AcDbEntity
  8
TXT
100
AcDbText
 10
-2177.630374544032
 20
262.5
 30
0.0
 40
75.0
  1
T
  7
SHT
 72
     1
 11
-2150.030374544032
 21
300.0
 31
0.0
100
AcDbText
 73
     2
  0
CIRCLE
  5
DE0
330
DDD
100
AcDbEntity
  8
2
 62
     4
100
AcDbCircle
 10
-2150.030374544032
 20
300.0
 30
0.0000000000001211
 40
64.3757959482474
  0
TEXT
  5
DE1
330
DDD
100
AcDbEntity
  8
SYMB
 62
     7
100
AcDbText
 10
-2602.875818184567
 20
250.0
 30
0.0
 40
100.0
  1
TIMER
 41
0.9
  7
맑은고딕
 72
     1
 11
-2424.587774706306
 21
300.0
 31
0.0
100
AcDbText
 73
     2
  0
LINE
  5
DE2
330
DDD
100
AcDbEntity
  8
SYMB
100
AcDbLine
 10
-1944.398043432477
 20
244.3980434324767
 30
0.0000000000001211
 11
-2055.601956567523
 21
355.601956567516
 31
0.0000000000001211
  0
LINE
  5
DE3
330
DDD
100
AcDbEntity
  8
SYMB
100
AcDbLine
 10
-1950.0
 20
300.0
 30
0.0000000000001211
 11
-1900.345421404229
 21
300.0
 31
0.0000000000001211
  0
LWPOLYLINE
  5
DE4
330
DDD
100
AcDbEntity
  8
SYMB
100
AcDbPolyline
 90
        4
 70
     1
 43
0.0
 10
-1900.0
 20
150.0
 10
-2100.0
 20
150.0
 10
-2100.0
 20
-300.0
 10
-1900.0
 20
-300.0
  0
LINE
  5
DE5
330
DDD
100
AcDbEntity
  8
SYMB
100
AcDbLine
 10
-2000.0
 20
250.0
 30
0.0000000000001211
 11
-2000.0
 21
150.0
 31
0.0000000000001211
  0
CIRCLE
  5
DE6
330
DDD
100
AcDbEntity
  8
SYMB
100
AcDbCircle
 10
-2000.0
 20
300.0
 30
0.0000000000001211
 40
50.0
  0
LWPOLYLINE
  5
DE7
330
DDD
100
AcDbEntity
  8
SYMB
  6
Continuous
100
AcDbPolyline
 90
        4
 70
     1
 43
0.0
 10
-1900.345421404229
 20
249.9999999999127
 10
-1700.345421405655
 20
249.9999999999127
 10
-1700.345421405655
 20
350.0000000000873
 10
-1900.345421404229
 20
350.0000000000873
  0
CIRCLE
  5
DE8
330
DDD
100
AcDbEntity
  8
SYMB
  6
Continuous
 62
     4
100
AcDbCircle
 10
-1750.345421409729
 20
299.9999999995634
 30
0.0000000000001211
 40
50.00000000013578
  0
CIRCLE
  5
DE9
330
DDD
100
AcDbEntity
  8
SYMB
  6
Continuous
 62
     4
100
AcDbCircle
 10
-1850.345421409002
 20
299.9999999995634
 30
0.0000000000001211
 40
50.00000000013578
  0
TEXT
  5
DEA
330
DDD
100
AcDbEntity
  8
SYMB
 62
     7
100
AcDbText
 10
-1667.30442998645
 20
251.4578017067834
 30
0.0
 40
100.0
  1
ON/OFF
 41
0.8
  7
맑은고딕
 72
     1
 11
-1461.108777812537
 21
301.4578017067834
 31
0.0
100
AcDbText
 73
     2
  0
WIPEOUT
  5
DEB
330
DDD
100
AcDbEntity
  8
SYMB
 62
     2
 92
      140
310
8C00000001000000840000000600000005000000000000000068A0C00000000000C062408487011E4B84633D000000000068A0C0FFFFFFFFFFBF72C08487011E4B84633D0000000000B09DC0FFFFFFFFFFBF72C08487011E4B84633D0000000000B09DC00000000000C062408487011E4B84633D000000000068A0C0000000
310
0000C062408487011E4B84633D
100
AcDbWipeout
 90
        0
 10
-2100.0
 20
-300.0
 30
0.0000000000005547
 11
450.0
 21
0.0
 31
0.0
 12
0.0
 22
450.0
 32
0.0
 13
1.0
 23
1.0
340
0
 70
     7
280
     1
281
    50
282
    50
283
     0
360
0
 71
     2
 91
        5
 14
-0.5
 24
-0.5
 14
-0.5
 24
0.4999999999999999
 14
-0.0555555555555556
 24
0.4999999999999999
 14
-0.0555555555555556
 24
-0.5
 14
-0.5
 24
-0.5
  0
TEXT
  5
DEC
330
DDD
100
AcDbEntity
  8
SYMB
 62
     7
100
AcDbText
 10
-2063.790760869565
 20
-12.5
 30
0.0
 40
100.0
  1
M
  7
맑은고딕
 72
     1
 11
-2000.0
 21
37.5
 31
0.0
100
AcDbText
 73
     2
  0
TEXT
  5
DED
330
DDD
100
AcDbEntity
  8
SYMB
 62
     7
100
AcDbText
 10
-2048.811141304348
 20
-237.5
 30
0.0
 40
100.0
  1
G
  7
맑은고딕
 72
     1
 11
-2000.0
 21
-187.5
 31
0.0
100
AcDbText
 73
     2
  0
LINE
  5
DEE
330
DDD
100
AcDbEntity
  8
SYMB
100
AcDbLine
 10
-2050.0
 20
300.0
 30
0.0000000000001211
 11
-2085.654578595771
 21
300.0
 31
0.0000000000001211
  0
ENDBLK
  5
DEF
330
DDD
100
AcDbEntity
  8
0
100
AcDbBlockEnd
  0
ENDSEC
  0
SECTION
  2
ENTITIES
  0
LWPOLYLINE
  5
584
330
1F
100
AcDbEntity
  8
5
 62
     3
100
AcDbPolyline
 90
        4
 70
     1
 43
0.0
 10
11164.99984101512
 20
13096.71693894891
 10
2314.999841015118
 20
13096.71693894891
 10
2314.999841015118
 20
1246.716938948912
 10
11164.99984101512
 20
1246.716938948912
  0
LINE
  5
585
330
1F
100
AcDbEntity
  8
BUS_L3
100
AcDbLine
 10
6889.99984101442
 20
10921.71693894891
 30
0.000000000000008
 11
6889.99984101442
 21
1246.716938948912
 31
0.0000000000006172
  0
LINE
  5
586
330
1F
100
AcDbEntity
  8
BUS_L2
100
AcDbLine
 10
6589.99984101442
 20
10921.71693894891
 30
0.0
 11
6589.99984101442
 21
1246.716938948912
 31
0.0000000000006172
  0
LINE
  5
587
330
1F
100
AcDbEntity
  8
BUS_L1
100
AcDbLine
 10
6289.99984101442
 20
10921.71693894891
 30
0.0
 11
6289.99984101442
 21
1246.716938948912
 31
0.0000000000006172
  0
LINE
  5
588
330
1F
100
AcDbEntity
  8
BUS_N
 62
     3
100
AcDbLine
 10
7189.99984101442
 20
10921.71693894891
 30
0.0000000000000474
 11
7189.99984101442
 21
1246.716938948912
 31
0.0000000000006172
  0
INSERT
  5
590
330
1F
100
AcDbEntity
  8
SYMB
 62
     2
100
AcDbBlockReference
 66
     1
  2
3P4W_LEFT_BRANCH_BREAKER
 10
6290.627301638307
 20
9646.716938948912
 30
-0.0000000000002835
  0
ATTRIB
  5
591
330
590
100
AcDbEntity
  8
TXT
 62
     7
100
AcDbText
 10
4167.166449056785
 20
9246.716938948912
 30
0.0
 40
125.0
  1
AT
 41
0.95
  7
맑은고딕
 72
     1
 11
4265.627301638307
 21
9309.216938948912
 31
0.0
100
AcDbAttribute
  2
AT
 70
     0
 74
     2
280
     1
  0
ATTRIB
  5
592
330
590
100
AcDbEntity
  8
TXT
 62
     7
100
AcDbText
 10
3720.070661013307
 20
9246.716938948912
 30
0.0
 40
125.0
  1
AF
 41
0.95
  7
맑은고딕
 72
     1
 11
3815.627301638307
 21
9309.216938948912
 31
0.0
100
AcDbAttribute
  2
AF
 70
     0
 74
     2
280
     1
  0
ATTRIB
  5
593
330
590
100
AcDbEntity
  8
TXT
 62
     7
100
AcDbText
 10
3724.310216040481
 20
9471.716938948912
 30
0.0
 40
125.0
  1
CB_TYPE
 41
0.95
  7
맑은고딕
 72
     1
 11
4040.627301638307
 21
9534.216938948912
 31
0.0
100
AcDbAttribute
  2
CB_TYPE
 70
     0
 74
     2
280
     1
  0
ATTRIB
  5
594
330
590
100
AcDbEntity
  8
TXT
 62
     7
100
AcDbText
 10
2778.231326774177
 20
9246.716938948912
 30
0.0
 40
125.0
  1
CIR_NO
 41
0.95
  7
맑은고딕
 72
     1
 11
3065.627301638307
 21
9309.216938948912
 31
0.0
100
AcDbAttribute
  2
CIR_NO
 70
     0
 74
     2
280
     1
  0
SEQEND
  5
595
330
590
100
AcDbEntity
  8
SYMB
 62
     2
  0
INSERT
  5
596
330
1F
100
AcDbEntity
  8
SYMB
 62
     2
100
AcDbBlockReference
 66
     1
  2
3P4W_RIGHT_BRANCH_BREAKER
 10
6289.372380391929
 20
9646.716938948912
 30
0.0000000000002835
  0
ATTRIB
  5
597
330
596
100
AcDbEntity
  8
TXT
 62
     7
100
AcDbText
 10
9567.166449056785
 20
9246.716938948912
 30
0.0
 40
125.0
  1
AT
 41
0.95
  7
맑은고딕
 72
     1
 11
9665.627301638307
 21
9309.216938948912
 31
0.0
100
AcDbAttribute
  2
AT
 70
     0
 74
     2
280
     1
  0
ATTRIB
  5
598
330
596
100
AcDbEntity
  8
TXT
 62
     7
100
AcDbText
 10
9120.070661013307
 20
9246.716938948912
 30
0.0
 40
125.0
  1
AF
 41
0.95
  7
맑은고딕
 72
     1
 11
9215.627301638307
 21
9309.216938948912
 31
0.0
100
AcDbAttribute
  2
AF
 70
     0
 74
     2
280
     1
  0
ATTRIB
  5
599
330
596
100
AcDbEntity
  8
TXT
 62
     7
100
AcDbText
 10
9124.310216040481
 20
9471.716938948912
 30
0.0
 40
125.0
  1
CB_TYPE
 41
0.95
  7
맑은고딕
 72
     1
 11
9440.627301638307
 21
9534.216938948912
 31
0.0
100
AcDbAttribute
  2
CB_TYPE
 70
     0
 74
     2
280
     1
  0
ATTRIB
  5
59A
330
596
100
AcDbEntity
  8
TXT
 62
     7
100
AcDbText
 10
10127.60386615099
 20
9246.716938948912
 30
0.0
 40
125.0
  1
CIR_NO
 41
0.95
  7
맑은고딕
 72
     1
 11
10414.99984101512
 21
9309.216938948912
 31
0.0
100
AcDbAttribute
  2
CIR_NO
 70
     0
 74
     2
280
     1
  0
SEQEND
  5
59B
330
596
100
AcDbEntity
  8
SYMB
 62
     2
  0
INSERT
  5
59C
330
1F
100
AcDbEntity
  8
SYMB
 62
     2
100
AcDbBlockReference
 66
     1
  2
3P3W_LEFT_BRANCH_BREAKER
 10
6290.627301638307
 20
8821.716938948912
 30
0.0000000000002807
  0
ATTRIB
  5
59D
330
59C
100
AcDbEntity
  8
TXT
 62
     7
100
AcDbText
 10
4167.166449056785
 20
8496.716938948912
 30
0.0
 40
125.0
  1
AT
 41
0.95
  7
맑은고딕
 72
     1
 11
4265.627301638307
 21
8559.216938948912
 31
0.0
100
AcDbAttribute
  2
AT
 70
     0
 74
     2
280
     1
  0
ATTRIB
  5
59E
330
59C
100
AcDbEntity
  8
TXT
 62
     7
100
AcDbText
 10
3720.070661013307
 20
8496.716938948912
 30
0.0
 40
125.0
  1
AF
 41
0.95
  7
맑은고딕
 72
     1
 11
3815.627301638307
 21
8559.216938948912
 31
0.0
100
AcDbAttribute
  2
AF
 70
     0
 74
     2
280
     1
  0
ATTRIB
  5
59F
330
59C
100
AcDbEntity
  8
TXT
 62
     7
100
AcDbText
 10
3724.310216040481
 20
8721.716938948912
 30
0.0
 40
125.0
  1
CB_TYPE
 41
0.95
  7
맑은고딕
 72
     1
 11
4040.627301638307
 21
8784.216938948912
 31
0.0
100
AcDbAttribute
  2
CB_TYPE
 70
     0
 74
     2
280
     1
  0
ATTRIB
  5
5A0
330
59C
100
AcDbEntity
  8
TXT
 62
     7
100
AcDbText
 10
2778.231326774177
 20
8496.716938948912
 30
0.0
 40
125.0
  1
CIR_NO
 41
0.95
  7
맑은고딕
 72
     1
 11
3065.627301638307
 21
8559.216938948912
 31
0.0
100
AcDbAttribute
  2
CIR_NO
 70
     0
 74
     2
280
     1
  0
SEQEND
  5
5A1
330
59C
100
AcDbEntity
  8
SYMB
 62
     2
  0
INSERT
  5
5A2
330
1F
100
AcDbEntity
  8
SYMB
 62
     2
100
AcDbBlockReference
 66
     1
  2
3P3W_RIGHT_BRANCH_BREAKER
 10
6289.372380391929
 20
8821.716938948912
 30
0.0000000000008479
  0
ATTRIB
  5
5A3
330
5A2
100
AcDbEntity
  8
TXT
 62
     7
100
AcDbText
 10
9569.249310390289
 20
8496.716938948912
 30
0.0
 40
125.0
  1
AT
 41
0.95
  7
맑은고딕
 72
     1
 11
9667.71016297181
 21
8559.216938948912
 31
0.0
100
AcDbAttribute
  2
AT
 70
     0
 74
     2
280
     1
  0
ATTRIB
  5
5A4
330
5A2
100
AcDbEntity
  8
TXT
 62
     7
100
AcDbText
 10
9122.15352234681
 20
8496.716938948912
 30
0.0
 40
125.0
  1
AF
 41
0.95
  7
맑은고딕
 72
     1
 11
9217.71016297181
 21
8559.216938948912
 31
0.0
100
AcDbAttribute
  2
AF
 70
     0
 74
     2
280
     1
  0
ATTRIB
  5
5A5
330
5A2
100
AcDbEntity
  8
TXT
 62
     7
100
AcDbText
 10
9126.393077373985
 20
8721.716938948912
 30
0.0
 40
125.0
  1
CB_TYPE
 41
0.95
  7
맑은고딕
 72
     1
 11
9442.71016297181
 21
8784.216938948912
 31
0.0
100
AcDbAttribute
  2
CB_TYPE
 70
     0
 74
     2
280
     1
  0
ATTRIB
  5
5A6
330
5A2
100
AcDbEntity
  8
TXT
 62
     7
100
AcDbText
 10
10130.31418810768
 20
8496.716938948912
 30
0.0
 40
125.0
  1
CIR_NO
 41
0.95
  7
맑은고딕
 72
     1
 11
10417.71016297181
 21
8559.216938948912
 31
0.0
100
AcDbAttribute
  2
CIR_NO
 70
     0
 74
     2
280
     1
  0
SEQEND
  5
5A7
330
5A2
100
AcDbEntity
  8
SYMB
 62
     2
  0
INSERT
  5
5A8
330
1F
100
AcDbEntity
  8
SYMB
 62
     2
100
AcDbBlockReference
 66
     1
  2
1P2W_LEFT_BRANCH_BREAKER
 10
6290.627301638307
 20
7996.716938948912
 30
0.000000000000278
  0
ATTRIB
  5
5A9
330
5A8
100
AcDbEntity
  8
TXT
 62
     7
100
AcDbText
 10
4167.166449056902
 20
7746.716938948912
 30
0.0
 40
125.0
  1
AT
 41
0.95
  7
맑은고딕
 72
     1
 11
4265.627301638424
 21
7809.216938948912
 31
0.0
100
AcDbAttribute
  2
AT
 70
     0
 74
     2
280
     1
  0
ATTRIB
  5
5AA
330
5A8
100
AcDbEntity
  8
TXT
 62
     7
100
AcDbText
 10
3720.070661013423
 20
7746.716938948912
 30
0.0
 40
125.0
  1
AF
 41
0.95
  7
맑은고딕
 72
     1
 11
3815.627301638423
 21
7809.216938948912
 31
0.0
100
AcDbAttribute
  2
AF
 70
     0
 74
     2
280
     1
  0
ATTRIB
  5
5AB
330
5A8
100
AcDbEntity
  8
TXT
 62
     7
100
AcDbText
 10
3724.310216040597
 20
7971.716938948912
 30
0.0
 40
125.0
  1
CB_TYPE
 41
0.95
  7
맑은고딕
 72
     1
 11
4040.627301638423
 21
8034.216938948912
 31
0.0
100
AcDbAttribute
  2
CB_TYPE
 70
     0
 74
     2
280
     1
  0
ATTRIB
  5
5AC
330
5A8
100
AcDbEntity
  8
TXT
 62
     7
100
AcDbText
 10
2778.231326774292
 20
7746.716938948912
 30
0.0
 40
125.0
  1
CIR_NO
 41
0.95
  7
맑은고딕
 72
     1
 11
3065.627301638423
 21
7809.216938948912
 31
0.0
100
AcDbAttribute
  2
CIR_NO
 70
     0
 74
     2
280
     1
  0
SEQEND
  5
5AD
330
5A8
100
AcDbEntity
  8
SYMB
 62
     2
  0
INSERT
  5
5AE
330
1F
100
AcDbEntity
  8
SYMB
 62
     2
100
AcDbBlockReference
 66
     1
  2
1P2W_RIGHT_BRANCH_BREAKER
 10
6289.372380391929
 20
7996.716938948912
 30
0.0000000000008668
  0
ATTRIB
  5
5AF
330
5AE
100
AcDbEntity
  8
TXT
 62
     7
100
AcDbText
 10
9567.166449056902
 20
7746.716938948912
 30
0.0
 40
125.0
  1
AT
 41
0.95
  7
맑은고딕
 72
     1
 11
9665.627301638424
 21
7809.216938948912
 31
0.0
100
AcDbAttribute
  2
AT
 70
     0
 74
     2
280
     1
  0
ATTRIB
  5
5B0
330
5AE
100
AcDbEntity
  8
TXT
 62
     7
100
AcDbText
 10
9120.070661013424
 20
7746.716938948912
 30
0.0
 40
125.0
  1
AF
 41
0.95
  7
맑은고딕
 72
     1
 11
9215.627301638424
 21
7809.216938948912
 31
0.0
100
AcDbAttribute
  2
AF
 70
     0
 74
     2
280
     1
  0
ATTRIB
  5
5B1
330
5AE
100
AcDbEntity
  8
TXT
 62
     7
100
AcDbText
 10
9124.310216040598
 20
7971.716938948912
 30
0.0
 40
125.0
  1
CB_TYPE
 41
0.95
  7
맑은고딕
 72
     1
 11
9440.627301638424
 21
8034.216938948912
 31
0.0
100
AcDbAttribute
  2
CB_TYPE
 70
     0
 74
     2
280
     1
  0
ATTRIB
  5
5B2
330
5AE
100
AcDbEntity
  8
TXT
 62
     7
100
AcDbText
 10
10128.23132677429
 20
7746.716938948912
 30
0.0
 40
125.0
  1
CIR_NO
 41
0.95
  7
맑은고딕
 72
     1
 11
10415.62730163842
 21
7809.216938948912
 31
0.0
100
AcDbAttribute
  2
CIR_NO
 70
     0
 74
     2
280
     1
  0
SEQEND
  5
5B3
330
5AE
100
AcDbEntity
  8
SYMB
 62
     2
  0
INSERT
  5
5B4
330
1F
100
AcDbEntity
  8
SYMB
 62
     2
100
AcDbBlockReference
 66
     1
  2
PANEL_NAME
 10
2314.999841015118
 20
13096.71693894891
 30
0.0
  0
ATTRIB
  5
5B5
330
5B4
100
AcDbEntity
  8
TXT
 62
     2
100
AcDbText
 10
10318.63095514555
 20
13191.71693894891
 30
0.0
 40
110.0
  1
PNL_BOX
  7
맑은고딕
 72
     1
 11
10639.99984101512
 21
13246.71693894891
 31
0.0
100
AcDbAttribute
  2
PNL_BOX
 70
     0
 74
     2
280
     1
  0
ATTRIB
  5
5B6
330
5B4
100
AcDbEntity
  8
TXT
 62
     2
100
AcDbText
 10
10248.5358464499
 20
13491.71693894891
 30
0.0
 40
110.0
  1
PNL_DOOR
  7
맑은고딕
 72
     1
 11
10639.99984101512
 21
13546.71693894891
 31
0.0
100
AcDbAttribute
  2
PNL_DOOR
 70
     0
 74
     2
280
     1
  0
ATTRIB
  5
5B7
330
5B4
100
AcDbEntity
  8
TXT
 62
     2
100
AcDbText
 10
10185.95092797164
 20
13791.71693894891
 30
0.0
 40
110.0
  1
PNL_MOUNT
  7
맑은고딕
 72
     1
 11
10639.99984101512
 21
13846.71693894891
 31
0.0
100
AcDbAttribute
  2
PNL_MOUNT
 70
     0
 74
     2
280
     1
  0
ATTRIB
  5
5B8
330
5B4
100
AcDbEntity
  8
TXT
 62
     2
100
AcDbText
 10
5675.835438841205
 20
13396.71693894891
 30
0.0
 40
300.0
  1
PNL_NAME
  7
맑은고딕
 72
     1
 11
6739.999841015118
 21
13546.71693894891
 31
0.0
100
AcDbAttribute
  2
PNL_NAME
 70
     0
 74
     2
280
     1
  0
SEQEND
  5
5B9
330
5B4
100
AcDbEntity
  8
SYMB
 62
     2
  0
INSERT
  5
5BA
330
1F
100
AcDbEntity
  8
SYMB
 62
     2
100
AcDbBlockReference
  2
earth-panel
 10
2614.999841015118
 20
1396.716938948912
 30
0.0000000000000006
  0
INSERT
  5
5BB
330
1F
100
AcDbEntity
  8
SYMB
 62
     2
100
AcDbBlockReference
  2
3P4W_L_SYM_TIMER
 10
6289.372380391929
 20
9646.716938948912
 30
0.0000000000002835
  0
INSERT
  5
5BC
330
1F
100
AcDbEntity
  8
SYMB
 62
     2
100
AcDbBlockReference
  2
3P3W_L_SYM_TIMER
 10
6289.372380391929
 20
8821.716938948912
 30
0.0000000000008479
  0
INSERT
  5
5BD
330
1F
100
AcDbEntity
  8
SYMB
 62
     2
100
AcDbBlockReference
  2
1P2W_L_SYM_TIMER
 10
6289.372380391929
 20
7996.716938948912
 30
0.0000000000008668
  0
INSERT
  5
5BE
330
1F
100
AcDbEntity
  8
SYMB
 62
     2
100
AcDbBlockReference
  2
3P4W_L_SYM_ELB
 10
6290.627301638307
 20
9646.716938948912
 30
-0.0000000000002835
  0
INSERT
  5
5BF
330
1F
100
AcDbEntity
  8
SYMB
 62
     2
100
AcDbBlockReference
  2
3P3W_L_SYM_ELB
 10
6290.627301638307
 20
8821.716938948912
 30
0.0000000000002807
  0
INSERT
  5
5C0
330
1F
100
AcDbEntity
  8
SYMB
 62
     2
100
AcDbBlockReference
  2
1P2W_L_SYM_ELB
 10
6290.627301638307
 20
7996.716938948912
 30
0.000000000000278
  0
INSERT
  5
5C1
330
1F
100
AcDbEntity
  8
SYMB
 62
     2
100
AcDbBlockReference
  2
3P4W_R_SYM_ELB
 10
6290.627301638307
 20
9646.716938948912
 30
-0.0000000000002835
  0
INSERT
  5
5C2
330
1F
100
AcDbEntity
  8
SYMB
 62
     2
100
AcDbBlockReference
  2
3P3W_R_SYM_ELB
 10
6290.627301638307
 20
8821.716938948912
 30
0.0000000000002807
  0
INSERT
  5
5C3
330
1F
100
AcDbEntity
  8
SYMB
 62
     2
100
AcDbBlockReference
  2
1P2W_R_SYM_ELB
 10
6291.882222884802
 20
7996.716938948912
 30
-0.0000000000003108
  0
INSERT
  5
5C4
330
1F
100
AcDbEntity
  8
SYMB
 62
     2
100
AcDbBlockReference
  2
1P2W_LEFT_SYM_REMOTE
 10
6289.99984101442
 20
3991.716938948912
 30
0.0000000000004115
  0
INSERT
  5
5C5
330
1F
100
AcDbEntity
  8
SYMB
 62
     2
100
AcDbBlockReference
  2
1P2W_RIGHT_SYM_REMOTE
 10
6289.99984101442
 20
3138.686125691775
 30
0.0000000000004965
  0
INSERT
  5
5C6
330
1F
100
AcDbEntity
  8
SYMB
 62
     2
100
AcDbBlockReference
 66
     1
  2
3P4W_LEFT_BRANCH_BREAKER
 10
6290.627301638424
 20
7396.716938948912
 30
0.0000000000002753
  0
ATTRIB
  5
5C7
330
5C6
100
AcDbEntity
  8
TXT
 62
     7
100
AcDbText
 10
4167.166449056902
 20
6996.716938948912
 30
0.0
 40
125.0
  1
AT
 41
0.95
  7
맑은고딕
 72
     1
 11
4265.627301638424
 21
7059.216938948912
 31
0.0
100
AcDbAttribute
  2
AT
 70
     0
 74
     2
280
     1
  0
ATTRIB
  5
5C8
330
5C6
100
AcDbEntity
  8
TXT
 62
     7
100
AcDbText
 10
3720.070661013423
 20
6996.716938948912
 30
0.0
 40
125.0
  1
AF
 41
0.95
  7
맑은고딕
 72
     1
 11
3815.627301638423
 21
7059.216938948912
 31
0.0
100
AcDbAttribute
  2
AF
 70
     0
 74
     2
280
     1
  0
ATTRIB
  5
5C9
330
5C6
100
AcDbEntity
  8
TXT
 62
     7
100
AcDbText
 10
3724.310216040597
 20
7221.716938948912
 30
0.0
 40
125.0
  1
CB_TYPE
 41
0.95
  7
맑은고딕
 72
     1
 11
4040.627301638423
 21
7284.216938948912
 31
0.0
100
AcDbAttribute
  2
CB_TYPE
 70
     0
 74
     2
280
     1
  0
ATTRIB
  5
5CA
330
5C6
100
AcDbEntity
  8
TXT
 62
     7
100
AcDbText
 10
2778.231326774292
 20
6996.716938948912
 30
0.0
 40
125.0
  1
CIR_NO
 41
0.95
  7
맑은고딕
 72
     1
 11
3065.627301638423
 21
7059.216938948912
 31
0.0
100
AcDbAttribute
  2
CIR_NO
 70
     0
 74
     2
280
     1
  0
SEQEND
  5
5CB
330
5C6
100
AcDbEntity
  8
SYMB
 62
     2
  0
INSERT
  5
5CC
330
1F
100
AcDbEntity
  8
SYMB
 62
     2
100
AcDbBlockReference
 66
     1
  2
3P4W_RIGHT_BRANCH_BREAKER
 10
6289.372380392046
 20
7396.716938948912
 30
0.0000000000008423
  0
ATTRIB
  5
5CD
330
5CC
100
AcDbEntity
  8
TXT
 62
     7
100
AcDbText
 10
9567.166449056902
 20
6996.716938948912
 30
0.0
 40
125.0
  1
AT
 41
0.95
  7
맑은고딕
 72
     1
 11
9665.627301638424
 21
7059.216938948912
 31
0.0
100
AcDbAttribute
  2
AT
 70
     0
 74
     2
280
     1
  0
ATTRIB
  5
5CE
330
5CC
100
AcDbEntity
  8
TXT
 62
     7
100
AcDbText
 10
9120.070661013424
 20
6996.716938948912
 30
0.0
 40
125.0
  1
AF
 41
0.95
  7
맑은고딕
 72
     1
 11
9215.627301638424
 21
7059.216938948912
 31
0.0
100
AcDbAttribute
  2
AF
 70
     0
 74
     2
280
     1
  0
ATTRIB
  5
5CF
330
5CC
100
AcDbEntity
  8
TXT
 62
     7
100
AcDbText
 10
9124.310216040598
 20
7221.716938948912
 30
0.0
 40
125.0
  1
CB_TYPE
 41
0.95
  7
맑은고딕
 72
     1
 11
9440.627301638424
 21
7284.216938948912
 31
0.0
100
AcDbAttribute
  2
CB_TYPE
 70
     0
 74
     2
280
     1
  0
ATTRIB
  5
5D0
330
5CC
100
AcDbEntity
  8
TXT
 62
     7
100
AcDbText
 10
10127.6038661511
 20
6996.716938948912
 30
0.0
 40
125.0
  1
CIR_NO
 41
0.95
  7
맑은고딕
 72
     1
 11
10414.99984101523
 21
7059.216938948912
 31
0.0
100
AcDbAttribute
  2
CIR_NO
 70
     0
 74
     2
280
     1
  0
SEQEND
  5
5D1
330
5CC
100
AcDbEntity
  8
SYMB
 62
     2
  0
INSERT
  5
5D2
330
1F
100
AcDbEntity
  8
SYMB
 62
     2
100
AcDbBlockReference
 66
     1
  2
3P3W_LEFT_BRANCH_BREAKER
 10
6290.627301638424
 20
6571.716938948912
 30
0.0000000000008395
  0
ATTRIB
  5
5D3
330
5D2
100
AcDbEntity
  8
TXT
 62
     7
100
AcDbText
 10
4167.166449056902
 20
6246.716938948912
 30
0.0
 40
125.0
  1
AT
 41
0.95
  7
맑은고딕
 72
     1
 11
4265.627301638424
 21
6309.216938948912
 31
0.0
100
AcDbAttribute
  2
AT
 70
     0
 74
     2
280
     1
  0
ATTRIB
  5
5D4
330
5D2
100
AcDbEntity
  8
TXT
 62
     7
100
AcDbText
 10
3720.070661013423
 20
6246.716938948912
 30
0.0
 40
125.0
  1
AF
 41
0.95
  7
맑은고딕
 72
     1
 11
3815.627301638423
 21
6309.216938948912
 31
0.0
100
AcDbAttribute
  2
AF
 70
     0
 74
     2
280
     1
  0
ATTRIB
  5
5D5
330
5D2
100
AcDbEntity
  8
TXT
 62
     7
100
AcDbText
 10
3724.310216040597
 20
6471.716938948912
 30
0.0
 40
125.0
  1
CB_TYPE
 41
0.95
  7
맑은고딕
 72
     1
 11
4040.627301638423
 21
6534.216938948912
 31
0.0
100
AcDbAttribute
  2
CB_TYPE
 70
     0
 74
     2
280
     1
  0
ATTRIB
  5
5D6
330
5D2
100
AcDbEntity
  8
TXT
 62
     7
100
AcDbText
 10
2778.231326774292
 20
6246.716938948912
 30
0.0
 40
125.0
  1
CIR_NO
 41
0.95
  7
맑은고딕
 72
     1
 11
3065.627301638423
 21
6309.216938948912
 31
0.0
100
AcDbAttribute
  2
CIR_NO
 70
     0
 74
     2
280
     1
  0
SEQEND
  5
5D7
330
5D2
100
AcDbEntity
  8
SYMB
 62
     2
  0
INSERT
  5
5D8
330
1F
100
AcDbEntity
  8
SYMB
 62
     2
100
AcDbBlockReference
 66
     1
  2
3P3W_RIGHT_BRANCH_BREAKER
 10
6289.372380392046
 20
6571.716938948912
 30
0.0000000000014067
  0
ATTRIB
  5
5D9
330
5D8
100
AcDbEntity
  8
TXT
 62
     7
100
AcDbText
 10
9569.249310390405
 20
6246.716938948912
 30
0.0
 40
125.0
  1
AT
 41
0.95
  7
맑은고딕
 72
     1
 11
9667.710162971927
 21
6309.216938948912
 31
0.0
100
AcDbAttribute
  2
AT
 70
     0
 74
     2
280
     1
  0
ATTRIB
  5
5DA
330
5D8
100
AcDbEntity
  8
TXT
 62
     7
100
AcDbText
 10
9122.153522346927
 20
6246.716938948912
 30
0.0
 40
125.0
  1
AF
 41
0.95
  7
맑은고딕
 72
     1
 11
9217.710162971927
 21
6309.216938948912
 31
0.0
100
AcDbAttribute
  2
AF
 70
     0
 74
     2
280
     1
  0
ATTRIB
  5
5DB
330
5D8
100
AcDbEntity
  8
TXT
 62
     7
100
AcDbText
 10
9126.393077374101
 20
6471.716938948912
 30
0.0
 40
125.0
  1
CB_TYPE
 41
0.95
  7
맑은고딕
 72
     1
 11
9442.710162971927
 21
6534.216938948912
 31
0.0
100
AcDbAttribute
  2
CB_TYPE
 70
     0
 74
     2
280
     1
  0
ATTRIB
  5
5DC
330
5D8
100
AcDbEntity
  8
TXT
 62
     7
100
AcDbText
 10
10130.3141881078
 20
6246.716938948912
 30
0.0
 40
125.0
  1
CIR_NO
 41
0.95
  7
맑은고딕
 72
     1
 11
10417.71016297193
 21
6309.216938948912
 31
0.0
100
AcDbAttribute
  2
CIR_NO
 70
     0
 74
     2
280
     1
  0
SEQEND
  5
5DD
330
5D8
100
AcDbEntity
  8
SYMB
 62
     2
  0
INSERT
  5
5DE
330
1F
100
AcDbEntity
  8
SYMB
 62
     2
100
AcDbBlockReference
 66
     1
  2
1P2W_LEFT_BRANCH_BREAKER
 10
6290.627301638424
 20
5746.716938948912
 30
0.0000000000008368
  0
ATTRIB
  5
5DF
330
5DE
100
AcDbEntity
  8
TXT
 62
     7
100
AcDbText
 10
4167.166449057018
 20
5496.716938948912
 30
0.0
 40
125.0
  1
AT
 41
0.95
  7
맑은고딕
 72
     1
 11
4265.62730163854
 21
5559.216938948912
 31
0.0
100
AcDbAttribute
  2
AT
 70
     0
 74
     2
280
     1
  0
ATTRIB
  5
5E0
330
5DE
100
AcDbEntity
  8
TXT
 62
     7
100
AcDbText
 10
3720.07066101354
 20
5496.716938948912
 30
0.0
 40
125.0
  1
AF
 41
0.95
  7
맑은고딕
 72
     1
 11
3815.62730163854
 21
5559.216938948912
 31
0.0
100
AcDbAttribute
  2
AF
 70
     0
 74
     2
280
     1
  0
ATTRIB
  5
5E1
330
5DE
100
AcDbEntity
  8
TXT
 62
     7
100
AcDbText
 10
3724.310216040714
 20
5721.716938948912
 30
0.0
 40
125.0
  1
CB_TYPE
 41
0.95
  7
맑은고딕
 72
     1
 11
4040.62730163854
 21
5784.216938948912
 31
0.0
100
AcDbAttribute
  2
CB_TYPE
 70
     0
 74
     2
280
     1
  0
ATTRIB
  5
5E2
330
5DE
100
AcDbEntity
  8
TXT
 62
     7
100
AcDbText
 10
2778.231326774409
 20
5496.716938948912
 30
0.0
 40
125.0
  1
CIR_NO
 41
0.95
  7
맑은고딕
 72
     1
 11
3065.62730163854
 21
5559.216938948912
 31
0.0
100
AcDbAttribute
  2
CIR_NO
 70
     0
 74
     2
280
     1
  0
SEQEND
  5
5E3
330
5DE
100
AcDbEntity
  8
SYMB
 62
     2
  0
INSERT
  5
5E4
330
1F
100
AcDbEntity
  8
SYMB
 62
     2
100
AcDbBlockReference
 66
     1
  2
1P2W_RIGHT_BRANCH_BREAKER
 10
6289.372380392046
 20
5746.716938948912
 30
0.0000000000014256
  0
ATTRIB
  5
5E5
330
5E4
100
AcDbEntity
  8
TXT
 62
     7
100
AcDbText
 10
9567.166449057018
 20
5496.716938948912
 30
0.0
 40
125.0
  1
AT
 41
0.95
  7
맑은고딕
 72
     1
 11
9665.62730163854
 21
5559.216938948912
 31
0.0
100
AcDbAttribute
  2
AT
 70
     0
 74
     2
280
     1
  0
ATTRIB
  5
5E6
330
5E4
100
AcDbEntity
  8
TXT
 62
     7
100
AcDbText
 10
9120.07066101354
 20
5496.716938948912
 30
0.0
 40
125.0
  1
AF
 41
0.95
  7
맑은고딕
 72
     1
 11
9215.62730163854
 21
5559.216938948912
 31
0.0
100
AcDbAttribute
  2
AF
 70
     0
 74
     2
280
     1
  0
ATTRIB
  5
5E7
330
5E4
100
AcDbEntity
  8
TXT
 62
     7
100
AcDbText
 10
9124.310216040714
 20
5721.716938948912
 30
0.0
 40
125.0
  1
CB_TYPE
 41
0.95
  7
맑은고딕
 72
     1
 11
9440.62730163854
 21
5784.216938948912
 31
0.0
100
AcDbAttribute
  2
CB_TYPE
 70
     0
 74
     2
280
     1
  0
ATTRIB
  5
5E8
330
5E4
100
AcDbEntity
  8
TXT
 62
     7
100
AcDbText
 10
10128.23132677441
 20
5496.716938948912
 30
0.0
 40
125.0
  1
CIR_NO
 41
0.95
  7
맑은고딕
 72
     1
 11
10415.62730163854
 21
5559.216938948912
 31
0.0
100
AcDbAttribute
  2
CIR_NO
 70
     0
 74
     2
280
     1
  0
SEQEND
  5
5E9
330
5E4
100
AcDbEntity
  8
SYMB
 62
     2
  0
INSERT
  5
5EA
330
1F
100
AcDbEntity
  8
SYMB
 62
     2
100
AcDbBlockReference
  2
3P4W_L_SYM_ELB
 10
6290.627301638424
 20
7396.716938948912
 30
0.0000000000002753
  0
INSERT
  5
5EB
330
1F
100
AcDbEntity
  8
SYMB
 62
     2
100
AcDbBlockReference
  2
3P3W_L_SYM_ELB
 10
6290.627301638424
 20
6571.716938948912
 30
0.0000000000008395
  0
INSERT
  5
5EC
330
1F
100
AcDbEntity
  8
SYMB
 62
     2
100
AcDbBlockReference
  2
1P2W_L_SYM_ELB
 10
6290.627301638424
 20
5746.716938948912
 30
0.0000000000008368
  0
INSERT
  5
5ED
330
1F
100
AcDbEntity
  8
SYMB
 62
     2
100
AcDbBlockReference
  2
3P4W_R_SYM_ELB
 10
6290.627301638424
 20
7396.716938948912
 30
0.0000000000002753
  0
INSERT
  5
5EE
330
1F
100
AcDbEntity
  8
SYMB
 62
     2
100
AcDbBlockReference
  2
3P3W_R_SYM_ELB
 10
6290.627301638424
 20
6571.716938948912
 30
0.0000000000008395
  0
INSERT
  5
5EF
330
1F
100
AcDbEntity
  8
SYMB
 62
     2
100
AcDbBlockReference
  2
1P2W_R_SYM_ELB
 10
6291.882222884919
 20
5746.716938948912
 30
0.000000000000248
  0
INSERT
  5
5F0
330
1F
100
AcDbEntity
  8
SYMB
 62
     2
100
AcDbBlockReference
  2
3P4W_L_SYM_ONOFF
 10
6289.372380392046
 20
7396.716938948912
 30
0.0000000000008423
  0
INSERT
  5
5F1
330
1F
100
AcDbEntity
  8
SYMB
 62
     2
100
AcDbBlockReference
  2
3P3W_L_SYM_ONOFF
 10
6289.372380392046
 20
6571.716938948912
 30
0.0000000000014067
  0
INSERT
  5
5F2
330
1F
100
AcDbEntity
  8
SYMB
 62
     2
100
AcDbBlockReference
  2
1P2W_L_SYM_ONOFF
 10
6290.627301638424
 20
5746.716938948912
 30
0.0000000000008368
  0
INSERT
  5
5F3
330
1F
100
AcDbEntity
  8
SYMB
 62
     2
100
AcDbBlockReference
  2
3P4W_R_SYM_TIMER
 10
6289.372380391929
 20
9646.716938948912
 30
0.0000000000002835
  0
INSERT
  5
5F4
330
1F
100
AcDbEntity
  8
SYMB
 62
     2
100
AcDbBlockReference
  2
3P3W_R_SYM_TIMER
 10
6290.627301638307
 20
8821.716938948912
 30
0.0000000000002807
  0
INSERT
  5
5F5
330
1F
100
AcDbEntity
  8
SYMB
 62
     2
100
AcDbBlockReference
  2
1P2W_R_SYM_TIMER
 10
6289.372380391929
 20
7996.716938948912
 30
0.0000000000008668
  0
INSERT
  5
5F6
330
1F
100
AcDbEntity
  8
SYMB
 62
     2
100
AcDbBlockReference
  2
3P4W_R_SYM_ONOFF
 10
6290.627301638424
 20
7396.716938948912
 30
0.0000000000002753
  0
INSERT
  5
5F7
330
1F
100
AcDbEntity
  8
SYMB
 62
     2
100
AcDbBlockReference
  2
3P3W_R_SYM_ONOFF
 10
6289.372380392046
 20
6571.716938948912
 30
0.0000000000014067
  0
INSERT
  5
5F8
330
1F
100
AcDbEntity
  8
SYMB
 62
     2
100
AcDbBlockReference
  2
1P2W_R_SYM_ONOFF
 10
6290.627301638424
 20
5746.716938948912
 30
0.0000000000008368
  0
INSERT
  5
71D
330
1F
100
AcDbEntity
  8
SYMB
 62
     2
100
AcDbBlockReference
 66
     1
  2
MAIN_BREAKER
 10
6289.99984101442
 20
10921.71693894891
 30
0.0
  0
ATTRIB
  5
71E
330
71D
100
AcDbEntity
  8
TXT
 62
     7
100
AcDbText
 10
5219.443200389391
 20
10784.21693894891
 30
0.0
 40
125.0
  1
AF
 41
0.95
  7
맑은고딕
 72
     1
 11
5314.999841014391
 21
10846.71693894891
 31
0.0
100
AcDbAttribute
  2
AF
 70
     0
 74
     2
280
     1
  0
ATTRIB
  5
71F
330
71D
100
AcDbEntity
  8
TXT
 62
     7
100
AcDbText
 10
5666.538988432869
 20
10784.21693894891
 30
0.0
 40
125.0
  1
AT
 41
0.95
  7
맑은고딕
 72
     1
 11
5764.999841014391
 21
10846.71693894891
 31
0.0
100
AcDbAttribute
  2
AT
 70
     0
 74
     2
280
     1
  0
ATTRIB
  5
720
330
71D
100
AcDbEntity
  8
TXT
 62
     7
100
AcDbText
 10
5223.682755416565
 20
11009.21693894891
 30
0.0
 40
125.0
  1
CB_TYPE
 41
0.95
  7
맑은고딕
 72
     1
 11
5539.999841014391
 21
11071.71693894891
 31
0.0
100
AcDbAttribute
  2
CB_TYPE
 70
     0
 74
     2
280
     1
  0
ATTRIB
  5
721
330
71D
100
AcDbEntity
  8
TXT
 62
     7
100
AcDbText
 10
4143.768098487217
 20
10784.21693894891
 30
0.0
 40
125.0
  1
PNL_NAME
 41
0.95
  7
맑은고딕
 72
     1
 11
4564.999841014391
 21
10846.71693894891
 31
0.0
100
AcDbAttribute
  2
PNL_NAME
 70
     0
 74
     2
280
     1
  0
ATTRIB
  5
722
330
71D
100
AcDbEntity
  8
TXT
 62
     7
100
AcDbText
 10
6802.676046856825
 20
12546.71693894891
 30
0.0
 40
125.0
  1
SOURCE
 41
0.95
  7
맑은고딕
 72
     1
 11
7114.999841014434
 21
12609.21693894891
 31
0.0
100
AcDbAttribute
  2
SOURCE
 70
     0
 74
     2
280
     1
  0
SEQEND
  5
723
330
71D
100
AcDbEntity
  8
SYMB
 62
     2
  0
LWPOLYLINE
  5
BC8
330
1F
100
AcDbEntity
  8
5
 62
     3
100
AcDbPolyline
 90
        4
 70
     1
 43
0.0
 10
20014.99984101517
 20
13096.71693894891
 10
11164.99984101518
 20
13096.71693894891
 10
11164.99984101518
 20
1246.716938948912
 10
20014.99984101517
 20
1246.716938948912
  0
LINE
  5
BC9
330
1F
100
AcDbEntity
  8
BUS_L3
100
AcDbLine
 10
15889.99984101515
 20
10921.71693894891
 30
0.0000000000010491
 11
15889.99984101515
 21
1246.716938948912
 31
0.0000000000016583
  0
LINE
  5
BCA
330
1F
100
AcDbEntity
  8
BUS_L2
100
AcDbLine
 10
15589.99984101515
 20
10921.71693894891
 30
0.0000000000010411
 11
15589.99984101515
 21
1246.716938948912
 31
0.0000000000016583
  0
LINE
  5
BCB
330
1F
100
AcDbEntity
  8
BUS_L1
100
AcDbLine
 10
15289.99984101515
 20
10921.71693894891
 30
0.0000000000010411
 11
15289.99984101515
 21
1246.716938948912
 31
0.0000000000016583
  0
INSERT
  5
BCC
330
1F
100
AcDbEntity
  8
SYMB
 62
     2
100
AcDbBlockReference
  2
earth-panel
 10
11464.99984101518
 20
1396.716938948912
 30
0.0000000000000006
  0
INSERT
  5
BCD
330
1F
100
AcDbEntity
  8
SYMB
 62
     2
100
AcDbBlockReference
 66
     1
  2
MAIN_BREAKER_3
 10
15289.99984101515
 20
10921.71693894891
 30
0.0000000000010411
  0
ATTRIB
  5
BCE
330
BCD
100
AcDbEntity
  8
TXT
 62
     7
100
AcDbText
 10
14219.44320039012
 20
10784.21693894891
 30
0.0
 40
125.0
  1
AF
 41
0.95
  7
맑은고딕
 72
     1
 11
14314.99984101512
 21
10846.71693894891
 31
0.0
100
AcDbAttribute
  2
AF
 70
     0
 74
     2
280
     1
  0
ATTRIB
  5
BCF
330
BCD
100
AcDbEntity
  8
TXT
 62
     7
100
AcDbText
 10
14666.5389884336
 20
10784.21693894891
 30
0.0
 40
125.0
  1
AT
 41
0.95
  7
맑은고딕
 72
     1
 11
14764.99984101512
 21
10846.71693894891
 31
0.0
100
AcDbAttribute
  2
AT
 70
     0
 74
     2
280
     1
  0
ATTRIB
  5
BD0
330
BCD
100
AcDbEntity
  8
TXT
 62
     7
100
AcDbText
 10
14223.68275541729
 20
11009.21693894891
 30
0.0
 40
125.0
  1
CB_TYPE
 41
0.95
  7
맑은고딕
 72
     1
 11
14539.99984101512
 21
11071.71693894891
 31
0.0
100
AcDbAttribute
  2
CB_TYPE
 70
     0
 74
     2
280
     1
  0
ATTRIB
  5
BD1
330
BCD
100
AcDbEntity
  8
TXT
 62
     7
100
AcDbText
 10
13143.76809848795
 20
10784.21693894891
 30
0.0
 40
125.0
  1
PNL_NAME
 41
0.95
  7
맑은고딕
 72
     1
 11
13564.99984101512
 21
10846.71693894891
 31
0.0
100
AcDbAttribute
  2
PNL_NAME
 70
     0
 74
     2
280
     1
  0
ATTRIB
  5
BD2
330
BCD
100
AcDbEntity
  8
TXT
 62
     7
100
AcDbText
 10
15652.67604685754
 20
12546.71693894891
 30
0.0
 40
125.0
  1
SOURCE
 41
0.95
  7
맑은고딕
 72
     1
 11
15964.99984101515
 21
12609.21693894891
 31
0.0
100
AcDbAttribute
  2
SOURCE
 70
     0
 74
     2
280
     1
  0
SEQEND
  5
BD3
330
BCD
100
AcDbEntity
  8
SYMB
 62
     2
  0
INSERT
  5
BD4
330
1F
100
AcDbEntity
  8
SYMB
 62
     2
100
AcDbBlockReference
 66
     1
  2
3P3W_RIGHT_BRANCH_BREAKER_3
 10
15289.99984101515
 20
9571.716938948912
 30
0.0000000000011273
  0
ATTRIB
  5
BD5
330
BD4
100
AcDbEntity
  8
TXT
 62
     7
100
AcDbText
 10
18415.87677101351
 20
9246.716938948912
 30
0.0
 40
125.0
  1
AT
 41
0.95
  7
맑은고딕
 72
     1
 11
18514.33762359503
 21
9309.216938948912
 31
0.0
100
AcDbAttribute
  2
AT
 70
     0
 74
     2
280
     1
  0
ATTRIB
  5
BD6
330
BD4
100
AcDbEntity
  8
TXT
 62
     7
100
AcDbText
 10
17968.78098297003
 20
9246.716938948912
 30
0.0
 40
125.0
  1
AF
 41
0.95
  7
맑은고딕
 72
     1
 11
18064.33762359503
 21
9309.216938948912
 31
0.0
100
AcDbAttribute
  2
AF
 70
     0
 74
     2
280
     1
  0
ATTRIB
  5
BD7
330
BD4
100
AcDbEntity
  8
TXT
 62
     7
100
AcDbText
 10
17973.0205379972
 20
9471.716938948912
 30
0.0
 40
125.0
  1
CB_TYPE
 41
0.95
  7
맑은고딕
 72
     1
 11
18289.33762359503
 21
9534.216938948912
 31
0.0
100
AcDbAttribute
  2
CB_TYPE
 70
     0
 74
     2
280
     1
  0
ATTRIB
  5
BD8
330
BD4
100
AcDbEntity
  8
TXT
 62
     7
100
AcDbText
 10
18976.9416487309
 20
9246.716938948912
 30
0.0
 40
125.0
  1
CIR_NO
 41
0.95
  7
맑은고딕
 72
     1
 11
19264.33762359503
 21
9309.216938948912
 31
0.0
100
AcDbAttribute
  2
CIR_NO
 70
     0
 74
     2
280
     1
  0
SEQEND
  5
BD9
330
BD4
100
AcDbEntity
  8
SYMB
 62
     2
  0
INSERT
  5
BDA
330
1F
100
AcDbEntity
  8
SYMB
 62
     2
100
AcDbBlockReference
 66
     1
  2
PANEL_NAME
 10
11164.99984101518
 20
13096.71693894891
 30
0.0
  0
ATTRIB
  5
BDB
330
BDA
100
AcDbEntity
  8
TXT
 62
     2
100
AcDbText
 10
19168.63095514561
 20
13191.71693894891
 30
0.0
 40
110.0
  1
PNL_BOX
  7
맑은고딕
 72
     1
 11
19489.99984101517
 21
13246.71693894891
 31
0.0
100
AcDbAttribute
  2
PNL_BOX
 70
     0
 74
     2
280
     1
  0
ATTRIB
  5
BDC
330
BDA
100
AcDbEntity
  8
TXT
 62
     2
100
AcDbText
 10
19098.53584644995
 20
13491.71693894891
 30
0.0
 40
110.0
  1
PNL_DOOR
  7
맑은고딕
 72
     1
 11
19489.99984101517
 21
13546.71693894891
 31
0.0
100
AcDbAttribute
  2
PNL_DOOR
 70
     0
 74
     2
280
     1
  0
ATTRIB
  5
BDD
330
BDA
100
AcDbEntity
  8
TXT
 62
     2
100
AcDbText
 10
19035.95092797169
 20
13791.71693894891
 30
0.0
 40
110.0
  1
PNL_MOUNT
  7
맑은고딕
 72
     1
 11
19489.99984101517
 21
13846.71693894891
 31
0.0
100
AcDbAttribute
  2
PNL_MOUNT
 70
     0
 74
     2
280
     1
  0
ATTRIB
  5
BDE
330
BDA
100
AcDbEntity
  8
TXT
 62
     2
100
AcDbText
 10
14525.83543884127
 20
13396.71693894891
 30
0.0
 40
300.0
  1
PNL_NAME
  7
맑은고딕
 72
     1
 11
15589.99984101518
 21
13546.71693894891
 31
0.0
100
AcDbAttribute
  2
PNL_NAME
 70
     0
 74
     2
280
     1
  0
SEQEND
  5
BDF
330
BDA
100
AcDbEntity
  8
SYMB
 62
     2
  0
INSERT
  5
BE0
330
1F
100
AcDbEntity
  8
SYMB
 62
     2
100
AcDbBlockReference
 66
     1
  2
1P2W_LEFT_BRANCH_BREAKER_3
 10
15289.99984101515
 20
8746.716938948912
 30
0.0000000000011799
  0
ATTRIB
  5
BE1
330
BE0
100
AcDbEntity
  8
TXT
 62
     7
100
AcDbText
 10
13018.53898843366
 20
8496.716938948912
 30
0.0
 40
125.0
  1
AT
 41
0.95
  7
맑은고딕
 72
     1
 11
13116.99984101518
 21
8559.216938948912
 31
0.0
100
AcDbAttribute
  2
AT
 70
     0
 74
     2
280
     1
  0
ATTRIB
  5
BE2
330
BE0
100
AcDbEntity
  8
TXT
 62
     7
100
AcDbText
 10
12571.44320039018
 20
8496.716938948912
 30
0.0
 40
125.0
  1
AF
 41
0.95
  7
맑은고딕
 72
     1
 11
12666.99984101518
 21
8559.216938948912
 31
0.0
100
AcDbAttribute
  2
AF
 70
     0
 74
     2
280
     1
  0
ATTRIB
  5
BE3
330
BE0
100
AcDbEntity
  8
TXT
 62
     7
100
AcDbText
 10
12575.68275541735
 20
8721.716938948912
 30
0.0
 40
125.0
  1
CB_TYPE
 41
0.95
  7
맑은고딕
 72
     1
 11
12891.99984101518
 21
8784.216938948912
 31
0.0
100
AcDbAttribute
  2
CB_TYPE
 70
     0
 74
     2
280
     1
  0
ATTRIB
  5
BE4
330
BE0
100
AcDbEntity
  8
TXT
 62
     7
100
AcDbText
 10
11629.60386615105
 20
8496.716938948912
 30
0.0
 40
125.0
  1
CIR_NO
 41
0.95
  7
맑은고딕
 72
     1
 11
11916.99984101518
 21
8559.216938948912
 31
0.0
100
AcDbAttribute
  2
CIR_NO
 70
     0
 74
     2
280
     1
  0
SEQEND
  5
BE5
330
BE0
100
AcDbEntity
  8
SYMB
 62
     2
  0
INSERT
  5
BE6
330
1F
100
AcDbEntity
  8
SYMB
 62
     2
100
AcDbBlockReference
 66
     1
  2
1P2W_RIGHT_BRANCH_BREAKER_3
 10
15289.99984101515
 20
8746.716938948912
 30
0.0000000000011799
  0
ATTRIB
  5
BE7
330
BE6
100
AcDbEntity
  8
TXT
 62
     7
100
AcDbText
 10
18417.79390968018
 20
8496.716938948912
 30
0.0
 40
125.0
  1
AT
 41
0.95
  7
맑은고딕
 72
     1
 11
18516.2547622617
 21
8559.216938948912
 31
0.0
100
AcDbAttribute
  2
AT
 70
     0
 74
     2
280
     1
  0
ATTRIB
  5
BE8
330
BE6
100
AcDbEntity
  8
TXT
 62
     7
100
AcDbText
 10
17970.6981216367
 20
8496.716938948912
 30
0.0
 40
125.0
  1
AF
 41
0.95
  7
맑은고딕
 72
     1
 11
18066.2547622617
 21
8559.216938948912
 31
0.0
100
AcDbAttribute
  2
AF
 70
     0
 74
     2
280
     1
  0
ATTRIB
  5
BE9
330
BE6
100
AcDbEntity
  8
TXT
 62
     7
100
AcDbText
 10
17974.93767666387
 20
8721.716938948912
 30
0.0
 40
125.0
  1
CB_TYPE
 41
0.95
  7
맑은고딕
 72
     1
 11
18291.2547622617
 21
8784.216938948912
 31
0.0
100
AcDbAttribute
  2
CB_TYPE
 70
     0
 74
     2
280
     1
  0
ATTRIB
  5
BEA
330
BE6
100
AcDbEntity
  8
TXT
 62
     7
100
AcDbText
 10
18978.85878739757
 20
8496.716938948912
 30
0.0
 40
125.0
  1
CIR_NO
 41
0.95
  7
맑은고딕
 72
     1
 11
19266.2547622617
 21
8559.216938948912
 31
0.0
100
AcDbAttribute
  2
CIR_NO
 70
     0
 74
     2
280
     1
  0
SEQEND
  5
BEB
330
BE6
100
AcDbEntity
  8
SYMB
 62
     2
  0
INSERT
  5
BEC
330
1F
100
AcDbEntity
  8
SYMB
 62
     2
100
AcDbBlockReference
 66
     1
  2
3P3W_LEFT_BRANCH_BREAKER_3
 10
15289.99984101515
 20
9571.716938948912
 30
0.0000000000011273
  0
ATTRIB
  5
BED
330
BEC
100
AcDbEntity
  8
TXT
 62
     7
100
AcDbText
 10
13018.62184976704
 20
9246.716938948912
 30
0.0
 40
125.0
  1
AT
 41
0.95
  7
맑은고딕
 72
     1
 11
13117.08270234856
 21
9309.216938948912
 31
0.0
100
AcDbAttribute
  2
AT
 70
     0
 74
     2
280
     1
  0
ATTRIB
  5
BEE
330
BEC
100
AcDbEntity
  8
TXT
 62
     7
100
AcDbText
 10
12571.52606172356
 20
9246.716938948912
 30
0.0
 40
125.0
  1
AF
 41
0.95
  7
맑은고딕
 72
     1
 11
12667.08270234856
 21
9309.216938948912
 31
0.0
100
AcDbAttribute
  2
AF
 70
     0
 74
     2
280
     1
  0
ATTRIB
  5
BEF
330
BEC
100
AcDbEntity
  8
TXT
 62
     7
100
AcDbText
 10
12575.76561675073
 20
9471.716938948912
 30
0.0
 40
125.0
  1
CB_TYPE
 41
0.95
  7
맑은고딕
 72
     1
 11
12892.08270234856
 21
9534.216938948912
 31
0.0
100
AcDbAttribute
  2
CB_TYPE
 70
     0
 74
     2
280
     1
  0
ATTRIB
  5
BF0
330
BEC
100
AcDbEntity
  8
TXT
 62
     7
100
AcDbText
 10
11629.68672748443
 20
9246.716938948912
 30
0.0
 40
125.0
  1
CIR_NO
 41
0.95
  7
맑은고딕
 72
     1
 11
11917.08270234856
 21
9309.216938948912
 31
0.0
100
AcDbAttribute
  2
CIR_NO
 70
     0
 74
     2
280
     1
  0
SEQEND
  5
BF1
330
BEC
100
AcDbEntity
  8
SYMB
 62
     2
  0
INSERT
  5
BF2
330
1F
100
AcDbEntity
  8
SYMB
 62
     2
100
AcDbBlockReference
 66
     1
  2
3P3W_RIGHT_BRANCH_BREAKER_3
 10
15289.99984101515
 20
8071.716938948912
 30
0.0000000000012325
  0
ATTRIB
  5
BF3
330
BF2
100
AcDbEntity
  8
TXT
 62
     7
100
AcDbText
 10
18415.87677101351
 20
7746.716938948912
 30
0.0
 40
125.0
  1
AT
 41
0.95
  7
맑은고딕
 72
     1
 11
18514.33762359503
 21
7809.216938948912
 31
0.0
100
AcDbAttribute
  2
AT
 70
     0
 74
     2
280
     1
  0
ATTRIB
  5
BF4
330
BF2
100
AcDbEntity
  8
TXT
 62
     7
100
AcDbText
 10
17968.78098297003
 20
7746.716938948912
 30
0.0
 40
125.0
  1
AF
 41
0.95
  7
맑은고딕
 72
     1
 11
18064.33762359503
 21
7809.216938948912
 31
0.0
100
AcDbAttribute
  2
AF
 70
     0
 74
     2
280
     1
  0
ATTRIB
  5
BF5
330
BF2
100
AcDbEntity
  8
TXT
 62
     7
100
AcDbText
 10
17973.0205379972
 20
7971.716938948912
 30
0.0
 40
125.0
  1
CB_TYPE
 41
0.95
  7
맑은고딕
 72
     1
 11
18289.33762359503
 21
8034.216938948912
 31
0.0
100
AcDbAttribute
  2
CB_TYPE
 70
     0
 74
     2
280
     1
  0
ATTRIB
  5
BF6
330
BF2
100
AcDbEntity
  8
TXT
 62
     7
100
AcDbText
 10
18976.9416487309
 20
7746.716938948912
 30
0.0
 40
125.0
  1
CIR_NO
 41
0.95
  7
맑은고딕
 72
     1
 11
19264.33762359503
 21
7809.216938948912
 31
0.0
100
AcDbAttribute
  2
CIR_NO
 70
     0
 74
     2
280
     1
  0
SEQEND
  5
BF7
330
BF2
100
AcDbEntity
  8
SYMB
 62
     2
  0
INSERT
  5
BF8
330
1F
100
AcDbEntity
  8
SYMB
 62
     2
100
AcDbBlockReference
 66
     1
  2
1P2W_LEFT_BRANCH_BREAKER_3
 10
15289.99984101515
 20
7246.716938948912
 30
0.0000000000012851
  0
ATTRIB
  5
BF9
330
BF8
100
AcDbEntity
  8
TXT
 62
     7
100
AcDbText
 10
13018.53898843366
 20
6996.716938948912
 30
0.0
 40
125.0
  1
AT
 41
0.95
  7
맑은고딕
 72
     1
 11
13116.99984101518
 21
7059.216938948912
 31
0.0
100
AcDbAttribute
  2
AT
 70
     0
 74
     2
280
     1
  0
ATTRIB
  5
BFA
330
BF8
100
AcDbEntity
  8
TXT
 62
     7
100
AcDbText
 10
12571.44320039018
 20
6996.716938948912
 30
0.0
 40
125.0
  1
AF
 41
0.95
  7
맑은고딕
 72
     1
 11
12666.99984101518
 21
7059.216938948912
 31
0.0
100
AcDbAttribute
  2
AF
 70
     0
 74
     2
280
     1
  0
ATTRIB
  5
BFB
330
BF8
100
AcDbEntity
  8
TXT
 62
     7
100
AcDbText
 10
12575.68275541735
 20
7221.716938948912
 30
0.0
 40
125.0
  1
CB_TYPE
 41
0.95
  7
맑은고딕
 72
     1
 11
12891.99984101518
 21
7284.216938948912
 31
0.0
100
AcDbAttribute
  2
CB_TYPE
 70
     0
 74
     2
280
     1
  0
ATTRIB
  5
BFC
330
BF8
100
AcDbEntity
  8
TXT
 62
     7
100
AcDbText
 10
11629.60386615105
 20
6996.716938948912
 30
0.0
 40
125.0
  1
CIR_NO
 41
0.95
  7
맑은고딕
 72
     1
 11
11916.99984101518
 21
7059.216938948912
 31
0.0
100
AcDbAttribute
  2
CIR_NO
 70
     0
 74
     2
280
     1
  0
SEQEND
  5
BFD
330
BF8
100
AcDbEntity
  8
SYMB
 62
     2
  0
INSERT
  5
BFE
330
1F
100
AcDbEntity
  8
SYMB
 62
     2
100
AcDbBlockReference
 66
     1
  2
1P2W_RIGHT_BRANCH_BREAKER_3
 10
15289.99984101515
 20
7246.716938948912
 30
0.0000000000012851
  0
ATTRIB
  5
BFF
330
BFE
100
AcDbEntity
  8
TXT
 62
     7
100
AcDbText
 10
18417.79390968018
 20
6996.716938948912
 30
0.0
 40
125.0
  1
AT
 41
0.95
  7
맑은고딕
 72
     1
 11
18516.2547622617
 21
7059.216938948912
 31
0.0
100
AcDbAttribute
  2
AT
 70
     0
 74
     2
280
     1
  0
ATTRIB
  5
C00
330
BFE
100
AcDbEntity
  8
TXT
 62
     7
100
AcDbText
 10
17970.6981216367
 20
6996.716938948912
 30
0.0
 40
125.0
  1
AF
 41
0.95
  7
맑은고딕
 72
     1
 11
18066.2547622617
 21
7059.216938948912
 31
0.0
100
AcDbAttribute
  2
AF
 70
     0
 74
     2
280
     1
  0
ATTRIB
  5
C01
330
BFE
100
AcDbEntity
  8
TXT
 62
     7
100
AcDbText
 10
17974.93767666387
 20
7221.716938948912
 30
0.0
 40
125.0
  1
CB_TYPE
 41
0.95
  7
맑은고딕
 72
     1
 11
18291.2547622617
 21
7284.216938948912
 31
0.0
100
AcDbAttribute
  2
CB_TYPE
 70
     0
 74
     2
280
     1
  0
ATTRIB
  5
C02
330
BFE
100
AcDbEntity
  8
TXT
 62
     7
100
AcDbText
 10
18978.85878739757
 20
6996.716938948912
 30
0.0
 40
125.0
  1
CIR_NO
 41
0.95
  7
맑은고딕
 72
     1
 11
19266.2547622617
 21
7059.216938948912
 31
0.0
100
AcDbAttribute
  2
CIR_NO
 70
     0
 74
     2
280
     1
  0
SEQEND
  5
C03
330
BFE
100
AcDbEntity
  8
SYMB
 62
     2
  0
INSERT
  5
C04
330
1F
100
AcDbEntity
  8
SYMB
 62
     2
100
AcDbBlockReference
 66
     1
  2
3P3W_LEFT_BRANCH_BREAKER_3
 10
15289.99984101515
 20
8071.716938948912
 30
0.0000000000012325
  0
ATTRIB
  5
C05
330
C04
100
AcDbEntity
  8
TXT
 62
     7
100
AcDbText
 10
13018.62184976704
 20
7746.716938948912
 30
0.0
 40
125.0
  1
AT
 41
0.95
  7
맑은고딕
 72
     1
 11
13117.08270234856
 21
7809.216938948912
 31
0.0
100
AcDbAttribute
  2
AT
 70
     0
 74
     2
280
     1
  0
ATTRIB
  5
C06
330
C04
100
AcDbEntity
  8
TXT
 62
     7
100
AcDbText
 10
12571.52606172356
 20
7746.716938948912
 30
0.0
 40
125.0
  1
AF
 41
0.95
  7
맑은고딕
 72
     1
 11
12667.08270234856
 21
7809.216938948912
 31
0.0
100
AcDbAttribute
  2
AF
 70
     0
 74
     2
280
     1
  0
ATTRIB
  5
C07
330
C04
100
AcDbEntity
  8
TXT
 62
     7
100
AcDbText
 10
12575.76561675073
 20
7971.716938948912
 30
0.0
 40
125.0
  1
CB_TYPE
 41
0.95
  7
맑은고딕
 72
     1
 11
12892.08270234856
 21
8034.216938948912
 31
0.0
100
AcDbAttribute
  2
CB_TYPE
 70
     0
 74
     2
280
     1
  0
ATTRIB
  5
C08
330
C04
100
AcDbEntity
  8
TXT
 62
     7
100
AcDbText
 10
11629.68672748443
 20
7746.716938948912
 30
0.0
 40
125.0
  1
CIR_NO
 41
0.95
  7
맑은고딕
 72
     1
 11
11917.08270234856
 21
7809.216938948912
 31
0.0
100
AcDbAttribute
  2
CIR_NO
 70
     0
 74
     2
280
     1
  0
SEQEND
  5
C09
330
C04
100
AcDbEntity
  8
SYMB
 62
     2
  0
INSERT
  5
C0A
330
1F
100
AcDbEntity
  8
SYMB
 62
     2
100
AcDbBlockReference
  2
3P3W_L_SYM_ELB_3
 10
15289.99984101515
 20
9571.716938948912
 30
0.0000000000011273
  0
INSERT
  5
C0B
330
1F
100
AcDbEntity
  8
SYMB
 62
     2
100
AcDbBlockReference
  2
1P2W_L_SYM_ELB_3
 10
15289.99984101515
 20
8746.716938948912
 30
0.0000000000011799
  0
INSERT
  5
C0C
330
1F
100
AcDbEntity
  8
SYMB
 62
     2
100
AcDbBlockReference
  2
3P3W_R_SYM_ELB_3
 10
15289.99984101515
 20
9571.716938948912
 30
0.0000000000011273
  0
INSERT
  5
C0D
330
1F
100
AcDbEntity
  8
SYMB
 62
     2
100
AcDbBlockReference
  2
1P2W_R_SYM_ELB_3
 10
15289.99984101515
 20
8746.716938948912
 30
0.0000000000011799
  0
INSERT
  5
C0E
330
1F
100
AcDbEntity
  8
SYMB
 62
     2
100
AcDbBlockReference
  2
3P3W_L_SYM_TIMER_3
 10
15289.99984101515
 20
9571.716938948912
 30
0.0000000000011273
  0
INSERT
  5
C0F
330
1F
100
AcDbEntity
  8
SYMB
 62
     2
100
AcDbBlockReference
  2
1P2W_L_SYM_TIMER_3
 10
15289.99984101515
 20
8746.716938948912
 30
0.0000000000011799
  0
INSERT
  5
C10
330
1F
100
AcDbEntity
  8
SYMB
 62
     2
100
AcDbBlockReference
  2
3P3W_R_SYM_TIMER_3
 10
15289.99984101515
 20
9571.716938948912
 30
0.0000000000011273
  0
INSERT
  5
C11
330
1F
100
AcDbEntity
  8
SYMB
 62
     2
100
AcDbBlockReference
  2
1P2W_R_SYM_TIMER_3
 10
15289.99984101515
 20
8746.716938948912
 30
0.0000000000011799
  0
INSERT
  5
C12
330
1F
100
AcDbEntity
  8
SYMB
 62
     2
100
AcDbBlockReference
  2
3P3W_L_SYM_ONOFF_3
 10
15289.99984101515
 20
8071.716938948912
 30
0.0000000000012325
  0
INSERT
  5
C13
330
1F
100
AcDbEntity
  8
SYMB
 62
     2
100
AcDbBlockReference
  2
1P2W_L_SYM_ONOFF_3
 10
15289.99984101515
 20
7246.716938948912
 30
0.0000000000012851
  0
INSERT
  5
C14
330
1F
100
AcDbEntity
  8
SYMB
 62
     2
100
AcDbBlockReference
  2
3P3W_R_SYM_ONOFF_3
 10
15289.99984101515
 20
8071.716938948912
 30
0.0000000000012325
  0
INSERT
  5
C15
330
1F
100
AcDbEntity
  8
SYMB
 62
     2
100
AcDbBlockReference
  2
1P2W_R_SYM_ONOFF_3
 10
15289.99984101515
 20
7246.716938948912
 30
0.0000000000012851
  0
INSERT
  5
C16
330
1F
100
AcDbEntity
  8
SYMB
 62
     2
100
AcDbBlockReference
 66
     1
  2
1P2W_LEFT_BRANCH_BREAKER_3
 10
15289.99984101515
 20
5746.716938948912
 30
0.0000000000013904
  0
ATTRIB
  5
C17
330
C16
100
AcDbEntity
  8
TXT
 62
     7
100
AcDbText
 10
13018.53898843366
 20
5496.716938948912
 30
0.0
 40
125.0
  1
AT
 41
0.95
  7
맑은고딕
 72
     1
 11
13116.99984101518
 21
5559.216938948912
 31
0.0
100
AcDbAttribute
  2
AT
 70
     0
 74
     2
280
     1
  0
ATTRIB
  5
C18
330
C16
100
AcDbEntity
  8
TXT
 62
     7
100
AcDbText
 10
12571.44320039018
 20
5496.716938948912
 30
0.0
 40
125.0
  1
AF
 41
0.95
  7
맑은고딕
 72
     1
 11
12666.99984101518
 21
5559.216938948912
 31
0.0
100
AcDbAttribute
  2
AF
 70
     0
 74
     2
280
     1
  0
ATTRIB
  5
C19
330
C16
100
AcDbEntity
  8
TXT
 62
     7
100
AcDbText
 10
12575.68275541735
 20
5721.716938948912
 30
0.0
 40
125.0
  1
CB_TYPE
 41
0.95
  7
맑은고딕
 72
     1
 11
12891.99984101518
 21
5784.216938948912
 31
0.0
100
AcDbAttribute
  2
CB_TYPE
 70
     0
 74
     2
280
     1
  0
ATTRIB
  5
C1A
330
C16
100
AcDbEntity
  8
TXT
 62
     7
100
AcDbText
 10
11629.60386615105
 20
5496.716938948912
 30
0.0
 40
125.0
  1
CIR_NO
 41
0.95
  7
맑은고딕
 72
     1
 11
11916.99984101518
 21
5559.216938948912
 31
0.0
100
AcDbAttribute
  2
CIR_NO
 70
     0
 74
     2
280
     1
  0
SEQEND
  5
C1B
330
C16
100
AcDbEntity
  8
SYMB
 62
     2
  0
INSERT
  5
C1C
330
1F
100
AcDbEntity
  8
SYMB
 62
     2
100
AcDbBlockReference
 66
     1
  2
1P2W_RIGHT_BRANCH_BREAKER_3
 10
15289.99984101515
 20
5746.716938948912
 30
0.0000000000013904
  0
ATTRIB
  5
C1D
330
C1C
100
AcDbEntity
  8
TXT
 62
     7
100
AcDbText
 10
18417.79390968018
 20
5496.716938948912
 30
0.0
 40
125.0
  1
AT
 41
0.95
  7
맑은고딕
 72
     1
 11
18516.2547622617
 21
5559.216938948912
 31
0.0
100
AcDbAttribute
  2
AT
 70
     0
 74
     2
280
     1
  0
ATTRIB
  5
C1E
330
C1C
100
AcDbEntity
  8
TXT
 62
     7
100
AcDbText
 10
17970.6981216367
 20
5496.716938948912
 30
0.0
 40
125.0
  1
AF
 41
0.95
  7
맑은고딕
 72
     1
 11
18066.2547622617
 21
5559.216938948912
 31
0.0
100
AcDbAttribute
  2
AF
 70
     0
 74
     2
280
     1
  0
ATTRIB
  5
C1F
330
C1C
100
AcDbEntity
  8
TXT
 62
     7
100
AcDbText
 10
17974.93767666387
 20
5721.716938948912
 30
0.0
 40
125.0
  1
CB_TYPE
 41
0.95
  7
맑은고딕
 72
     1
 11
18291.2547622617
 21
5784.216938948912
 31
0.0
100
AcDbAttribute
  2
CB_TYPE
 70
     0
 74
     2
280
     1
  0
ATTRIB
  5
C20
330
C1C
100
AcDbEntity
  8
TXT
 62
     7
100
AcDbText
 10
18978.85878739757
 20
5496.716938948912
 30
0.0
 40
125.0
  1
CIR_NO
 41
0.95
  7
맑은고딕
 72
     1
 11
19266.2547622617
 21
5559.216938948912
 31
0.0
100
AcDbAttribute
  2
CIR_NO
 70
     0
 74
     2
280
     1
  0
SEQEND
  5
C21
330
C1C
100
AcDbEntity
  8
SYMB
 62
     2
  0
INSERT
  5
C22
330
1F
100
AcDbEntity
  8
SYMB
 62
     2
100
AcDbBlockReference
 66
     1
  2
1P2W_LEFT_BRANCH_BREAKER_3
 10
15289.99984101515
 20
4996.716938948912
 30
0.000000000001443
  0
ATTRIB
  5
C23
330
C22
100
AcDbEntity
  8
TXT
 62
     7
100
AcDbText
 10
13018.53898843366
 20
4746.716938948912
 30
0.0
 40
125.0
  1
AT
 41
0.95
  7
맑은고딕
 72
     1
 11
13116.99984101518
 21
4809.216938948912
 31
0.0
100
AcDbAttribute
  2
AT
 70
     0
 74
     2
280
     1
  0
ATTRIB
  5
C24
330
C22
100
AcDbEntity
  8
TXT
 62
     7
100
AcDbText
 10
12571.44320039018
 20
4746.716938948912
 30
0.0
 40
125.0
  1
AF
 41
0.95
  7
맑은고딕
 72
     1
 11
12666.99984101518
 21
4809.216938948912
 31
0.0
100
AcDbAttribute
  2
AF
 70
     0
 74
     2
280
     1
  0
ATTRIB
  5
C25
330
C22
100
AcDbEntity
  8
TXT
 62
     7
100
AcDbText
 10
12575.68275541735
 20
4971.716938948912
 30
0.0
 40
125.0
  1
CB_TYPE
 41
0.95
  7
맑은고딕
 72
     1
 11
12891.99984101518
 21
5034.216938948912
 31
0.0
100
AcDbAttribute
  2
CB_TYPE
 70
     0
 74
     2
280
     1
  0
ATTRIB
  5
C26
330
C22
100
AcDbEntity
  8
TXT
 62
     7
100
AcDbText
 10
11629.60386615105
 20
4746.716938948912
 30
0.0
 40
125.0
  1
CIR_NO
 41
0.95
  7
맑은고딕
 72
     1
 11
11916.99984101518
 21
4809.216938948912
 31
0.0
100
AcDbAttribute
  2
CIR_NO
 70
     0
 74
     2
280
     1
  0
SEQEND
  5
C27
330
C22
100
AcDbEntity
  8
SYMB
 62
     2
  0
INSERT
  5
C28
330
1F
100
AcDbEntity
  8
SYMB
 62
     2
100
AcDbBlockReference
 66
     1
  2
1P2W_RIGHT_BRANCH_BREAKER_3
 10
15289.99984101515
 20
4996.716938948912
 30
0.000000000001443
  0
ATTRIB
  5
C29
330
C28
100
AcDbEntity
  8
TXT
 62
     7
100
AcDbText
 10
18417.79390968018
 20
4746.716938948912
 30
0.0
 40
125.0
  1
AT
 41
0.95
  7
맑은고딕
 72
     1
 11
18516.2547622617
 21
4809.216938948912
 31
0.0
100
AcDbAttribute
  2
AT
 70
     0
 74
     2
280
     1
  0
ATTRIB
  5
C2A
330
C28
100
AcDbEntity
  8
TXT
 62
     7
100
AcDbText
 10
17970.6981216367
 20
4746.716938948912
 30
0.0
 40
125.0
  1
AF
 41
0.95
  7
맑은고딕
 72
     1
 11
18066.2547622617
 21
4809.216938948912
 31
0.0
100
AcDbAttribute
  2
AF
 70
     0
 74
     2
280
     1
  0
ATTRIB
  5
C2B
330
C28
100
AcDbEntity
  8
TXT
 62
     7
100
AcDbText
 10
17974.93767666387
 20
4971.716938948912
 30
0.0
 40
125.0
  1
CB_TYPE
 41
0.95
  7
맑은고딕
 72
     1
 11
18291.2547622617
 21
5034.216938948912
 31
0.0
100
AcDbAttribute
  2
CB_TYPE
 70
     0
 74
     2
280
     1
  0
ATTRIB
  5
C2C
330
C28
100
AcDbEntity
  8
TXT
 62
     7
100
AcDbText
 10
18978.85878739757
 20
4746.716938948912
 30
0.0
 40
125.0
  1
CIR_NO
 41
0.95
  7
맑은고딕
 72
     1
 11
19266.2547622617
 21
4809.216938948912
 31
0.0
100
AcDbAttribute
  2
CIR_NO
 70
     0
 74
     2
280
     1
  0
SEQEND
  5
C2D
330
C28
100
AcDbEntity
  8
SYMB
 62
     2
  0
INSERT
  5
C2E
330
1F
100
AcDbEntity
  8
SYMB
 62
     2
100
AcDbBlockReference
 66
     1
  2
1P2W_LEFT_BRANCH_BREAKER_3
 10
15289.99984101515
 20
3496.716938948912
 30
0.0000000000015483
  0
ATTRIB
  5
C2F
330
C2E
100
AcDbEntity
  8
TXT
 62
     7
100
AcDbText
 10
13018.53898843366
 20
3246.716938948912
 30
0.0
 40
125.0
  1
AT
 41
0.95
  7
맑은고딕
 72
     1
 11
13116.99984101518
 21
3309.216938948912
 31
0.0
100
AcDbAttribute
  2
AT
 70
     0
 74
     2
280
     1
  0
ATTRIB
  5
C30
330
C2E
100
AcDbEntity
  8
TXT
 62
     7
100
AcDbText
 10
12571.44320039018
 20
3246.716938948912
 30
0.0
 40
125.0
  1
AF
 41
0.95
  7
맑은고딕
 72
     1
 11
12666.99984101518
 21
3309.216938948912
 31
0.0
100
AcDbAttribute
  2
AF
 70
     0
 74
     2
280
     1
  0
ATTRIB
  5
C31
330
C2E
100
AcDbEntity
  8
TXT
 62
     7
100
AcDbText
 10
12575.68275541735
 20
3471.716938948912
 30
0.0
 40
125.0
  1
CB_TYPE
 41
0.95
  7
맑은고딕
 72
     1
 11
12891.99984101518
 21
3534.216938948912
 31
0.0
100
AcDbAttribute
  2
CB_TYPE
 70
     0
 74
     2
280
     1
  0
ATTRIB
  5
C32
330
C2E
100
AcDbEntity
  8
TXT
 62
     7
100
AcDbText
 10
11629.60386615105
 20
3246.716938948912
 30
0.0
 40
125.0
  1
CIR_NO
 41
0.95
  7
맑은고딕
 72
     1
 11
11916.99984101518
 21
3309.216938948912
 31
0.0
100
AcDbAttribute
  2
CIR_NO
 70
     0
 74
     2
280
     1
  0
SEQEND
  5
C33
330
C2E
100
AcDbEntity
  8
SYMB
 62
     2
  0
INSERT
  5
C34
330
1F
100
AcDbEntity
  8
SYMB
 62
     2
100
AcDbBlockReference
 66
     1
  2
1P2W_RIGHT_BRANCH_BREAKER_3
 10
15289.99984101515
 20
3496.716938948912
 30
0.0000000000015483
  0
ATTRIB
  5
C35
330
C34
100
AcDbEntity
  8
TXT
 62
     7
100
AcDbText
 10
18417.79390968018
 20
3246.716938948912
 30
0.0
 40
125.0
  1
AT
 41
0.95
  7
맑은고딕
 72
     1
 11
18516.2547622617
 21
3309.216938948912
 31
0.0
100
AcDbAttribute
  2
AT
 70
     0
 74
     2
280
     1
  0
ATTRIB
  5
C36
330
C34
100
AcDbEntity
  8
TXT
 62
     7
100
AcDbText
 10
17970.6981216367
 20
3246.716938948912
 30
0.0
 40
125.0
  1
AF
 41
0.95
  7
맑은고딕
 72
     1
 11
18066.2547622617
 21
3309.216938948912
 31
0.0
100
AcDbAttribute
  2
AF
 70
     0
 74
     2
280
     1
  0
ATTRIB
  5
C37
330
C34
100
AcDbEntity
  8
TXT
 62
     7
100
AcDbText
 10
17974.93767666387
 20
3471.716938948912
 30
0.0
 40
125.0
  1
CB_TYPE
 41
0.95
  7
맑은고딕
 72
     1
 11
18291.2547622617
 21
3534.216938948912
 31
0.0
100
AcDbAttribute
  2
CB_TYPE
 70
     0
 74
     2
280
     1
  0
ATTRIB
  5
C38
330
C34
100
AcDbEntity
  8
TXT
 62
     7
100
AcDbText
 10
18978.85878739757
 20
3246.716938948912
 30
0.0
 40
125.0
  1
CIR_NO
 41
0.95
  7
맑은고딕
 72
     1
 11
19266.2547622617
 21
3309.216938948912
 31
0.0
100
AcDbAttribute
  2
CIR_NO
 70
     0
 74
     2
280
     1
  0
SEQEND
  5
C39
330
C34
100
AcDbEntity
  8
SYMB
 62
     2
  0
INSERT
  5
C3A
330
1F
100
AcDbEntity
  8
SYMB
 62
     2
100
AcDbBlockReference
 66
     1
  2
1P2W_LEFT_BRANCH_BREAKER_3
 10
15289.99984101515
 20
2746.716938948912
 30
0.0000000000016009
  0
ATTRIB
  5
C3B
330
C3A
100
AcDbEntity
  8
TXT
 62
     7
100
AcDbText
 10
13018.53898843366
 20
2496.716938948912
 30
0.0
 40
125.0
  1
AT
 41
0.95
  7
맑은고딕
 72
     1
 11
13116.99984101518
 21
2559.216938948912
 31
0.0
100
AcDbAttribute
  2
AT
 70
     0
 74
     2
280
     1
  0
ATTRIB
  5
C3C
330
C3A
100
AcDbEntity
  8
TXT
 62
     7
100
AcDbText
 10
12571.44320039018
 20
2496.716938948912
 30
0.0
 40
125.0
  1
AF
 41
0.95
  7
맑은고딕
 72
     1
 11
12666.99984101518
 21
2559.216938948912
 31
0.0
100
AcDbAttribute
  2
AF
 70
     0
 74
     2
280
     1
  0
ATTRIB
  5
C3D
330
C3A
100
AcDbEntity
  8
TXT
 62
     7
100
AcDbText
 10
12575.68275541735
 20
2721.716938948912
 30
0.0
 40
125.0
  1
CB_TYPE
 41
0.95
  7
맑은고딕
 72
     1
 11
12891.99984101518
 21
2784.216938948912
 31
0.0
100
AcDbAttribute
  2
CB_TYPE
 70
     0
 74
     2
280
     1
  0
ATTRIB
  5
C3E
330
C3A
100
AcDbEntity
  8
TXT
 62
     7
100
AcDbText
 10
11629.60386615105
 20
2496.716938948912
 30
0.0
 40
125.0
  1
CIR_NO
 41
0.95
  7
맑은고딕
 72
     1
 11
11916.99984101518
 21
2559.216938948912
 31
0.0
100
AcDbAttribute
  2
CIR_NO
 70
     0
 74
     2
280
     1
  0
SEQEND
  5
C3F
330
C3A
100
AcDbEntity
  8
SYMB
 62
     2
  0
INSERT
  5
C40
330
1F
100
AcDbEntity
  8
SYMB
 62
     2
100
AcDbBlockReference
 66
     1
  2
1P2W_RIGHT_BRANCH_BREAKER_3
 10
15289.99984101515
 20
2746.716938948912
 30
0.0000000000016009
  0
ATTRIB
  5
C41
330
C40
100
AcDbEntity
  8
TXT
 62
     7
100
AcDbText
 10
18417.79390968018
 20
2496.716938948912
 30
0.0
 40
125.0
  1
AT
 41
0.95
  7
맑은고딕
 72
     1
 11
18516.2547622617
 21
2559.216938948912
 31
0.0
100
AcDbAttribute
  2
AT
 70
     0
 74
     2
280
     1
  0
ATTRIB
  5
C42
330
C40
100
AcDbEntity
  8
TXT
 62
     7
100
AcDbText
 10
17970.6981216367
 20
2496.716938948912
 30
0.0
 40
125.0
  1
AF
 41
0.95
  7
맑은고딕
 72
     1
 11
18066.2547622617
 21
2559.216938948912
 31
0.0
100
AcDbAttribute
  2
AF
 70
     0
 74
     2
280
     1
  0
ATTRIB
  5
C43
330
C40
100
AcDbEntity
  8
TXT
 62
     7
100
AcDbText
 10
17974.93767666387
 20
2721.716938948912
 30
0.0
 40
125.0
  1
CB_TYPE
 41
0.95
  7
맑은고딕
 72
     1
 11
18291.2547622617
 21
2784.216938948912
 31
0.0
100
AcDbAttribute
  2
CB_TYPE
 70
     0
 74
     2
280
     1
  0
ATTRIB
  5
C44
330
C40
100
AcDbEntity
  8
TXT
 62
     7
100
AcDbText
 10
18978.85878739757
 20
2496.716938948912
 30
0.0
 40
125.0
  1
CIR_NO
 41
0.95
  7
맑은고딕
 72
     1
 11
19266.2547622617
 21
2559.216938948912
 31
0.0
100
AcDbAttribute
  2
CIR_NO
 70
     0
 74
     2
280
     1
  0
SEQEND
  5
C45
330
C40
100
AcDbEntity
  8
SYMB
 62
     2
  0
INSERT
  5
C46
330
1F
100
AcDbEntity
  8
SYMB
 62
     2
100
AcDbBlockReference
  2
1P2W_LEFT_SYM_REMOTE_3
 10
15289.99984101515
 20
5746.716938948912
 30
0.0000000000013904
  0
INSERT
  5
C47
330
1F
100
AcDbEntity
  8
SYMB
 62
     2
100
AcDbBlockReference
  2
1P2W_RIGHT_SYM_REMOTE_3
 10
15289.99984101515
 20
3496.716938948912
 30
0.0000000000015483
  0
LWPOLYLINE
  5
DF3
330
1F
100
AcDbEntity
  8
5
 62
     3
100
AcDbPolyline
 90
        4
 70
     1
 43
0.0
 10
28865.37238039201
 20
13096.71693894891
 10
20015.37238039201
 20
13096.71693894891
 10
20015.37238039201
 20
1246.716938948912
 10
28865.37238039201
 20
1246.716938948912
  0
LINE
  5
DF4
330
1F
100
AcDbEntity
  8
BUS_N
100
AcDbLine
 10
24590.37238039129
 20
10921.71693894891
 30
0.0000000000005812
 11
24590.37238039129
 21
1246.716938948912
 31
0.0000000000011904
  0
LINE
  5
DF5
330
1F
100
AcDbEntity
  8
BUS_L1
100
AcDbLine
 10
24290.37238039132
 20
10921.71693894891
 30
-0.0000000000000248
 11
24290.37238039132
 21
1246.716938948912
 31
0.0000000000005924
  0
INSERT
  5
DF6
330
1F
100
AcDbEntity
  8
SYMB
 62
     2
100
AcDbBlockReference
  2
earth-panel
 10
20315.37238039201
 20
1396.716938948912
 30
0.0000000000000006
  0
INSERT
  5
DF7
330
1F
100
AcDbEntity
  8
SYMB
 62
     2
100
AcDbBlockReference
 66
     1
  2
PANEL_NAME
 10
20015.37238039201
 20
13096.71693894891
 30
0.0
  0
ATTRIB
  5
DF8
330
DF7
100
AcDbEntity
  8
TXT
 62
     2
100
AcDbText
 10
28019.00349452245
 20
13191.71693894891
 30
0.0
 40
110.0
  1
PNL_BOX
  7
맑은고딕
 72
     1
 11
28340.37238039201
 21
13246.71693894891
 31
0.0
100
AcDbAttribute
  2
PNL_BOX
 70
     0
 74
     2
280
     1
  0
ATTRIB
  5
DF9
330
DF7
100
AcDbEntity
  8
TXT
 62
     2
100
AcDbText
 10
27948.90838582679
 20
13491.71693894891
 30
0.0
 40
110.0
  1
PNL_DOOR
  7
맑은고딕
 72
     1
 11
28340.37238039201
 21
13546.71693894891
 31
0.0
100
AcDbAttribute
  2
PNL_DOOR
 70
     0
 74
     2
280
     1
  0
ATTRIB
  5
DFA
330
DF7
100
AcDbEntity
  8
TXT
 62
     2
100
AcDbText
 10
27886.32346734853
 20
13791.71693894891
 30
0.0
 40
110.0
  1
PNL_MOUNT
  7
맑은고딕
 72
     1
 11
28340.37238039201
 21
13846.71693894891
 31
0.0
100
AcDbAttribute
  2
PNL_MOUNT
 70
     0
 74
     2
280
     1
  0
ATTRIB
  5
DFB
330
DF7
100
AcDbEntity
  8
TXT
 62
     2
100
AcDbText
 10
23376.2079782181
 20
13396.71693894891
 30
0.0
 40
300.0
  1
PNL_NAME
  7
맑은고딕
 72
     1
 11
24440.37238039201
 21
13546.71693894891
 31
0.0
100
AcDbAttribute
  2
PNL_NAME
 70
     0
 74
     2
280
     1
  0
SEQEND
  5
DFC
330
DF7
100
AcDbEntity
  8
SYMB
 62
     2
  0
INSERT
  5
DFD
330
1F
100
AcDbEntity
  8
SYMB
 62
     2
100
AcDbBlockReference
 66
     1
  2
MAIN_BREAKER_1
 10
24290.37238039132
 20
10921.71693894891
 30
-0.0000000000000248
  0
ATTRIB
  5
DFE
330
DFD
100
AcDbEntity
  8
TXT
 62
     7
100
AcDbText
 10
23219.81573976629
 20
10784.21693894891
 30
0.0
 40
125.0
  1
AF
 41
0.95
  7
맑은고딕
 72
     1
 11
23315.37238039129
 21
10846.71693894891
 31
0.0
100
AcDbAttribute
  2
AF
 70
     0
 74
     2
280
     1
  0
ATTRIB
  5
DFF
330
DFD
100
AcDbEntity
  8
TXT
 62
     7
100
AcDbText
 10
23666.91152780977
 20
10784.21693894891
 30
0.0
 40
125.0
  1
AT
 41
0.95
  7
맑은고딕
 72
     1
 11
23765.37238039129
 21
10846.71693894891
 31
0.0
100
AcDbAttribute
  2
AT
 70
     0
 74
     2
280
     1
  0
ATTRIB
  5
E00
330
DFD
100
AcDbEntity
  8
TXT
 62
     7
100
AcDbText
 10
23224.05529479346
 20
11009.21693894891
 30
0.0
 40
125.0
  1
CB_TYPE
 41
0.95
  7
맑은고딕
 72
     1
 11
23540.37238039129
 21
11071.71693894891
 31
0.0
100
AcDbAttribute
  2
CB_TYPE
 70
     0
 74
     2
280
     1
  0
ATTRIB
  5
E01
330
DFD
100
AcDbEntity
  8
TXT
 62
     7
100
AcDbText
 10
22144.14063786412
 20
10784.21693894891
 30
0.0
 40
125.0
  1
PNL_NAME
 41
0.95
  7
맑은고딕
 72
     1
 11
22565.37238039129
 21
10846.71693894891
 31
0.0
100
AcDbAttribute
  2
PNL_NAME
 70
     0
 74
     2
280
     1
  0
ATTRIB
  5
E02
330
DFD
100
AcDbEntity
  8
TXT
 62
     7
100
AcDbText
 10
24503.04858623371
 20
12546.71693894891
 30
0.0
 40
125.0
  1
SOURCE
 41
0.95
  7
맑은고딕
 72
     1
 11
24815.37238039132
 21
12609.21693894891
 31
0.0
100
AcDbAttribute
  2
SOURCE
 70
     0
 74
     2
280
     1
  0
SEQEND
  5
E03
330
DFD
100
AcDbEntity
  8
SYMB
 62
     2
  0
INSERT
  5
E04
330
1F
100
AcDbEntity
  8
SYMB
 62
     2
100
AcDbBlockReference
 66
     1
  2
1P2W_LEFT_BRANCH_BREAKER_1
 10
24292.25476226164
 20
9496.705680118275
 30
-0.0000000000002835
  0
ATTRIB
  5
E05
330
E04
100
AcDbEntity
  8
TXT
 62
     7
100
AcDbText
 10
21867.53898843365
 20
9246.705680118275
 30
0.0
 40
125.0
  1
AT
 41
0.95
  7
맑은고딕
 72
     1
 11
21965.99984101517
 21
9309.205680118275
 31
0.0
100
AcDbAttribute
  2
AT
 70
     0
 74
     2
280
     1
  0
ATTRIB
  5
E06
330
E04
100
AcDbEntity
  8
TXT
 62
     7
100
AcDbText
 10
21420.44320039017
 20
9246.705680118275
 30
0.0
 40
125.0
  1
AF
 41
0.95
  7
맑은고딕
 72
     1
 11
21515.99984101517
 21
9309.205680118275
 31
0.0
100
AcDbAttribute
  2
AF
 70
     0
 74
     2
280
     1
  0
ATTRIB
  5
E07
330
E04
100
AcDbEntity
  8
TXT
 62
     7
100
AcDbText
 10
21424.68275541734
 20
9471.705680118275
 30
0.0
 40
125.0
  1
CB_TYPE
 41
0.95
  7
맑은고딕
 72
     1
 11
21740.99984101517
 21
9534.205680118275
 31
0.0
100
AcDbAttribute
  2
CB_TYPE
 70
     0
 74
     2
280
     1
  0
ATTRIB
  5
E08
330
E04
100
AcDbEntity
  8
TXT
 62
     7
100
AcDbText
 10
20478.60386615104
 20
9246.705680118275
 30
0.0
 40
125.0
  1
CIR_NO
 41
0.95
  7
맑은고딕
 72
     1
 11
20765.99984101517
 21
9309.205680118275
 31
0.0
100
AcDbAttribute
  2
CIR_NO
 70
     0
 74
     2
280
     1
  0
SEQEND
  5
E09
330
E04
100
AcDbEntity
  8
SYMB
 62
     2
  0
INSERT
  5
E0A
330
1F
100
AcDbEntity
  8
SYMB
 62
     2
100
AcDbBlockReference
 66
     1
  2
1P2W_RIGHT_BRANCH_BREAKER_1
 10
24292.2547622617
 20
9496.716938948912
 30
-0.0000000000001253
  0
ATTRIB
  5
E0B
330
E0A
100
AcDbEntity
  8
TXT
 62
     7
100
AcDbText
 10
27267.53898843374
 20
9246.716938948912
 30
0.0
 40
125.0
  1
AT
 41
0.95
  7
맑은고딕
 72
     1
 11
27365.99984101526
 21
9309.216938948912
 31
0.0
100
AcDbAttribute
  2
AT
 70
     0
 74
     2
280
     1
  0
ATTRIB
  5
E0C
330
E0A
100
AcDbEntity
  8
TXT
 62
     7
100
AcDbText
 10
26820.44320039026
 20
9246.716938948912
 30
0.0
 40
125.0
  1
AF
 41
0.95
  7
맑은고딕
 72
     1
 11
26915.99984101526
 21
9309.216938948912
 31
0.0
100
AcDbAttribute
  2
AF
 70
     0
 74
     2
280
     1
  0
ATTRIB
  5
E0D
330
E0A
100
AcDbEntity
  8
TXT
 62
     7
100
AcDbText
 10
26824.68275541743
 20
9471.716938948912
 30
0.0
 40
125.0
  1
CB_TYPE
 41
0.95
  7
맑은고딕
 72
     1
 11
27140.99984101526
 21
9534.216938948912
 31
0.0
100
AcDbAttribute
  2
CB_TYPE
 70
     0
 74
     2
280
     1
  0
ATTRIB
  5
E0E
330
E0A
100
AcDbEntity
  8
TXT
 62
     7
100
AcDbText
 10
27828.60386615113
 20
9246.716938948912
 30
0.0
 40
125.0
  1
CIR_NO
 41
0.95
  7
맑은고딕
 72
     1
 11
28115.99984101526
 21
9309.216938948912
 31
0.0
100
AcDbAttribute
  2
CIR_NO
 70
     0
 74
     2
280
     1
  0
SEQEND
  5
E0F
330
E0A
100
AcDbEntity
  8
SYMB
 62
     2
  0
INSERT
  5
E10
330
1F
100
AcDbEntity
  8
SYMB
 62
     2
100
AcDbBlockReference
 66
     1
  2
1P2W_LEFT_BRANCH_BREAKER_1
 10
24292.25476226164
 20
8746.705680118275
 30
-0.0000000000000921
  0
ATTRIB
  5
E11
330
E10
100
AcDbEntity
  8
TXT
 62
     7
100
AcDbText
 10
21867.53898843365
 20
8496.705680118275
 30
0.0
 40
125.0
  1
AT
 41
0.95
  7
맑은고딕
 72
     1
 11
21965.99984101517
 21
8559.205680118275
 31
0.0
100
AcDbAttribute
  2
AT
 70
     0
 74
     2
280
     1
  0
ATTRIB
  5
E12
330
E10
100
AcDbEntity
  8
TXT
 62
     7
100
AcDbText
 10
21420.44320039017
 20
8496.705680118275
 30
0.0
 40
125.0
  1
AF
 41
0.95
  7
맑은고딕
 72
     1
 11
21515.99984101517
 21
8559.205680118275
 31
0.0
100
AcDbAttribute
  2
AF
 70
     0
 74
     2
280
     1
  0
ATTRIB
  5
E13
330
E10
100
AcDbEntity
  8
TXT
 62
     7
100
AcDbText
 10
21424.68275541734
 20
8721.705680118275
 30
0.0
 40
125.0
  1
CB_TYPE
 41
0.95
  7
맑은고딕
 72
     1
 11
21740.99984101517
 21
8784.205680118275
 31
0.0
100
AcDbAttribute
  2
CB_TYPE
 70
     0
 74
     2
280
     1
  0
ATTRIB
  5
E14
330
E10
100
AcDbEntity
  8
TXT
 62
     7
100
AcDbText
 10
20478.60386615104
 20
8496.705680118275
 30
0.0
 40
125.0
  1
CIR_NO
 41
0.95
  7
맑은고딕
 72
     1
 11
20765.99984101517
 21
8559.205680118275
 31
0.0
100
AcDbAttribute
  2
CIR_NO
 70
     0
 74
     2
280
     1
  0
SEQEND
  5
E15
330
E10
100
AcDbEntity
  8
SYMB
 62
     2
  0
INSERT
  5
E16
330
1F
100
AcDbEntity
  8
SYMB
 62
     2
100
AcDbBlockReference
 66
     1
  2
1P2W_RIGHT_BRANCH_BREAKER_1
 10
24292.2547622617
 20
8746.716938948912
 30
0.0000000000000661
  0
ATTRIB
  5
E17
330
E16
100
AcDbEntity
  8
TXT
 62
     7
100
AcDbText
 10
27267.53898843374
 20
8496.716938948912
 30
0.0
 40
125.0
  1
AT
 41
0.95
  7
맑은고딕
 72
     1
 11
27365.99984101526
 21
8559.216938948912
 31
0.0
100
AcDbAttribute
  2
AT
 70
     0
 74
     2
280
     1
  0
ATTRIB
  5
E18
330
E16
100
AcDbEntity
  8
TXT
 62
     7
100
AcDbText
 10
26820.44320039026
 20
8496.716938948912
 30
0.0
 40
125.0
  1
AF
 41
0.95
  7
맑은고딕
 72
     1
 11
26915.99984101526
 21
8559.216938948912
 31
0.0
100
AcDbAttribute
  2
AF
 70
     0
 74
     2
280
     1
  0
ATTRIB
  5
E19
330
E16
100
AcDbEntity
  8
TXT
 62
     7
100
AcDbText
 10
26824.68275541743
 20
8721.716938948912
 30
0.0
 40
125.0
  1
CB_TYPE
 41
0.95
  7
맑은고딕
 72
     1
 11
27140.99984101526
 21
8784.216938948912
 31
0.0
100
AcDbAttribute
  2
CB_TYPE
 70
     0
 74
     2
280
     1
  0
ATTRIB
  5
E1A
330
E16
100
AcDbEntity
  8
TXT
 62
     7
100
AcDbText
 10
27828.60386615113
 20
8496.716938948912
 30
0.0
 40
125.0
  1
CIR_NO
 41
0.95
  7
맑은고딕
 72
     1
 11
28115.99984101526
 21
8559.216938948912
 31
0.0
100
AcDbAttribute
  2
CIR_NO
 70
     0
 74
     2
280
     1
  0
SEQEND
  5
E1B
330
E16
100
AcDbEntity
  8
SYMB
 62
     2
  0
INSERT
  5
E1C
330
1F
100
AcDbEntity
  8
SYMB
 62
     2
100
AcDbBlockReference
 66
     1
  2
1P2W_LEFT_BRANCH_BREAKER_1
 10
24292.25476226164
 20
7996.705680118275
 30
-0.0000000000000921
  0
ATTRIB
  5
E1D
330
E1C
100
AcDbEntity
  8
TXT
 62
     7
100
AcDbText
 10
21867.53898843365
 20
7746.705680118275
 30
0.0
 40
125.0
  1
AT
 41
0.95
  7
맑은고딕
 72
     1
 11
21965.99984101517
 21
7809.205680118275
 31
0.0
100
AcDbAttribute
  2
AT
 70
     0
 74
     2
280
     1
  0
ATTRIB
  5
E1E
330
E1C
100
AcDbEntity
  8
TXT
 62
     7
100
AcDbText
 10
21420.44320039017
 20
7746.705680118275
 30
0.0
 40
125.0
  1
AF
 41
0.95
  7
맑은고딕
 72
     1
 11
21515.99984101517
 21
7809.205680118275
 31
0.0
100
AcDbAttribute
  2
AF
 70
     0
 74
     2
280
     1
  0
ATTRIB
  5
E1F
330
E1C
100
AcDbEntity
  8
TXT
 62
     7
100
AcDbText
 10
21424.68275541734
 20
7971.705680118275
 30
0.0
 40
125.0
  1
CB_TYPE
 41
0.95
  7
맑은고딕
 72
     1
 11
21740.99984101517
 21
8034.205680118275
 31
0.0
100
AcDbAttribute
  2
CB_TYPE
 70
     0
 74
     2
280
     1
  0
ATTRIB
  5
E20
330
E1C
100
AcDbEntity
  8
TXT
 62
     7
100
AcDbText
 10
20478.60386615104
 20
7746.705680118275
 30
0.0
 40
125.0
  1
CIR_NO
 41
0.95
  7
맑은고딕
 72
     1
 11
20765.99984101517
 21
7809.205680118275
 31
0.0
100
AcDbAttribute
  2
CIR_NO
 70
     0
 74
     2
280
     1
  0
SEQEND
  5
E21
330
E1C
100
AcDbEntity
  8
SYMB
 62
     2
  0
INSERT
  5
E22
330
1F
100
AcDbEntity
  8
SYMB
 62
     2
100
AcDbBlockReference
 66
     1
  2
1P2W_RIGHT_BRANCH_BREAKER_1
 10
24292.2547622617
 20
7996.716938948912
 30
0.0000000000000661
  0
ATTRIB
  5
E23
330
E22
100
AcDbEntity
  8
TXT
 62
     7
100
AcDbText
 10
27267.53898843374
 20
7746.716938948912
 30
0.0
 40
125.0
  1
AT
 41
0.95
  7
맑은고딕
 72
     1
 11
27365.99984101526
 21
7809.216938948912
 31
0.0
100
AcDbAttribute
  2
AT
 70
     0
 74
     2
280
     1
  0
ATTRIB
  5
E24
330
E22
100
AcDbEntity
  8
TXT
 62
     7
100
AcDbText
 10
26820.44320039026
 20
7746.716938948912
 30
0.0
 40
125.0
  1
AF
 41
0.95
  7
맑은고딕
 72
     1
 11
26915.99984101526
 21
7809.216938948912
 31
0.0
100
AcDbAttribute
  2
AF
 70
     0
 74
     2
280
     1
  0
ATTRIB
  5
E25
330
E22
100
AcDbEntity
  8
TXT
 62
     7
100
AcDbText
 10
26824.68275541743
 20
7971.716938948912
 30
0.0
 40
125.0
  1
CB_TYPE
 41
0.95
  7
맑은고딕
 72
     1
 11
27140.99984101526
 21
8034.216938948912
 31
0.0
100
AcDbAttribute
  2
CB_TYPE
 70
     0
 74
     2
280
     1
  0
ATTRIB
  5
E26
330
E22
100
AcDbEntity
  8
TXT
 62
     7
100
AcDbText
 10
27828.60386615113
 20
7746.716938948912
 30
0.0
 40
125.0
  1
CIR_NO
 41
0.95
  7
맑은고딕
 72
     1
 11
28115.99984101526
 21
7809.216938948912
 31
0.0
100
AcDbAttribute
  2
CIR_NO
 70
     0
 74
     2
280
     1
  0
SEQEND
  5
E27
330
E22
100
AcDbEntity
  8
SYMB
 62
     2
  0
INSERT
  5
E28
330
1F
100
AcDbEntity
  8
0
100
AcDbBlockReference
  2
1P2W_LEFT_SYM_REMOTE_1
 10
24290.37238039132
 20
6226.465334509192
 30
0.0000000000002747
  0
INSERT
  5
E29
330
1F
100
AcDbEntity
  8
0
100
AcDbBlockReference
  2
1P2W_RIGHT_SYM_REMOTE_1
 10
24290.37238039132
 20
4792.849391193498
 30
0.0000000000003163
  0
INSERT
  5
E2A
330
1F
100
AcDbEntity
  8
0
100
AcDbBlockReference
  2
1P2W_L_SYM_ELB_1
 10
24290.37238039132
 20
9496.705680118275
 30
-0.0000000000002835
  0
INSERT
  5
E2B
330
1F
100
AcDbEntity
  8
0
100
AcDbBlockReference
  2
1P2W_R_SYM_ELB_1
 10
24290.37238039132
 20
9496.705680118275
 30
-0.0000000000002835
  0
INSERT
  5
E2C
330
1F
100
AcDbEntity
  8
0
100
AcDbBlockReference
  2
1P2W_L_SYM_ONOFF_1
 10
24290.37238039132
 20
9496.705680118275
 30
-0.0000000000002835
  0
INSERT
  5
E2D
330
1F
100
AcDbEntity
  8
0
100
AcDbBlockReference
  2
1P2W_R_SYM_ONOFF_1
 10
24292.2547622617
 20
9496.716938948912
 30
-0.0000000000001253
  0
INSERT
  5
E2E
330
1F
100
AcDbEntity
  8
0
100
AcDbBlockReference
  2
1P2W_R_SYM_TIMER_1
 10
24290.37238039132
 20
8746.705680118275
 30
-0.0000000000000921
  0
INSERT
  5
E2F
330
1F
100
AcDbEntity
  8
0
100
AcDbBlockReference
  2
1P2W_L_SYM_TIMER_1
 10
24290.37238039132
 20
8746.705680118275
 30
-0.0000000000000921
  0
ENDSEC
  0
SECTION
  2
OBJECTS
  0
DICTIONARY
  5
C
330
0
100
AcDbDictionary
281
     1
  3
ACAD_CIP_PREVIOUS_PRODUCT_INFO
350
216
  3
ACAD_COLOR
350
6B
  3
ACAD_DETAILVIEWSTYLE
350
21B
  3
ACAD_DGNDEFINITIONS
350
291
  3
ACAD_DWFDEFINITIONS
350
290
  3
ACAD_GROUP
350
D
  3
ACAD_LAYOUT
350
1A
  3
ACAD_MATERIAL
350
6A
  3
ACAD_MLEADERSTYLE
350
12D
  3
ACAD_MLINESTYLE
350
17
  3
ACAD_PDFDEFINITIONS
350
28F
  3
ACAD_PLOTSETTINGS
350
19
  3
ACAD_PLOTSTYLENAME
350
E
  3
ACAD_SCALELIST
350
10C
  3
ACAD_SECTIONVIEWSTYLE
350
219
  3
ACAD_TABLESTYLE
350
7E
  3
ACAD_VISUALSTYLE
350
EF
  3
ACDB_RECOMPOSE_DATA
350
1098
  3
AcDbVariableDictionary
350
5E
  0
DICTIONARY
  5
1FF
330
2
100
AcDbDictionary
280
     1
281
     1
  3
ACAD_LAYERSTATES
360
200
  0
DICTIONARY
  5
293
330
292
100
AcDbDictionary
280
     1
281
     1
  3
ADSK_XREC_LAYER_RECONCILED
360
294
  0
DICTIONARY
  5
29C
330
29B
100
AcDbDictionary
280
     1
281
     1
  3
ADSK_XREC_LAYER_RECONCILED
360
29D
  0
DICTIONARY
  5
29F
330
29E
100
AcDbDictionary
280
     1
281
     1
  3
ADSK_XREC_LAYER_RECONCILED
360
2A0
  0
DICTIONARY
  5
2A2
330
2A1
100
AcDbDictionary
280
     1
281
     1
  3
ADSK_XREC_LAYER_RECONCILED
360
2A3
  0
DICTIONARY
  5
2A6
330
2A5
100
AcDbDictionary
280
     1
281
     1
  3
ADSK_XREC_LAYER_RECONCILED
360
2A7
  0
DICTIONARY
  5
2A9
330
2A8
100
AcDbDictionary
280
     1
281
     1
  3
ADSK_XREC_LAYER_RECONCILED
360
2AA
  0
DICTIONARY
  5
2AC
330
2AB
100
AcDbDictionary
280
     1
281
     1
  3
ADSK_XREC_LAYER_RECONCILED
360
2AD
  0
DICTIONARY
  5
2AF
330
2AE
100
AcDbDictionary
280
     1
281
     1
  3
ADSK_XREC_LAYER_RECONCILED
360
2B0
  0
DICTIONARY
  5
2B2
330
2B1
100
AcDbDictionary
280
     1
281
     1
  3
ADSK_XREC_LAYER_RECONCILED
360
2B3
  0
DICTIONARY
  5
E95
330
1F
100
AcDbDictionary
280
     1
281
     1
  3
ACAD_SORTENTS
360
E96
  0
DICTIONARY
  5
2B7
330
2B6
100
AcDbDictionary
280
     1
281
     1
  3
ACAD_SORTENTS
360
2B8
  0
DICTIONARY
  5
32A
330
329
100
AcDbDictionary
280
     1
281
     1
  3
ACAD_SORTENTS
360
EB8
  0
DICTIONARY
  5
367
330
366
100
AcDbDictionary
280
     1
281
     1
  3
ACAD_SORTENTS
360
EF5
  0
DICTIONARY
  5
38C
330
38B
100
AcDbDictionary
280
     1
281
     1
  3
ACAD_SORTENTS
360
ED5
  0
DICTIONARY
  5
3BC
330
3BB
100
AcDbDictionary
280
     1
281
     1
  3
ACAD_SORTENTS
360
F12
  0
DICTIONARY
  5
3DE
330
3DD
100
AcDbDictionary
280
     1
281
     1
  3
ACAD_SORTENTS
360
F78
  0
DICTIONARY
  5
406
330
405
100
AcDbDictionary
280
     1
281
     1
  3
ACAD_SORTENTS
360
F2A
  0
DICTIONARY
  5
6DF
330
6DE
100
AcDbDictionary
280
     1
281
     1
  3
ACAD_SORTENTS
360
E98
  0
DICTIONARY
  5
784
330
783
100
AcDbDictionary
280
     1
281
     1
  3
ACAD_SORTENTS
360
FA4
  0
DICTIONARY
  5
7BC
330
7BB
100
AcDbDictionary
280
     1
281
     1
  3
ACAD_SORTENTS
360
FF3
  0
DICTIONARY
  5
80D
330
80C
100
AcDbDictionary
280
     1
281
     1
  3
ACAD_SORTENTS
360
FD6
  0
DICTIONARY
  5
835
330
834
100
AcDbDictionary
280
     1
281
     1
  3
ACAD_SORTENTS
360
100B
  0
DICTIONARY
  5
CF7
330
CF6
100
AcDbDictionary
280
     1
281
     1
  3
ACAD_SORTENTS
360
1061
  0
DICTIONARY
  5
D29
330
D28
100
AcDbDictionary
280
     1
281
     1
  3
ACAD_SORTENTS
360
1023
  0
DICTIONARY
  5
D51
330
D50
100
AcDbDictionary
280
     1
281
     1
  3
ACAD_SORTENTS
360
103B
  0
XRECORD
  5
216
102
{ACAD_REACTORS
330
C
102
}
330
C
100
AcDbXrecord
280
     1
300
ACD
300
2013
300
ACD_F_S
  0
DICTIONARY
  5
6B
102
{ACAD_REACTORS
330
C
102
}
330
C
100
AcDbDictionary
281
     1
  0
DICTIONARY
  5
21B
102
{ACAD_REACTORS
330
C
102
}
330
C
100
AcDbDictionary
281
     1
  3
Metric50
350
21C
  0
DICTIONARY
  5
291
102
{ACAD_REACTORS
330
C
102
}
330
C
100
AcDbDictionary
281
     1
  0
DICTIONARY
  5
290
102
{ACAD_REACTORS
330
C
102
}
330
C
100
AcDbDictionary
281
     1
  0
DICTIONARY
  5
D
102
{ACAD_REACTORS
330
C
102
}
330
C
100
AcDbDictionary
281
     1
  0
DICTIONARY
  5
1A
102
{ACAD_REACTORS
330
C
102
}
330
C
100
AcDbDictionary
281
     1
  3
Model
350
22
  3
배치1
350
D3
  3
배치2
350
D7
  0
DICTIONARY
  5
6A
102
{ACAD_REACTORS
330
C
102
}
330
C
100
AcDbDictionary
281
     1
  3
ByBlock
350
ED
  3
ByLayer
350
EC
  3
Global
350
EE
  0
DICTIONARY
  5
12D
102
{ACAD_REACTORS
330
C
102
}
330
C
100
AcDbDictionary
281
     1
  3
Standard
350
12E
  0
DICTIONARY
  5
17
102
{ACAD_REACTORS
330
C
102
}
330
C
100
AcDbDictionary
281
     1
  3
Standard
350
18
  0
DICTIONARY
  5
28F
102
{ACAD_REACTORS
330
C
102
}
330
C
100
AcDbDictionary
281
     1
  0
DICTIONARY
  5
19
102
{ACAD_REACTORS
330
C
102
}
330
C
100
AcDbDictionary
281
     1
  0
ACDBDICTIONARYWDFLT
  5
E
102
{ACAD_REACTORS
330
C
102
}
330
C
100
AcDbDictionary
281
     1
  3
Normal
350
F
100
AcDbDictionaryWithDefault
340
F
  0
DICTIONARY
  5
10C
102
{ACAD_REACTORS
330
C
102
}
330
C
100
AcDbDictionary
281
     1
  3
A0
350
10D
  3
A1
350
1BE
  3
A2
350
1BF
  3
A3
350
1C0
  3
A4
350
1C1
  3
A5
350
1C2
  3
A6
350
1C3
  3
A7
350
1C4
  3
A8
350
1C5
  3
A9
350
1C6
  3
B0
350
1C7
  3
B1
350
1C8
  3
B2
350
1C9
  3
B3
350
1CA
  3
B4
350
1CB
  3
B5
350
1CC
  3
B6
350
1CD
  0
DICTIONARY
  5
219
102
{ACAD_REACTORS
330
C
102
}
330
C
100
AcDbDictionary
281
     1
  3
Metric50
350
21A
  0
DICTIONARY
  5
7E
102
{ACAD_REACTORS
330
C
102
}
330
C
100
AcDbDictionary
281
     1
  3
Standard
350
7F
  0
DICTIONARY
  5
EF
102
{ACAD_REACTORS
330
C
102
}
330
C
100
AcDbDictionary
281
     1
  3
2dWireframe
350
F5
  3
Basic
350
F4
  3
Brighten
350
FB
  3
ColorChange
350
FF
  3
Conceptual
350
F8
  3
Dim
350
FA
  3
EdgeColorOff
350
1E6
  3
Facepattern
350
FE
  3
Flat
350
F0
  3
FlatWithEdges
350
F1
  3
Gouraud
350
F2
  3
GouraudWithEdges
350
F3
  3
Hidden
350
F7
  3
JitterOff
350
1E4
  3
Linepattern
350
FD
  3
OverhangOff
350
1E5
  3
Realistic
350
F9
  3
Shaded
350
1F3
  3
Shaded with edges
350
1F2
  3
Shades of Gray
350
1EF
  3
Sketchy
350
1F0
  3
Thicken
350
FC
  3
Wireframe
350
F6
  3
X-Ray
350
1F1
  0
XRECORD
  5
1098
102
{ACAD_REACTORS
330
C
102
}
330
C
100
AcDbXrecord
280
     1
 90
        1
330
7F
  0
DICTIONARY
  5
5E
102
{ACAD_REACTORS
330
C
102
}
330
C
100
AcDbDictionary
281
     1
  3
CANNOSCALE
350
146
  3
CMLEADERSTYLE
350
145
  3
CTABLESTYLE
350
84
  3
CVIEWDETAILSTYLE
350
227
  3
CVIEWSECTIONSTYLE
350
228
  3
DIMASSOC
350
5F
  3
HIDETEXT
350
63
  3
LAYEREVAL
350
1AE
  3
LAYERNOTIFY
350
1AF
  3
XCLIPFRAME
350
259
  0
DICTIONARY
  5
200
102
{ACAD_REACTORS
330
1FF
102
}
330
1FF
100
AcDbDictionary
281
     1
  0
XRECORD
  5
294
102
{ACAD_REACTORS
330
293
102
}
330
293
100
AcDbXrecord
280
     1
290
     0
  0
XRECORD
  5
29D
102
{ACAD_REACTORS
330
29C
102
}
330
29C
100
AcDbXrecord
280
     1
290
     1
  0
XRECORD
  5
2A0
102
{ACAD_REACTORS
330
29F
102
}
330
29F
100
AcDbXrecord
280
     1
290
     0
  0
XRECORD
  5
2A3
102
{ACAD_REACTORS
330
2A2
102
}
330
2A2
100
AcDbXrecord
280
     1
290
     0
  0
XRECORD
  5
2A7
102
{ACAD_REACTORS
330
2A6
102
}
330
2A6
100
AcDbXrecord
280
     1
290
     0
  0
XRECORD
  5
2AA
102
{ACAD_REACTORS
330
2A9
102
}
330
2A9
100
AcDbXrecord
280
     1
290
     0
  0
XRECORD
  5
2AD
102
{ACAD_REACTORS
330
2AC
102
}
330
2AC
100
AcDbXrecord
280
     1
290
     0
  0
XRECORD
  5
2B0
102
{ACAD_REACTORS
330
2AF
102
}
330
2AF
100
AcDbXrecord
280
     1
290
     0
  0
XRECORD
  5
2B3
102
{ACAD_REACTORS
330
2B2
102
}
330
2B2
100
AcDbXrecord
280
     1
290
     0
  0
SORTENTSTABLE
  5
E96
102
{ACAD_REACTORS
330
E95
102
}
330
E95
100
AcDbSortentsTable
330
1F
  0
SORTENTSTABLE
  5
2B8
102
{ACAD_REACTORS
330
2B7
102
}
330
2B7
100
AcDbSortentsTable
330
2B6
  0
SORTENTSTABLE
  5
EB8
102
{ACAD_REACTORS
330
32A
102
}
330
32A
100
AcDbSortentsTable
330
329
331
EA9
  5
EAA
331
EAA
  5
EAB
331
EAB
  5
EAC
331
EAC
  5
EAD
331
EAD
  5
EAE
331
EAE
  5
EAF
331
EAF
  5
EB0
331
EB0
  5
EB1
331
EB1
  5
EA9
  0
SORTENTSTABLE
  5
EF5
102
{ACAD_REACTORS
330
367
102
}
330
367
100
AcDbSortentsTable
330
366
331
EE1
  5
EE2
331
EE2
  5
EE3
331
EE3
  5
EE4
331
EE4
  5
EE5
331
EE5
  5
EE6
331
EE6
  5
EE7
331
EE7
  5
EE8
331
EE8
  5
EE9
331
EE9
  5
EEA
331
EEA
  5
EEB
331
EEB
  5
EEC
331
EEC
  5
EED
331
EED
  5
EEE
331
EEE
  5
EE1
  0
SORTENTSTABLE
  5
ED5
102
{ACAD_REACTORS
330
38C
102
}
330
38C
100
AcDbSortentsTable
330
38B
331
EC2
  5
EC3
331
EC3
  5
EC4
331
EC4
  5
EC5
331
EC5
  5
EC6
331
EC6
  5
EC7
331
EC7
  5
EC8
331
EC8
  5
EC9
331
EC9
  5
ECA
331
ECA
  5
ECB
331
ECB
  5
ECC
331
ECC
  5
ECD
331
ECD
  5
EC2
  0
SORTENTSTABLE
  5
F12
102
{ACAD_REACTORS
330
3BC
102
}
330
3BC
100
AcDbSortentsTable
330
3BB
331
EFF
  5
F00
331
F00
  5
F01
331
F01
  5
F02
331
F02
  5
F03
331
F03
  5
F04
331
F04
  5
F05
331
F05
  5
F06
331
F06
  5
F07
331
F07
  5
F08
331
F08
  5
F09
331
F09
  5
F0A
331
F0A
  5
F0B
331
F0B
  5
F0C
331
F0C
  5
EFF
  0
SORTENTSTABLE
  5
F78
102
{ACAD_REACTORS
330
3DE
102
}
330
3DE
100
AcDbSortentsTable
330
3DD
331
F66
  5
F67
331
F67
  5
F68
331
F68
  5
F69
331
F69
  5
F6A
331
F6A
  5
F6B
331
F6B
  5
F6C
331
F6C
  5
F6D
331
F6D
  5
F6E
331
F6E
  5
F6F
331
F6F
  5
F70
331
F70
  5
F71
331
F71
  5
F72
331
F72
  5
F73
331
F73
  5
F74
331
F74
  5
F75
331
F75
  5
F66
  0
SORTENTSTABLE
  5
F2A
102
{ACAD_REACTORS
330
406
102
}
330
406
100
AcDbSortentsTable
330
405
331
F1A
  5
F1B
331
F1B
  5
F1C
331
F1C
  5
F1D
331
F1D
  5
F1E
331
F1E
  5
F1F
331
F1F
  5
F20
331
F20
  5
F21
331
F21
  5
F22
331
F22
  5
F23
331
F23
  5
F24
331
F24
  5
F25
331
F25
  5
F26
331
F26
  5
F27
331
F27
  5
F1A
  0
SORTENTSTABLE
  5
E98
102
{ACAD_REACTORS
330
6DF
102
}
330
6DF
100
AcDbSortentsTable
330
6DE
331
E73
  5
E74
331
E74
  5
E75
331
E75
  5
E76
331
E76
  5
E77
331
E77
  5
E78
331
E78
  5
E79
331
E79
  5
E7A
331
E7A
  5
E7B
331
E7B
  5
E7C
331
E7C
  5
E7D
331
E7D
  5
E7E
331
E7E
  5
E7F
331
E7F
  5
E80
331
E80
  5
E81
331
E81
  5
E82
331
E82
  5
E83
331
E83
  5
E84
331
E84
  5
E85
331
E85
  5
E86
331
E86
  5
E87
331
E87
  5
E88
331
E88
  5
E89
331
E89
  5
E8A
331
E8A
  5
E8B
331
E8B
  5
E8C
331
E8C
  5
E8D
331
E8D
  5
E8E
331
E8E
  5
E8F
331
E8F
  5
E90
331
E90
  5
E91
331
E91
  5
E92
331
E92
  5
E73
  0
SORTENTSTABLE
  5
FA4
102
{ACAD_REACTORS
330
784
102
}
330
784
100
AcDbSortentsTable
330
783
331
F85
  5
F86
331
F86
  5
F87
331
F87
  5
F88
331
F88
  5
F89
331
F89
  5
F8B
331
F8A
  5
F8C
331
F8B
  5
F8D
331
F8C
  5
F8E
331
F8D
  5
F8F
331
F8E
  5
F90
331
F8F
  5
F91
331
F90
  5
F92
331
F91
  5
F93
331
F92
  5
F94
331
F93
  5
F95
331
F94
  5
F96
331
F95
  5
F97
331
F96
  5
F98
331
F97
  5
F99
331
F98
  5
F9A
331
F99
  5
F9B
331
F9A
  5
F9C
331
F9B
  5
F9D
331
F9C
  5
F9E
331
F9D
  5
F9F
331
F9E
  5
F85
331
F9F
  5
F8A
  0
SORTENTSTABLE
  5
FF3
102
{ACAD_REACTORS
330
7BC
102
}
330
7BC
100
AcDbSortentsTable
330
7BB
331
FE0
  5
FE1
331
FE1
  5
FE2
331
FE2
  5
FE3
331
FE3
  5
FE4
331
FE4
  5
FE5
331
FE5
  5
FE6
331
FE6
  5
FE7
331
FE7
  5
FE8
331
FE8
  5
FE9
331
FE9
  5
FEA
331
FEA
  5
FEB
331
FEB
  5
FEC
331
FEC
  5
FE0
  0
SORTENTSTABLE
  5
FD6
102
{ACAD_REACTORS
330
80D
102
}
330
80D
100
AcDbSortentsTable
330
80C
331
FC4
  5
FC5
331
FC5
  5
FC6
331
FC6
  5
FC7
331
FC7
  5
FC8
331
FC8
  5
FC9
331
FC9
  5
FCA
331
FCA
  5
FCB
331
FCB
  5
FCC
331
FCC
  5
FCD
331
FCD
  5
FCE
331
FCE
  5
FCF
331
FCF
  5
FD0
331
FD0
  5
FD1
331
FD1
  5
FD2
331
FD2
  5
FC4
  0
SORTENTSTABLE
  5
100B
102
{ACAD_REACTORS
330
835
102
}
330
835
100
AcDbSortentsTable
330
834
331
FFB
  5
FFC
331
FFC
  5
FFD
331
FFD
  5
FFE
331
FFE
  5
FFF
331
FFF
  5
1000
331
1000
  5
1001
331
1001
  5
1002
331
1002
  5
1003
331
1003
  5
1004
331
1004
  5
1005
331
1005
  5
1006
331
1006
  5
1007
331
1007
  5
FFB
  0
SORTENTSTABLE
  5
1061
102
{ACAD_REACTORS
330
CF7
102
}
330
CF7
100
AcDbSortentsTable
330
CF6
331
1045
  5
1046
331
1046
  5
1047
331
1047
  5
1048
331
1048
  5
1049
331
1049
  5
104A
331
104A
  5
104C
331
104B
  5
104D
331
104C
  5
104E
331
104D
  5
104F
331
104E
  5
1050
331
104F
  5
1051
331
1050
  5
1052
331
1051
  5
1053
331
1052
  5
1054
331
1053
  5
1055
331
1054
  5
1056
331
1055
  5
1057
331
1056
  5
1058
331
1057
  5
1059
331
1058
  5
105A
331
1059
  5
105B
331
105A
  5
105C
331
105B
  5
104B
331
105C
  5
1045
  0
SORTENTSTABLE
  5
1023
102
{ACAD_REACTORS
330
D29
102
}
330
D29
100
AcDbSortentsTable
330
D28
331
1011
  5
1012
331
1012
  5
1013
331
1013
  5
1014
331
1014
  5
1015
331
1015
  5
1016
331
1016
  5
1017
331
1017
  5
1018
331
1018
  5
1019
331
1019
  5
101A
331
101A
  5
101B
331
101B
  5
101C
331
101C
  5
101D
331
101D
  5
101E
331
101E
  5
101F
331
101F
  5
1011
  0
SORTENTSTABLE
  5
103B
102
{ACAD_REACTORS
330
D51
102
}
330
D51
100
AcDbSortentsTable
330
D50
331
102B
  5
102C
331
102C
  5
102D
331
102D
  5
102E
331
102E
  5
102F
331
102F
  5
1030
331
1030
  5
1031
331
1031
  5
1032
331
1032
  5
1033
331
1033
  5
1034
331
1034
  5
1035
331
1035
  5
1036
331
1036
  5
1037
331
1037
  5
102B
  0
ACDBDETAILVIEWSTYLE
  5
21C
102
{ACAD_REACTORS
330
21B
102
}
102
{ACAD_XDICTIONARY
360
E30
102
}
330
21B
100
AcDbModelDocViewStyle
 70
     0
  3
Metric50
290
     1
100
AcDbDetailViewStyle
 70
     0
 71
     0
 90
        3
 71
     1
340
11
 62
   256
 40
5.0
340
0
 62
   256
 40
5.0
300

 40
0.0
280
     1
 71
     2
340
16
 90
       25
 62
   256
 71
     3
340
11
 62
   256
 40
5.0
 90
        0
 40
15.0
 90
        1
300
%<\AcVar ViewDetailId>% (%<\AcVar ViewScale \f "%sn">%)
 71
     4
340
16
 90
       25
 62
   256
340
16
 90
       25
 62
   256
280
     0
  0
LAYOUT
  5
22
102
{ACAD_REACTORS
330
1A
102
}
102
{ACAD_XDICTIONARY
360
205
102
}
330
1A
100
AcDbPlotSettings
  1

  2
none_device
  4
ISO_A4_(210.00_x_297.00_MM)
  6

 40
7.5
 41
20.0
 42
7.5
 43
20.0
 44
210.0
 45
297.0
 46
11.54999923706055
 47
-13.65000009536743
 48
0.0
 49
0.0
140
0.0
141
0.0
142
1.0
143
8.704084754739808
 70
 11952
 72
     1
 73
     0
 74
     0
  7

 75
     0
 76
     0
 77
     2
 78
   300
147
0.1148885871608098
148
0.0
149
0.0
100
AcDbLayout
  1
Model
 70
     1
 71
     0
 10
0.0
 20
0.0
 11
12.0
 21
9.0
 12
0.0
 22
0.0
 32
0.0
 14
2314.627301638277
 24
1246.716938948912
 34
-0.0000000000015384
 15
28867.04758124729
 25
13996.71693894891
 35
0.0000000000019623
146
0.0
 13
0.0
 23
0.0
 33
0.0
 16
1.0
 26
0.0
 36
0.0
 17
0.0
 27
1.0
 37
0.0
 76
     0
330
1F
331
EA
1001
ACAD_PSEXT
1000
None
1000
None
1000
Not applicable
1000
The layout will not be plotted unless a new plotter configuration name is selected.
1070
     0
  0
LAYOUT
  5
D3
102
{ACAD_REACTORS
330
1A
102
}
330
1A
100
AcDbPlotSettings
  1

  2
C:\Documents and Settings\basas\Application Data\Autodesk\AutoCAD 2005\R16.1\enu\plotters\Default Windows System Printer.pc3
  4

  6

 40
0.0
 41
0.0
 42
0.0
 43
0.0
 44
0.0
 45
0.0
 46
0.0
 47
0.0
 48
0.0
 49
0.0
140
0.0
141
0.0
142
1.0
143
1.0
 70
   688
 72
     0
 73
     0
 74
     5
  7

 75
    16
 76
     0
 77
     2
 78
   300
147
1.0
148
0.0
149
0.0
100
AcDbLayout
  1
배치1
 70
     1
 71
     1
 10
0.0
 20
0.0
 11
12.0
 21
9.0
 12
0.0
 22
0.0
 32
0.0
 14
0.0
 24
0.0
 34
0.0
 15
0.0
 25
0.0
 35
0.0
146
0.0
 13
0.0
 23
0.0
 33
0.0
 16
1.0
 26
0.0
 36
0.0
 17
0.0
 27
1.0
 37
0.0
 76
     0
330
D2
  0
LAYOUT
  5
D7
102
{ACAD_REACTORS
330
1A
102
}
330
1A
100
AcDbPlotSettings
  1

  2
C:\Documents and Settings\basas\Application Data\Autodesk\AutoCAD 2005\R16.1\enu\plotters\Default Windows System Printer.pc3
  4

  6

 40
0.0
 41
0.0
 42
0.0
 43
0.0
 44
0.0
 45
0.0
 46
0.0
 47
0.0
 48
0.0
 49
0.0
140
0.0
141
0.0
142
1.0
143
1.0
 70
   688
 72
     0
 73
     0
 74
     5
  7

 75
    16
 76
     0
 77
     2
 78
   300
147
1.0
148
0.0
149
0.0
100
AcDbLayout
  1
배치2
 70
     1
 71
     2
 10
0.0
 20
0.0
 11
12.0
 21
9.0
 12
0.0
 22
0.0
 32
0.0
 14
0.0
 24
0.0
 34
0.0
 15
0.0
 25
0.0
 35
0.0
146
0.0
 13
0.0
 23
0.0
 33
0.0
 16
1.0
 26
0.0
 36
0.0
 17
0.0
 27
1.0
 37
0.0
 76
     0
330
D6
  0
MATERIAL
  5
ED
102
{ACAD_REACTORS
330
6A
102
}
102
{ACAD_XDICTIONARY
360
1F9
102
}
330
6A
100
AcDbMaterial
  1
ByBlock
 72
     1
 73
     2
 78
     2
172
     2
176
     2
270
     2
274
     2
 94
       63
  0
MATERIAL
  5
EC
102
{ACAD_REACTORS
330
6A
102
}
102
{ACAD_XDICTIONARY
360
1F7
102
}
330
6A
100
AcDbMaterial
  1
ByLayer
 72
     1
 73
     2
 78
     2
172
     2
176
     2
270
     2
274
     2
 94
       63
  0
MATERIAL
  5
EE
102
{ACAD_REACTORS
330
6A
102
}
102
{ACAD_XDICTIONARY
360
173
102
}
330
6A
100
AcDbMaterial
  1
Global
 72
     1
 73
     2
 43
0.0007999999797903
 43
0.0
 43
0.0
 43
0.0
 43
0.0
 43
0.0007999999797903
 43
0.0
 43
0.0
 43
0.0
 43
0.0
 43
1.0
 43
0.0
 43
0.0
 43
0.0
 43
0.0
 43
1.0
 78
     2
172
     2
 49
0.0007999999797903
 49
0.0
 49
0.0
 49
0.0
 49
0.0
 49
0.0007999999797903
 49
0.0
 49
0.0
 49
0.0
 49
0.0
 49
1.0
 49
0.0
 49
0.0
 49
0.0
 49
0.0
 49
1.0
176
     2
142
0.0007999999797903
142
0.0
142
0.0
142
0.0
142
0.0
142
0.0007999999797903
142
0.0
142
0.0
142
0.0
142
0.0
142
1.0
142
0.0
142
0.0
142
0.0
142
0.0
142
1.0
270
     2
144
0.0007999999797903
144
0.0
144
0.0
144
0.0
144
0.0
144
0.0007999999797903
144
0.0
144
0.0
144
0.0
144
0.0
144
1.0
144
0.0
144
0.0
144
0.0
144
0.0
144
1.0
274
     2
 94
       63
1001
ACAD
1070
    -1
1070
     3
1070
     0
1000

1071
        0
1070
     0
  0
MLEADERSTYLE
  5
12E
102
{ACAD_REACTORS
330
12D
102
}
102
{ACAD_XDICTIONARY
360
1063
102
}
330
12D
100
AcDbMLeaderStyle
170
     2
171
     1
172
     0
 90
        2
 40
0.0
 41
0.0
173
     1
 91
-1056964608
340
14
 92
       -2
290
     1
 42
2.0
291
     1
 43
8.0
  3
Standard
341
0
 44
4.0
300

342
11
174
     1
178
     1
175
     1
176
     0
 93
-1056964608
 45
4.0
292
     0
297
     0
 46
4.0
343
0
 94
-1056964608
 47
1.0
 49
1.0
140
1.0
293
     1
141
0.0
294
     1
177
     0
142
1.0
295
     0
296
     0
143
3.75
1001
ACAD_MLEADERVER
1070
     2
  0
MLINESTYLE
  5
18
102
{ACAD_REACTORS
330
17
102
}
330
17
100
AcDbMlineStyle
  2
STANDARD
 70
     0
  3

 62
   256
 51
90.0
 52
90.0
 71
     2
 49
0.5
 62
   256
  6
BYLAYER
 49
-0.5
 62
   256
  6
BYLAYER
  0
ACDBPLACEHOLDER
  5
F
102
{ACAD_REACTORS
330
E
102
}
330
E
  0
SCALE
  5
10D
102
{ACAD_REACTORS
330
10C
102
}
330
10C
100
AcDbScale
 70
     0
300
1:1
140
1.0
141
1.0
290
     1
  0
SCALE
  5
1BE
102
{ACAD_REACTORS
330
10C
102
}
330
10C
100
AcDbScale
 70
     0
300
1:2
140
1.0
141
2.0
290
     0
  0
SCALE
  5
1BF
102
{ACAD_REACTORS
330
10C
102
}
330
10C
100
AcDbScale
 70
     0
300
1:4
140
1.0
141
4.0
290
     0
  0
SCALE
  5
1C0
102
{ACAD_REACTORS
330
10C
102
}
330
10C
100
AcDbScale
 70
     0
300
1:5
140
1.0
141
5.0
290
     0
  0
SCALE
  5
1C1
102
{ACAD_REACTORS
330
10C
102
}
330
10C
100
AcDbScale
 70
     0
300
1:8
140
1.0
141
8.0
290
     0
  0
SCALE
  5
1C2
102
{ACAD_REACTORS
330
10C
102
}
330
10C
100
AcDbScale
 70
     0
300
1:10
140
1.0
141
10.0
290
     0
  0
SCALE
  5
1C3
102
{ACAD_REACTORS
330
10C
102
}
330
10C
100
AcDbScale
 70
     0
300
1:16
140
1.0
141
16.0
290
     0
  0
SCALE
  5
1C4
102
{ACAD_REACTORS
330
10C
102
}
330
10C
100
AcDbScale
 70
     0
300
1:20
140
1.0
141
20.0
290
     0
  0
SCALE
  5
1C5
102
{ACAD_REACTORS
330
10C
102
}
330
10C
100
AcDbScale
 70
     0
300
1:30
140
1.0
141
30.0
290
     0
  0
SCALE
  5
1C6
102
{ACAD_REACTORS
330
10C
102
}
330
10C
100
AcDbScale
 70
     0
300
1:40
140
1.0
141
40.0
290
     0
  0
SCALE
  5
1C7
102
{ACAD_REACTORS
330
10C
102
}
330
10C
100
AcDbScale
 70
     0
300
1:50
140
1.0
141
50.0
290
     0
  0
SCALE
  5
1C8
102
{ACAD_REACTORS
330
10C
102
}
330
10C
100
AcDbScale
 70
     0
300
1:100
140
1.0
141
100.0
290
     0
  0
SCALE
  5
1C9
102
{ACAD_REACTORS
330
10C
102
}
330
10C
100
AcDbScale
 70
     0
300
2:1
140
2.0
141
1.0
290
     0
  0
SCALE
  5
1CA
102
{ACAD_REACTORS
330
10C
102
}
330
10C
100
AcDbScale
 70
     0
300
4:1
140
4.0
141
1.0
290
     0
  0
SCALE
  5
1CB
102
{ACAD_REACTORS
330
10C
102
}
330
10C
100
AcDbScale
 70
     0
300
8:1
140
8.0
141
1.0
290
     0
  0
SCALE
  5
1CC
102
{ACAD_REACTORS
330
10C
102
}
330
10C
100
AcDbScale
 70
     0
300
10:1
140
10.0
141
1.0
290
     0
  0
SCALE
  5
1CD
102
{ACAD_REACTORS
330
10C
102
}
330
10C
100
AcDbScale
 70
     0
300
100:1
140
100.0
141
1.0
290
     0
  0
ACDBSECTIONVIEWSTYLE
  5
21A
102
{ACAD_REACTORS
330
219
102
}
102
{ACAD_XDICTIONARY
360
E32
102
}
330
219
100
AcDbModelDocViewStyle
 70
     0
  3
Metric50
290
     1
100
AcDbSectionViewStyle
 70
     0
 71
     0
 90
      102
 71
     1
340
11
 62
   256
 40
5.0
340
0
340
0
 62
   256
 40
5.0
300
I, O, Q, S, X, Z
 40
10.0
 90
        0
 40
2.5
 90
        0
 71
     2
340
16
 90
       25
 62
   256
340
16
 90
       50
 62
   256
 40
5.0
 40
2.5
 40
5.0
 71
     3
340
11
 62
   256
 40
5.0
 90
        0
 40
15.0
 90
        1
300
%<\AcVar ViewSectionStartId>%-%<\AcVar ViewSectionEndId>% (%<\AcVar ViewScale \f "%sn">%)
 71
     4
 62
   256
 62
   257
300
ANSI31
 40
1.0
 90
        0
290
     0
290
     0
 90
        6
 40
0.0
 40
1.570796326794897
 40
0.2617993877991494
 40
1.308996938995747
 40
-0.2617993877991494
 40
1.832595714594046
  0
TABLESTYLE
  5
7F
102
{ACAD_REACTORS
330
7E
102
}
102
{ACAD_XDICTIONARY
360
1066
102
}
330
7E
100
AcDbTableStyle
  3
Standard
 70
     0
 71
     0
 40
1.5
 41
1.5
280
     0
281
     0
  7
Standard
140
4.5
170
     2
 62
     0
 63
   257
283
     0
 90
      512
 91
        0
  1

274
    -2
284
     1
 64
     0
275
    -2
285
     1
 65
     0
276
    -2
286
     1
 66
     0
277
    -2
287
     1
 67
     0
278
    -2
288
     1
 68
     0
279
    -2
289
     1
 69
     0
  7
Standard
140
6.0
170
     5
 62
     0
 63
   257
283
     0
 90
      512
 91
        0
  1

274
    -2
284
     1
 64
     0
275
    -2
285
     1
 65
     0
276
    -2
286
     1
 66
     0
277
    -2
287
     1
 67
     0
278
    -2
288
     1
 68
     0
279
    -2
289
     1
 69
     0
  7
Standard
140
4.5
170
     5
 62
     0
 63
   257
283
     0
 90
      512
 91
        0
  1

274
    -2
284
     1
 64
     0
275
    -2
285
     1
 65
     0
276
    -2
286
     1
 66
     0
277
    -2
287
     1
 67
     0
278
    -2
288
     1
 68
     0
279
    -2
289
     1
 69
     0
  0
VISUALSTYLE
  5
F5
102
{ACAD_REACTORS
330
EF
102
}
102
{ACAD_XDICTIONARY
360
1068
102
}
330
EF
100
AcDbVisualStyle
  2
2dWireframe
 70
     4
 71
     0
 72
     2
 73
     1
 90
        0
 40
0.6
 41
30.0
 62
     5
 63
     7
421
 16777215
 74
     1
 91
        4
 64
     7
 65
   257
 75
     1
175
     1
 42
1.0
 92
        0
 66
   257
 43
1.0
 76
     1
 77
     6
 78
     2
 67
     7
 79
     5
170
     0
171
     0
290
     0
174
     0
 93
        1
 44
0.0
173
     0
291
     0
 45
0.0
  0
VISUALSTYLE
  5
F4
102
{ACAD_REACTORS
330
EF
102
}
102
{ACAD_XDICTIONARY
360
106A
102
}
330
EF
100
AcDbVisualStyle
  2
Basic
 70
     7
 71
     1
 72
     0
 73
     1
 90
        0
 40
0.6
 41
30.0
 62
     5
 63
     7
421
 16777215
 74
     0
 91
        4
 64
     7
 65
   257
 75
     1
175
     1
 42
1.0
 92
        8
 66
     7
 43
1.0
 76
     1
 77
     6
 78
     2
 67
     7
 79
     5
170
     0
171
     0
290
     0
174
     0
 93
        1
 44
0.0
173
     0
291
     1
 45
0.0
  0
VISUALSTYLE
  5
FB
102
{ACAD_REACTORS
330
EF
102
}
102
{ACAD_XDICTIONARY
360
106C
102
}
330
EF
100
AcDbVisualStyle
  2
Brighten
 70
    12
 71
     2
 72
     2
 73
     1
 90
        0
 40
0.6
 41
30.0
 62
     5
 63
     7
421
 16777215
 74
     1
 91
        4
 64
     7
 65
   257
 75
     1
175
     1
 42
1.0
 92
        8
 66
     7
 43
1.0
 76
     1
 77
     6
 78
     2
 67
     7
 79
     5
170
     0
171
     0
290
     0
174
     0
 93
        1
 44
50.0
173
     0
291
     1
 45
0.0
  0
VISUALSTYLE
  5
FF
102
{ACAD_REACTORS
330
EF
102
}
102
{ACAD_XDICTIONARY
360
106E
102
}
330
EF
100
AcDbVisualStyle
  2
ColorChange
 70
    16
 71
     2
 72
     2
 73
     3
 90
        0
 40
0.6
 41
30.0
 62
     5
 63
     8
421
  8421504
 74
     1
 91
        4
 64
     7
 65
   257
 75
     1
175
     1
 42
1.0
 92
        8
 66
     8
424
  8421504
 43
1.0
 76
     1
 77
     6
 78
     2
 67
     7
 79
     5
170
     0
171
     0
290
     0
174
     0
 93
        1
 44
0.0
173
     0
291
     1
 45
0.0
  0
VISUALSTYLE
  5
F8
102
{ACAD_REACTORS
330
EF
102
}
102
{ACAD_XDICTIONARY
360
1070
102
}
330
EF
100
AcDbVisualStyle
  2
Conceptual
 70
     9
 71
     3
 72
     2
 73
     1
 90
        0
 40
0.6
 41
30.0
 62
     5
 63
     7
421
 16777215
 74
     2
 91
        2
 64
     7
 65
   257
 75
     1
175
     1
 42
40.0
 92
        8
 66
     7
 43
1.0
 76
     1
 77
     6
 78
     2
 67
     7
 79
     3
170
     0
171
     0
290
     0
174
     0
 93
        1
 44
0.0
173
     0
291
     0
 45
0.0
  0
VISUALSTYLE
  5
FA
102
{ACAD_REACTORS
330
EF
102
}
102
{ACAD_XDICTIONARY
360
1072
102
}
330
EF
100
AcDbVisualStyle
  2
Dim
 70
    11
 71
     2
 72
     2
 73
     1
 90
        0
 40
0.6
 41
30.0
 62
     5
 63
     7
421
 16777215
 74
     1
 91
        4
 64
     7
 65
   257
 75
     1
175
     1
 42
1.0
 92
        8
 66
     7
 43
1.0
 76
     1
 77
     6
 78
     2
 67
     7
 79
     5
170
     0
171
     0
290
     0
174
     0
 93
        1
 44
-50.0
173
     0
291
     1
 45
0.0
  0
VISUALSTYLE
  5
1E6
102
{ACAD_REACTORS
330
EF
102
}
102
{ACAD_XDICTIONARY
360
1074
102
}
330
EF
100
AcDbVisualStyle
  2
EdgeColorOff
 70
    22
 71
     2
 72
     2
 73
     0
 90
        0
 40
0.6
 41
30.0
 62
     5
 63
     7
421
 16777215
 74
     1
 91
        4
 64
     7
 65
   257
 75
     1
175
     1
 42
1.0
 92
        8
 66
     7
 43
1.0
 76
     1
 77
     6
 78
     2
 67
     7
 79
     5
170
     0
171
     0
290
     0
174
     0
 93
        1
 44
0.0
173
     0
291
     1
 45
0.0
  0
VISUALSTYLE
  5
FE
102
{ACAD_REACTORS
330
EF
102
}
102
{ACAD_XDICTIONARY
360
1076
102
}
330
EF
100
AcDbVisualStyle
  2
Facepattern
 70
    15
 71
     2
 72
     2
 73
     1
 90
        0
 40
0.6
 41
30.0
 62
     5
 63
     7
421
 16777215
 74
     1
 91
        4
 64
     7
 65
   257
 75
     1
175
     1
 42
1.0
 92
        8
 66
     7
 43
1.0
 76
     1
 77
     6
 78
     2
 67
     7
 79
     5
170
     0
171
     0
290
     0
174
     0
 93
        1
 44
0.0
173
     0
291
     1
 45
0.0
  0
VISUALSTYLE
  5
F0
102
{ACAD_REACTORS
330
EF
102
}
102
{ACAD_XDICTIONARY
360
1078
102
}
330
EF
100
AcDbVisualStyle
  2
Flat
 70
     0
 71
     2
 72
     1
 73
     1
 90
        2
 40
0.6
 41
30.0
 62
     5
 63
     7
421
 16777215
 74
     0
 91
        0
 64
     7
 65
   257
 75
     1
175
     1
 42
1.0
 92
        8
 66
     7
 43
1.0
 76
     1
 77
     6
 78
     2
 67
     7
 79
     5
170
     0
171
     0
290
     0
174
     0
 93
       13
 44
0.0
173
     0
291
     1
 45
0.0
  0
VISUALSTYLE
  5
F1
102
{ACAD_REACTORS
330
EF
102
}
102
{ACAD_XDICTIONARY
360
107A
102
}
330
EF
100
AcDbVisualStyle
  2
FlatWithEdges
 70
     1
 71
     2
 72
     1
 73
     1
 90
        2
 40
0.6
 41
30.0
 62
     5
 63
     7
421
 16777215
 74
     1
 91
        0
 64
     7
 65
   257
 75
     1
175
     1
 42
1.0
 92
        0
 66
   257
 43
1.0
 76
     1
 77
     6
 78
     2
 67
     7
 79
     5
170
     0
171
     0
290
     0
174
     0
 93
       13
 44
0.0
173
     0
291
     1
 45
0.0
  0
VISUALSTYLE
  5
F2
102
{ACAD_REACTORS
330
EF
102
}
102
{ACAD_XDICTIONARY
360
107C
102
}
330
EF
100
AcDbVisualStyle
  2
Gouraud
 70
     2
 71
     2
 72
     2
 73
     1
 90
        2
 40
0.6
 41
30.0
 62
     5
 63
     7
421
 16777215
 74
     0
 91
        0
 64
     7
 65
   257
 75
     1
175
     1
 42
1.0
 92
        0
 66
     7
 43
1.0
 76
     1
 77
     6
 78
     2
 67
     7
 79
     5
170
     0
171
     0
290
     0
174
     0
 93
       13
 44
0.0
173
     0
291
     1
 45
0.0
  0
VISUALSTYLE
  5
F3
102
{ACAD_REACTORS
330
EF
102
}
102
{ACAD_XDICTIONARY
360
107E
102
}
330
EF
100
AcDbVisualStyle
  2
GouraudWithEdges
 70
     3
 71
     2
 72
     2
 73
     1
 90
        2
 40
0.6
 41
30.0
 62
     5
 63
     7
421
 16777215
 74
     1
 91
        0
 64
     7
 65
   257
 75
     1
175
     1
 42
1.0
 92
        0
 66
   257
 43
1.0
 76
     1
 77
     6
 78
     2
 67
     7
 79
     5
170
     0
171
     0
290
     0
174
     0
 93
       13
 44
0.0
173
     0
291
     1
 45
0.0
  0
VISUALSTYLE
  5
F7
102
{ACAD_REACTORS
330
EF
102
}
102
{ACAD_XDICTIONARY
360
1080
102
}
330
EF
100
AcDbVisualStyle
  2
Hidden
 70
     6
 71
     1
 72
     2
 73
     2
 90
        0
 40
0.6
 41
30.0
 62
     5
 63
     7
421
 16777215
 74
     2
 91
        2
 64
     7
 65
   257
 75
     2
175
     1
 42
40.0
 92
        0
 66
   257
 43
1.0
 76
     1
 77
     6
 78
     2
 67
     7
 79
     3
170
     0
171
     0
290
     0
174
     0
 93
        1
 44
0.0
173
     0
291
     0
 45
0.0
  0
VISUALSTYLE
  5
1E4
102
{ACAD_REACTORS
330
EF
102
}
102
{ACAD_XDICTIONARY
360
1082
102
}
330
EF
100
AcDbVisualStyle
  2
JitterOff
 70
    20
 71
     2
 72
     2
 73
     0
 90
        0
 40
0.6
 41
30.0
 62
     5
 63
     7
421
 16777215
 74
     1
 91
        4
 64
     7
 65
   257
 75
     1
175
     1
 42
1.0
 92
       10
 66
     7
 43
1.0
 76
     1
 77
     6
 78
     2
 67
     7
 79
     5
170
     0
171
     0
290
     0
174
     0
 93
        1
 44
0.0
173
     0
291
     1
 45
0.0
  0
VISUALSTYLE
  5
FD
102
{ACAD_REACTORS
330
EF
102
}
102
{ACAD_XDICTIONARY
360
1084
102
}
330
EF
100
AcDbVisualStyle
  2
Linepattern
 70
    14
 71
     2
 72
     2
 73
     1
 90
        0
 40
0.6
 41
30.0
 62
     5
 63
     7
421
 16777215
 74
     1
 91
        4
 64
     7
 65
   257
 75
     7
175
     7
 42
1.0
 92
        8
 66
     7
 43
1.0
 76
     1
 77
     6
 78
     2
 67
     7
 79
     5
170
     0
171
     0
290
     0
174
     0
 93
        1
 44
0.0
173
     0
291
     1
 45
0.0
  0
VISUALSTYLE
  5
1E5
102
{ACAD_REACTORS
330
EF
102
}
102
{ACAD_XDICTIONARY
360
1086
102
}
330
EF
100
AcDbVisualStyle
  2
OverhangOff
 70
    21
 71
     2
 72
     2
 73
     0
 90
        0
 40
0.6
 41
30.0
 62
     5
 63
     7
421
 16777215
 74
     1
 91
        4
 64
     7
 65
   257
 75
     1
175
     1
 42
1.0
 92
        9
 66
     7
 43
1.0
 76
     1
 77
     6
 78
     2
 67
     7
 79
     5
170
     0
171
     0
290
     0
174
     0
 93
        1
 44
0.0
173
     0
291
     1
 45
0.0
  0
VISUALSTYLE
  5
F9
102
{ACAD_REACTORS
330
EF
102
}
102
{ACAD_XDICTIONARY
360
1088
102
}
330
EF
100
AcDbVisualStyle
  2
Realistic
 70
     8
 71
     2
 72
     3
 73
     0
 90
        2
 40
0.6
 41
30.0
 62
     5
 63
     7
421
 16777215
 74
     0
 91
        0
 64
     7
 65
   257
 75
     1
175
     1
 42
1.0
 92
        8
 66
   257
 43
1.0
 76
     1
 77
     6
 78
     2
 67
     7
 79
     3
170
     0
171
     0
290
     0
174
     0
 93
       13
 44
0.0
173
     0
291
     0
 45
0.0
  0
VISUALSTYLE
  5
1F3
102
{ACAD_REACTORS
330
EF
102
}
102
{ACAD_XDICTIONARY
360
108A
102
}
330
EF
100
AcDbVisualStyle
  2
Shaded
 70
    27
 71
     2
 72
     2
 73
     1
 90
        2
 40
0.6
 41
30.0
 62
     5
 63
     7
421
 16777215
 74
     0
 91
        4
 64
     7
 65
   257
 75
     1
175
     1
 42
1.0
 92
        8
 66
   257
 43
1.0
 76
     1
 77
     6
 78
     2
 67
     8
425
  7895160
 79
     3
170
     0
171
     0
290
     0
174
     0
 93
        5
 44
0.0
173
     0
291
     0
 45
0.0
  0
VISUALSTYLE
  5
1F2
102
{ACAD_REACTORS
330
EF
102
}
102
{ACAD_XDICTIONARY
360
108C
102
}
330
EF
100
AcDbVisualStyle
  2
Shaded with edges
 70
    26
 71
     2
 72
     2
 73
     1
 90
        2
 40
0.6
 41
30.0
 62
     5
 63
     7
421
 16777215
 74
     1
 91
       10
 64
     7
 65
   257
 75
     2
175
     1
 42
1.0
 92
        8
 66
   257
 43
1.0
 76
     1
 77
     6
 78
     2
 67
     7
 79
     3
170
     0
171
     0
290
     0
174
     0
 93
        5
 44
0.0
173
     0
291
     0
 45
0.0
  0
VISUALSTYLE
  5
1EF
102
{ACAD_REACTORS
330
EF
102
}
102
{ACAD_XDICTIONARY
360
108E
102
}
330
EF
100
AcDbVisualStyle
  2
Shades of Gray
 70
    23
 71
     2
 72
     2
 73
     3
 90
        0
 40
0.6
 41
30.0
 62
     5
 63
     7
421
 16777215
 74
     2
 91
        2
 64
     7
 65
     7
 75
     1
175
     1
 42
40.0
 92
        8
 66
     7
 43
1.0
 76
     1
 77
     6
 78
     2
 67
     7
 79
     3
170
     0
171
     0
290
     0
174
     0
 93
        1
 44
0.0
173
     0
291
     0
 45
0.0
  0
VISUALSTYLE
  5
1F0
102
{ACAD_REACTORS
330
EF
102
}
102
{ACAD_XDICTIONARY
360
1090
102
}
330
EF
100
AcDbVisualStyle
  2
Sketchy
 70
    24
 71
     1
 72
     2
 73
     2
 90
        0
 40
0.6
 41
30.0
 62
     5
 63
     7
421
 16777215
 74
     2
 91
        2
 64
     7
 65
     7
 75
     1
175
     1
 42
40.0
 92
       11
 66
     7
 43
1.0
 76
     1
 77
     6
 78
     2
 67
     7
 79
     6
170
     0
171
     0
290
     0
174
     0
 93
        1
 44
0.0
173
     0
291
     0
 45
0.0
  0
VISUALSTYLE
  5
FC
102
{ACAD_REACTORS
330
EF
102
}
102
{ACAD_XDICTIONARY
360
1092
102
}
330
EF
100
AcDbVisualStyle
  2
Thicken
 70
    13
 71
     2
 72
     2
 73
     1
 90
        0
 40
0.6
 41
30.0
 62
     5
 63
     7
421
 16777215
 74
     1
 91
        4
 64
     7
 65
   257
 75
     1
175
     1
 42
1.0
 92
       12
 66
     7
 43
1.0
 76
     1
 77
     6
 78
     2
 67
     7
 79
     5
170
     0
171
     0
290
     0
174
     0
 93
        1
 44
0.0
173
     0
291
     1
 45
0.0
  0
VISUALSTYLE
  5
F6
102
{ACAD_REACTORS
330
EF
102
}
102
{ACAD_XDICTIONARY
360
1094
102
}
330
EF
100
AcDbVisualStyle
  2
Wireframe
 70
     5
 71
     0
 72
     2
 73
     0
 90
        0
 40
0.6
 41
30.0
 62
     5
 63
     7
421
 16777215
 74
     1
 91
        4
 64
     7
 65
   257
 75
     1
175
     1
 42
1.0
 92
        0
 66
   257
 43
1.0
 76
     1
 77
     6
 78
     2
 67
     7
 79
     3
170
     0
171
     0
290
     0
174
     0
 93
        1
 44
0.0
173
     0
291
     0
 45
0.0
  0
VISUALSTYLE
  5
1F1
102
{ACAD_REACTORS
330
EF
102
}
102
{ACAD_XDICTIONARY
360
1096
102
}
330
EF
100
AcDbVisualStyle
  2
X-Ray
 70
    25
 71
     2
 72
     2
 73
     1
 90
        1
 40
0.5
 41
30.0
 62
     5
 63
     7
421
 16777215
 74
     1
 91
        0
 64
     7
 65
   257
 75
     1
175
     1
 42
1.0
 92
        8
 66
     7
 43
1.0
 76
     1
 77
     6
 78
     2
 67
     7
 79
     3
170
     0
171
     0
290
     0
174
     0
 93
       13
 44
0.0
173
     0
291
     0
 45
0.0
  0
DICTIONARYVAR
  5
146
102
{ACAD_REACTORS
330
5E
102
}
330
5E
100
DictionaryVariables
280
     0
  1
1:1
  0
DICTIONARYVAR
  5
145
102
{ACAD_REACTORS
330
5E
102
}
330
5E
100
DictionaryVariables
280
     0
  1
Standard
  0
DICTIONARYVAR
  5
84
102
{ACAD_REACTORS
330
5E
102
}
330
5E
100
DictionaryVariables
280
     0
  1
Standard
  0
DICTIONARYVAR
  5
227
102
{ACAD_REACTORS
330
5E
102
}
330
5E
100
DictionaryVariables
280
     0
  1
Metric50
  0
DICTIONARYVAR
  5
228
102
{ACAD_REACTORS
330
5E
102
}
330
5E
100
DictionaryVariables
280
     0
  1
Metric50
  0
DICTIONARYVAR
  5
5F
102
{ACAD_REACTORS
330
5E
102
}
330
5E
100
DictionaryVariables
280
     0
  1
2
  0
DICTIONARYVAR
  5
63
102
{ACAD_REACTORS
330
5E
102
}
330
5E
100
DictionaryVariables
280
     0
  1
1
  0
DICTIONARYVAR
  5
1AE
102
{ACAD_REACTORS
330
5E
102
}
330
5E
100
DictionaryVariables
280
     0
  1
0
  0
DICTIONARYVAR
  5
1AF
102
{ACAD_REACTORS
330
5E
102
}
330
5E
100
DictionaryVariables
280
     0
  1
0
  0
DICTIONARYVAR
  5
259
102
{ACAD_REACTORS
330
5E
102
}
330
5E
100
DictionaryVariables
280
     0
  1
0
  0
DICTIONARY
  5
E30
330
21C
100
AcDbDictionary
280
     1
281
     1
  3
ACAD_XREC_ROUNDTRIP
360
1062
  0
DICTIONARY
  5
205
330
22
100
AcDbDictionary
280
     1
281
     1
  0
DICTIONARY
  5
1F9
330
ED
100
AcDbDictionary
280
     1
281
     1
  3
FBXASSET
360
1FA
  0
DICTIONARY
  5
1F7
330
EC
100
AcDbDictionary
280
     1
281
     1
  3
FBXASSET
360
1F8
  0
DICTIONARY
  5
173
330
EE
100
AcDbDictionary
280
     1
281
     1
  3
FBXASSET
360
1FB
  0
DICTIONARY
  5
1063
330
12E
100
AcDbDictionary
280
     1
281
     1
  3
ACAD_XREC_ROUNDTRIP
360
1064
  0
DICTIONARY
  5
E32
330
21A
100
AcDbDictionary
280
     1
281
     1
  3
ACAD_XREC_ROUNDTRIP
360
1065
  0
DICTIONARY
  5
1066
330
7F
100
AcDbDictionary
280
     1
281
     1
  3
ACAD_ROUNDTRIP_2008_TABLESTYLE_CELLSTYLEMAP
360
1067
  0
DICTIONARY
  5
1068
330
F5
100
AcDbDictionary
280
     1
281
     1
  3
ACAD_XREC_ROUNDTRIP
360
1069
  0
DICTIONARY
  5
106A
330
F4
100
AcDbDictionary
280
     1
281
     1
  3
ACAD_XREC_ROUNDTRIP
360
106B
  0
DICTIONARY
  5
106C
330
FB
100
AcDbDictionary
280
     1
281
     1
  3
ACAD_XREC_ROUNDTRIP
360
106D
  0
DICTIONARY
  5
106E
330
FF
100
AcDbDictionary
280
     1
281
     1
  3
ACAD_XREC_ROUNDTRIP
360
106F
  0
DICTIONARY
  5
1070
330
F8
100
AcDbDictionary
280
     1
281
     1
  3
ACAD_XREC_ROUNDTRIP
360
1071
  0
DICTIONARY
  5
1072
330
FA
100
AcDbDictionary
280
     1
281
     1
  3
ACAD_XREC_ROUNDTRIP
360
1073
  0
DICTIONARY
  5
1074
330
1E6
100
AcDbDictionary
280
     1
281
     1
  3
ACAD_XREC_ROUNDTRIP
360
1075
  0
DICTIONARY
  5
1076
330
FE
100
AcDbDictionary
280
     1
281
     1
  3
ACAD_XREC_ROUNDTRIP
360
1077
  0
DICTIONARY
  5
1078
330
F0
100
AcDbDictionary
280
     1
281
     1
  3
ACAD_XREC_ROUNDTRIP
360
1079
  0
DICTIONARY
  5
107A
330
F1
100
AcDbDictionary
280
     1
281
     1
  3
ACAD_XREC_ROUNDTRIP
360
107B
  0
DICTIONARY
  5
107C
330
F2
100
AcDbDictionary
280
     1
281
     1
  3
ACAD_XREC_ROUNDTRIP
360
107D
  0
DICTIONARY
  5
107E
330
F3
100
AcDbDictionary
280
     1
281
     1
  3
ACAD_XREC_ROUNDTRIP
360
107F
  0
DICTIONARY
  5
1080
330
F7
100
AcDbDictionary
280
     1
281
     1
  3
ACAD_XREC_ROUNDTRIP
360
1081
  0
DICTIONARY
  5
1082
330
1E4
100
AcDbDictionary
280
     1
281
     1
  3
ACAD_XREC_ROUNDTRIP
360
1083
  0
DICTIONARY
  5
1084
330
FD
100
AcDbDictionary
280
     1
281
     1
  3
ACAD_XREC_ROUNDTRIP
360
1085
  0
DICTIONARY
  5
1086
330
1E5
100
AcDbDictionary
280
     1
281
     1
  3
ACAD_XREC_ROUNDTRIP
360
1087
  0
DICTIONARY
  5
1088
330
F9
100
AcDbDictionary
280
     1
281
     1
  3
ACAD_XREC_ROUNDTRIP
360
1089
  0
DICTIONARY
  5
108A
330
1F3
100
AcDbDictionary
280
     1
281
     1
  3
ACAD_XREC_ROUNDTRIP
360
108B
  0
DICTIONARY
  5
108C
330
1F2
100
AcDbDictionary
280
     1
281
     1
  3
ACAD_XREC_ROUNDTRIP
360
108D
  0
DICTIONARY
  5
108E
330
1EF
100
AcDbDictionary
280
     1
281
     1
  3
ACAD_XREC_ROUNDTRIP
360
108F
  0
DICTIONARY
  5
1090
330
1F0
100
AcDbDictionary
280
     1
281
     1
  3
ACAD_XREC_ROUNDTRIP
360
1091
  0
DICTIONARY
  5
1092
330
FC
100
AcDbDictionary
280
     1
281
     1
  3
ACAD_XREC_ROUNDTRIP
360
1093
  0
DICTIONARY
  5
1094
330
F6
100
AcDbDictionary
280
     1
281
     1
  3
ACAD_XREC_ROUNDTRIP
360
1095
  0
DICTIONARY
  5
1096
330
1F1
100
AcDbDictionary
280
     1
281
     1
  3
ACAD_XREC_ROUNDTRIP
360
1097
  0
XRECORD
  5
1062
102
{ACAD_REACTORS
330
E30
102
}
330
E30
100
AcDbXrecord
280
     1
102
DISPLAYNAME
  1
Metric50
102
FLAGS
 90
        0
  0
XRECORD
  5
1FA
102
{ACAD_REACTORS
330
1F9
102
}
330
1F9
100
AcDbXrecord
280
     1
 70
     1
 90
429727718
  1
D62C5603-E3A1-4AEA-B7FB-FE5D8D0755AF
310
504B03040A0000080000CC70623B3DEE336E79000000790000001B0000006175746F6465736B2D64657369676E2D7061636B6167652E786D6C3C3F786D6C2076657273696F6E3D22312E302220656E636F64696E673D227574662D3822203F3E3C666F726D6174733E3C666F726D61743E687474703A2F2F736368656D612E
310
6175746F6465736B2E636F6D2F64657369676E2D7061636B6167652F323030393C2F666F726D61743E3C2F666F726D6174733E504B0304140006080800CC70623BD486FD9CA0000000F4000000130000005B436F6E74656E745F54797065735D2E786D6C7D8EC10E82300C865F65E91D8A1E8C310C0EEA1BF002731658846E
310
D98AC1B77784ABF1D8FE5FBFBF75BBCE937A534CCEB38643598122B6FEE978D0B0485F9C41B54DDD7D022595594E1A469170414C76A4D9A4D207E29CF43ECE46F218070CC6BECC4078ACAA135ACF422C856C0E68EA1BF5669944DDD7BCDE7B1F8E415D77AECB980613C2E4AC91FC167A2B244592486606FC29C8FD7F045B9A
310
EF7053A7E60B504B0304140006080800CC70623B853B8169EB0000007C01000008000000636F72652E786D6C8D90416EC3201045AF62CDB6C206821CC7C244919D9CA01740401C94182C03558F5F9C3852BBEB6A467FFE9B197D7EFC9E1EC5975982F5AE035262288C535E5B377690E21535501C055FBC8FBF6C503839990E
310
5619041F179FE64D52DE45E362569DD7661365082642A11EB9E920A89B99642953CC8E702F67A9EE7234257977194EC9EAE275C4EABCCF5EAD5940D4AC6F0E35A568B8F43562CD7046CD199FD07E60174276A7BE677B5EADB0E0D14EEFFB6A31321A0D82627C4084204C3F096B71DD52F6819B16635EADF63F509AF53FA164
310
5DDCD1EDDD17164090FCC8732078B56691CB33A85CD7DCC40F504B0304140006080800CC70623B55019EA25F0000007C00000007000000636E782E786D6C4DCB3B0E80201045D1AD90E915ED2CF8AC45050C11660C8261F98AB1B07AC9C97D42D718D865D3E909258CFD00CCE24AC6E326A164D74DC0B4128928FF32603847
310
2BA13128B1252AC747C6BAB984FC68F0B87FE8960A5C09FE86CFB69FBA01504B0304140006080800CC70623BDBABAAF470010000D40300000C0000006662782F636F72652E786D6CC553D16E823014FD95A6AF4B694182CC941A83FA05FB810A9511A125A5257EFE2E82712ECEB8A7F100CD39F7F69E734AF9FADC366850B6
310
AF8DCE7018308C942E4C59EB2AC3DE1D498AD15A706B8CFB56869196ADCAF00863C12B6B7C374385D14E6907A836A59A41D9F7CA615434B0C8705F7CAA5606D23BA8E84F41278B93AC54100640439DE0BDB320004D43C63716C7C399D30917DCFBBA9CD9BA8469F5B156168B24CED3F7248AC8769F27244EB73B92EED8862C
310
B7F13E0C179B3C8F979C8ECD82BBBABDAA2BAC924E9558448CBD9330242CFA08E3154B5651FCC6D215639C8EE5774DBE2B5F6CF2B5768B68963BB5F5588420E442FC700B1139D4CB01F450C1E918227C2E09DF070D8140C84E1E9AAB8F1340832A9CB13130A5F1376A908D57309505ECF2A0DF179C4E9D30F5B239B87E3823
310
7A79C6F31DE1A8A5AEC08474B03C7837EAE4938639B44E5932B833D2C6B6B279CDC613877FA26EE21F4A2A4C63EC7F29A2F301D1F9F7A0E37D145F504B0304140006080800CC70623B9C113CC27E0000009D0000000B0000006662782F636E782E786D6C4DCCDF0A83201C86E15B91DFB94BFB330DD428C8FB886521330DA7
310
6397BF1A1DECE883878F57749FCDA1B7892F1BBC047A23808C7F84D9FA55424E0BE6803A256208E9EF06C84F9B91703228B1C690F78B66B34CD9A5439DF5CF0BFBF65E35BCA1B8D6A5C6F540381E886698B5741C695F9503EBA150A2F8958E3DC3EA0B504B0304140006080800CC70623B7DF2F77C2A010000120200003100
310
00006662782F41393633353835312D344632462D344230382D423046372D3739314545314133324237412F636F72652E786D6C8D51DB8EC22014FC15C2939B0D2DB4B45643319AE817EC0F6041255A68B86CFCFC856D4D76DF7CE190393373060EDB3DC707F856CE6B6B7A480A0C81328395DA5C7B18C3057510EC3873D686
310
3F34088C18550F330C39BB3A1BA7051AAC09CA84841A2BD5020AEF55806078A44B0FFD7053A328440C89E1EFC52486BBB8AA8214A99D789CF9E05200300FC927E4FB4D5B375D43103D5527440FB843077C5AA3F5861C8F645F5787F59E95B390B318B55CE45AA638FAA2957BD7248B390B7A7CC51F9C124149C82B8C378810
310
84AB2F42B7B8DD56F413775B8C5999E9FF4471926F8AA236A1AE96B8B3CC434E5839373893369E1FAF30EA395917409EB7F26AF8801C171837A4A6AC9C89E9F9C9B1A58BA30FD6A5EF5DDDCF894B9AD9B6A59C957943A9FCAE2FD5BC4DFE03504B0304140006080800CC70623BAD7543B64E01000033030000300000006662
310
782F41393633353835312D344632462D344230382D423046372D3739314545314133324237412F636E782E786D6CD593CD6EC32010845F0571AD6CE3D48AD20813A9873E410FBD12D82434182C7EAAE6EDBB2424CD25871E7B41D6EC30B3FA84F9E67BB2E40B4234DE8DB46F1925E094D7C6ED479AD3AE5951B2113C789FEE
310
6C943839C1488B4C05DF079FE72A69D8C96C13AAD6B8631503449F83828872B949AC57D26200B826A308D316B4064D6E46FCDA41C05550DC9E483A00797BFD207EFB092A45DE9514C1BBD22178396BD39D891265658C238DEA00936C654E5E433CB65A26D9F6EDB5EBC14EBF49A45CB856E66048291F6939A9A81BB5C89177
310
38143CA680F4AA299D66A042CEB3354A2684DC9D8D178FE0D9B8B41CAAD720F880EE7EF93C0C18769E099ECC04D5A102C8049A8A05632F4DDF376CF1DE0F6BB65C2F8627B65A33C6BB62177CEBBDAD973006829F89F22E814B54F4BC2BE347F8AA8F681390B50FA73F804400B5F542E796F19FF974E7F78DB802FE05E20750
310
4B0304140006080800CC70623BE75B7789680500003C100000340000006662782F41393633353835312D344632462D344230382D423046372D3739314545314133324237412F6F626A656374732E786D6CAD575B8F9B3818FD2B887D06C22499CB8AA1CA655245D5B455A356FB305264C061D8018C6C3393D95FBFC7600890
310
A4CD5EF210B0B1BFEBF98E3F7B1FF6596ABC522E1296DF9BAE3D320D9A872C4AF2F8DE2CE5CEBA358D0FBEC719939D65A691938CDE9B6ADAF4BD98B3B2D05311DD91329583D9D5FC0F438434A7A611A644887B5384CF34233629258BA878B12322891DEFF6B66BD70BFB62634E8AE781D082709A4B588AF91C528CDA28B73F
310
1C998EEF39EABBEFA97FBD6A7C7E9553F9D3D79FE442923C3C523610337627CB87ABE99D359D4CC6D6E4FACAB5E6ABF9D2726FC6A3C5F56271377BB88362213924694B38DD99FE47C48627A1E7D49F5A8BB5E1A74C0A599ED3B0F21F1E56366B89112D681E218F0915D0D6F17AD41FBA2A369DCF6335D62ABBD39779D5DDD1
310
11D4D8DE3CBB96B2E04FB8202E41051754A1AA8E8F76B4C6DFE810B580B1547F4B84911149794252234D024EF8BBE963A95AE27B3D310A9D5C215C7960FAEE415ED75694C6AFB17BCACA5D99A60A9AA65F217B0BFC53292ACB92BF283FAD0D3621576592CB5BED907C2FA8E9DF794E35E97BEA31BED21FEB401ABB94C44839
310
DCACBF0E1C5DA8DA5B2F4DFFD32AD86F543D9E565E7056502E157C00AD2671CD534549AB752FCA9CDA00677A313F04E51B22FF19E57B300579E3C97EB29F682D92935CEC18CF901B7B54FD8C51F362B56FC72FE0B3C1EAE335EDCCBF5AEC39ADB17DC238973F804BA5E6F6BFE7AF1FB32E523BE9F3BD571418E3631DCA4D48
310
5250CF639223210A9446CA30052EDF057BD35F8329C1ECD84552BF0DC8D18BE7BCE23BFE6BD960AB4A7DE79923A103BEBD80F911CBAA2C60DB19B01CF164A5583B772EE6D3FFA56666CBCDA74DC97724A48F9A58967497E489C4D979006FD7A05E227A1EBDD0F737C623387A9C844D3709995625106D157315F8B8392CD4E0
310
A0B9A720C4BE9829CEF37EA1E13111214D53925356365ADA634861B52519DD27A00AEB808EAF0628E6F435519D446F45CF2C9CF5214F0A15B2F6D06B79DA3EE3CBF7F56780D2F4E7EF73A0F5E5B02A38D07DC852C6B7C1FBB6664213E0C39E3EBA7FF4E1AD23EA2829407C85E586727488B751B2DB9502BC7B228A3FD68B6E
310
A65A22397E690AA8D158D7E404EC8CDA235CC3B7D1898680131CEC2CDF2638C65196279577750F15884AEE19F94199155B92B13297978469D4F8D358DF0AEF7631E28DC8F0D9F437D5D39A83B2231A1D52D543813A824EF8D44BCFF2FA6A31BD1E8DAD87F1CCB526B3879935BF59CDADD5C37479BB1CDD4CA7B3556B516589
310
EF352754B706114D9C885EC9131DE6EFEB43D99AFE2391C2F958179413D7CFEF6B1B6DB1E7600F00DE6E5C67454A339A4BA2E0FBA85ED26F045D454F463DBFCE484C2F90F2E5E3666003662ED8F755951A7D1BECD5B30B550B2785C8E7320B7292A4838DDA71BBC863ED7613CAF659337A3354231D4FF4A182A54904C2898C
310
98B28C4AD0CE056CCF332A80986E571EE9DBC305BB5FEB7E509220A58D25CF042D712A806AC0AD0C657FDEF80D2D9CEAA2EE4D1C76F60BFE74219A06527D6F82DF6412526107381E55E353090704D085B52408A8913C4ED159D79BDA71BB4BC506F4831350EB6F975CD22D69BF7AC49B91A2C0A9DDA3D5CA36AD20FC478E37
310
E61844E2352865EBCB61A275A65283CAAA9DD27703B4102F5AF51EF5F573B75CBB5AD38BC845F7A49F82A0966A49C2E3EA5EA0ECD326CD965F1DB402C6FA8B51A4658C5C5E2EC9E214602E55810345408596591009A82E7E7FFACA19EEA299B14A0081A705CB3296EBC14CDF658DCD336EA6D1136881AAEB87B81AB9EE53D5
310
F5EB8BC8362082DA24122F98680A4E7930C01A0079749CEA14382A0783E5EBA5A10F8C098456A03D6A4AEB6BB881E2513747552A5DB22C7EDAF83BD5528081A365F7FF06504B0304140006080000CC70623B000000000000000000000000350000006662782F41393633353835312D344632462D344230382D423046372D37
310
39314545314133324237412F76657274696365732E62696E504B0304140006080800CC70623BF270F1330600000004000000360000006662782F41393633353835312D344632462D344230382D423046372D3739314545314133324237412F747269616E676C65732E62696E636660600000504B0304140006080000CC7062
310
3B000000000000000000000000370000006662782F41393633353835312D344632462D344230382D423046372D3739314545314133324237412F617474726962757465732E62696E504B0304140006080800CC70623B08DA0BD19000000041010000360000006662782F41393633353835312D344632462D344230382D4230
310
46372D3739314545314133324237412F6469726563746F72792E786D6C858F410AC3201045AF22B36F53E9A60B35CBEEBAE80D244E44489C6234F4F835464A48035D0DF398FF9F8AF63D0E6CC63039F212F8F9020C7D47C6792B21C5FE7403D62A1188E2E60C98D7234A5830286103A55745067B9D86B8A3CF9C7F90C11DE6
310
07FB144396D7B6A82D282E9A152AD114D5EF2CB866EEE831B8EEA07A7BB5A8D7D61A2BAAEB7FD5F70921FF497D00504B0304140006080800CC70623BEDD1DC58FD000000A00100003B0000006662782F41393633353835312D344632462D344230382D423046372D3739314545314133324237412F7265736F75726365732F
310
636F72652E786D6C8D504B6E833010BD0A9A6D65B00922041947112427E8052C33A156828DFCA97AFC9A40A576D7CDCCE87D344F8F9FBFE667F689CE6B6B3A6039850C8DB2A336530731DC4903D95970676DF82583CCC8193B5861107C72362E3BA4AC096842428D1D7107A5F7182053CF7474E0D507CE32973124857FE48B
310
540F3961CEF244279DE03EB81420DB9EAC1384436FA353E879B1B182C7A8C75DA3C7F453DF353A1075D537A7BA6464B8F535A99AE14A9A2BBD90E350DD183B5CFABE3AF262350B1EF4FC9351399401471025A527C218A1E53BAB5A5AB765F5469B96525EACF23FA6B88CFF34456DC2A1DCE36E360F82A5202F42F062ED2BAD
310
579969AFDD8A6F504B010214000A0000080000CC70623B3DEE336E79000000790000001B00000000000000000000000000000000006175746F6465736B2D64657369676E2D7061636B6167652E786D6C504B01021400140006080800CC70623BD486FD9CA0000000F40000001300000000000000000000000000B20000005B
310
436F6E74656E745F54797065735D2E786D6C504B01021400140006080800CC70623B853B8169EB0000007C010000080000000000000000000000000083010000636F72652E786D6C504B01021400140006080800CC70623B55019EA25F0000007C000000070000000000000000000000000094020000636E782E786D6C504B
310
01021400140006080800CC70623BDBABAAF470010000D40300000C00000000000000000000000000180300006662782F636F72652E786D6C504B01021400140006080800CC70623B9C113CC27E0000009D0000000B00000000000000000000000000B20400006662782F636E782E786D6C504B01021400140006080800CC70
310
623B7DF2F77C2A010000120200003100000000000000000000000000590500006662782F41393633353835312D344632462D344230382D423046372D3739314545314133324237412F636F72652E786D6C504B01021400140006080800CC70623BAD7543B64E010000330300003000000000000000000000000000D2060000
310
6662782F41393633353835312D344632462D344230382D423046372D3739314545314133324237412F636E782E786D6C504B01021400140006080800CC70623BE75B7789680500003C10000034000000000000000000000000006E0800006662782F41393633353835312D344632462D344230382D423046372D3739314545
310
314133324237412F6F626A656374732E786D6C504B01021400140006080000CC70623B0000000000000000000000003500000000000000000000000000280E00006662782F41393633353835312D344632462D344230382D423046372D3739314545314133324237412F76657274696365732E62696E504B01021400140006
310
080800CC70623BF270F133060000000400000036000000000000000000000000007B0E00006662782F41393633353835312D344632462D344230382D423046372D3739314545314133324237412F747269616E676C65732E62696E504B01021400140006080000CC70623B0000000000000000000000003700000000000000
310
000000000000D50E00006662782F41393633353835312D344632462D344230382D423046372D3739314545314133324237412F617474726962757465732E62696E504B01021400140006080800CC70623B08DA0BD1900000004101000036000000000000000000000000002A0F00006662782F41393633353835312D344632
310
462D344230382D423046372D3739314545314133324237412F6469726563746F72792E786D6C504B01021400140006080800CC70623BEDD1DC58FD000000A00100003B000000000000000000000000000E1000006662782F41393633353835312D344632462D344230382D423046372D3739314545314133324237412F7265
310
736F75726365732F636F72652E786D6C504B0506000000000E000E0080040000641100000000
  0
XRECORD
  5
1F8
102
{ACAD_REACTORS
330
1F7
102
}
330
1F7
100
AcDbXrecord
280
     1
 70
     1
 90
429727718
  1
30362254-06B7-45E0-A893-8CFA70E3D6BC
310
504B03040A0000080000CC70623B3DEE336E79000000790000001B0000006175746F6465736B2D64657369676E2D7061636B6167652E786D6C3C3F786D6C2076657273696F6E3D22312E302220656E636F64696E673D227574662D3822203F3E3C666F726D6174733E3C666F726D61743E687474703A2F2F736368656D612E
310
6175746F6465736B2E636F6D2F64657369676E2D7061636B6167652F323030393C2F666F726D61743E3C2F666F726D6174733E504B0304140006080800CC70623BD486FD9CA0000000F4000000130000005B436F6E74656E745F54797065735D2E786D6C7D8EC10E82300C865F65E91D8A1E8C310C0EEA1BF002731658846E
310
D98AC1B77784ABF1D8FE5FBFBF75BBCE937A534CCEB38643598122B6FEE978D0B0485F9C41B54DDD7D022595594E1A469170414C76A4D9A4D207E29CF43ECE46F218070CC6BECC4078ACAA135ACF422C856C0E68EA1BF5669944DDD7BCDE7B1F8E415D77AECB980613C2E4AC91FC167A2B244592486606FC29C8FD7F045B9A
310
EF7053A7E60B504B0304140006080800CC70623B1EC5D7A3EB0000007C01000008000000636F72652E786D6C8D90416EC3201045AF82665B6103C6756C6122AB4D4ED00B204C5C94182C03558F5F9C3852BBEB6A467FFE9B197D71FC9E6FE8CBACC17AD7032D0820E3B41FAD9B7A48F1820F808E52ACDEC75F36404ECDA687
310
4D0629A6D5A76597B477D1B89855E747B38B2A041301E95B6E7A08FAD3CCAA50296647B8168BD2573599823EBB0CA76447F43862C7BCCF5EAC59410E4DDD9C7973C2755553CCCFA4C603E3040F1565ED3B1FDE4E432BCA0D9622DAF9795FAF464533826484B498524CD807E51D79ED187F21878E10516EF63F505AC67F42C9
310
BA58B1FDDD071640D2FCC87D2045B96591CB3DA85CB7DCE40F504B0304140006080800CC70623B55019EA25F0000007C00000007000000636E782E786D6C4DCB3B0E80201045D1AD90E915ED2CF8AC45050C11660C8261F98AB1B07AC9C97D42D718D865D3E909258CFD00CCE24AC6E326A164D74DC0B4128928FF32603847
310
2BA13128B1252AC747C6BAB984FC68F0B87FE8960A5C09FE86CFB69FBA01504B0304140006080800CC70623B8C9102E971010000D40300000C0000006662782F636F72652E786D6CC5535B6E833010BC8AE5DF0A6C08340F1947A84D4ED00B38C6A128602363A31CBFCB234A53A551FA553EC09AD9F5CE8C31DB9E9B1AF5CA
310
7695D1198E428A91D2D214952E33ECDD315861B4E5CC1AE3BE9561A445A3323CC098B3D21ADFCE9034DA29ED00D5A6503328BA4E398C640D8B0C77F253352214DE4145770A5B214FA2546114020D759C75CE8200340D19DE981F0F6746269C33EFAB6266AB02A655C74A59CCF365BADC27CB5D902ED22848F6340DF238A141
310
BE88E2F57B92BFEDF23523433367AE6A2EEAA455C2A902F398D2751045018D3FA264435F3771F242571B4A1919CA6F9A7C5B3CD9E42BED16F12C776AEB308F40C848FC700B1139D4891EF410CEC810227CC6846F8386402064270EF5C5C709A05E49676C024C61FC95EA45ED154CA5211D1FF4FB8291A913A68E9B83EBBB33
310
E2A7673CDE118E5AE8124C0807CB8377834E366998436B950D7A7746DAD846D4CFD978E0F04FD455FC5D49D2D4C6FE9722321F10997F0F32DC47FE05504B0304140006080800CC70623BFFEA85907E0000009D0000000B0000006662782F636E782E786D6C4DCCD10A83201886E15B91FFDC95D95A811AB6F23E625948A6C3
310
E9D8E5AF46073BFAE0E1E365ED67B3E8ADC3CB78C7815C7240DA3DFC64DCC221C519D7805AC182F7F1EF06C88D9BE6703008B6049F9E274D7A1E938DBB5AE3D6131B2589BA0D3D965551E0B2EA732C9B9A624AAEB41E3A557677029960D9AFB4EF11165F504B0304140006080800CC70623B4FEEA4082C0100001202000031
310
0000006662782F39464131463745442D413632322D343644302D413938332D3331353338454246344243312F636F72652E786D6C8D515B6EC32010BC0AE2AB55850DD871ED0813254D72825EC00192A2C460F1A872FC42ED48ED5F7E00CDCECCCEB26C731F6FE05B39AFADE921293004CA082BB5B9F43086336A21D870E6AC
310
0D7F68109861543DCC30E4ECE26C9C164858139409093556AA051CBC570102714B8F1E7AF1A5C6A11862480C7F2DA6415C878B2A4891CA89C7990F2E050073937C42DE1DB7E4F87ED8A36D4329AA9B3D46DBAEAD504556557BD81DEBDD0761E52CE42C462D17B996298E3E6BE59E35C962CE821E1FF18553435012728A7187
310
0841987E927A8D9B35ADDF70BBC6989599FE4F1427F9A4286A132ABAC49D651EF234CD5CE04CDA78BA3DC2A8FB645D00B9DF8B57E215725C60BCA2A463E54C4CE327C7A65E1C7DB02E7DEFCBF594B864C5CA6CDBD49C957943E9FA5D5FBAF336F90F504B0304140006080800CC70623BAD7543B64E01000033030000300000
310
006662782F39464131463745442D413632322D343644302D413938332D3331353338454246344243312F636E782E786D6CD593CD6EC32010845F0571AD6CE3D48AD20813A9873E410FBD12D82434182C7EAAE6EDBB2424CD25871E7B41D6EC30B3FA84F9E67BB2E40B4234DE8DB46F1925E094D7C6ED479AD3AE5951B2113C
310
789FEE6C943839C1488B4C05DF079FE72A69D8C96C13AAD6B8631503449F83828872B949AC57D26200B826A308D316B4064D6E46FCDA41C05550DC9E483A00797BFD207EFB092A45DE9514C1BBD22178396BD39D891265658C238DEA00936C654E5E433CB65A26D9F6EDB5EBC14EBF49A45CB856E66048291F6939A9A81BB5
310
C8917738143CA680F4AA299D66A042CEB3354A2684DC9D8D178FE0D9B8B41CAAD720F880EE7EF93C0C18769E099ECC04D5A102C8049A8A05632F4DDF376CF1DE0F6BB65C2F8627B65A33C6BB62177CEBBDAD973006829F89F22E814B54F4BC2BE347F8AA8F681390B50FA73F804400B5F542E796F19FF974E7F78DB802FE05
310
E207504B0304140006080800CC70623B16AB87BA640500003C100000340000006662782F39464131463745442D413632322D343644302D413938332D3331353338454246344243312F6F626A656374732E786D6CAD575B6FA33818FD2B887DE6924B3BED8A326A92B68A663B534DD4D13E548A0C38942D60649B369D5FBFC7
310
600890A493BDE42160637FD7F31D7FF63E6FB3D478A55C242CBF3247B66B1A340F5994E4F19559CA8D75611A9F7D8F33263BCB4C232719BD32D5B4E97B316765A1A722BA21652A07B3B7B33F0D11D29C9A46981221AE4C113ED38CD8A4942CA2E2C58E882476BCD9DA23BB5ED8171B73523C0F841684D35CC252CCE79062D4
310
468DFA43D7747CCF51DF7D4FFDEB5593E3AB9CCA9FBEFE241792E4E19EB28198C968BAB8199F5D5A67D3E9C49A9E8F47D6EC76B6B0469F26EEFC7C3EBFBCBEB98462213924694B38DD98FE1D62C393D073EA4FADC5DAF04326852CCF6958F90F0F2B9BB5C48816348F90C7840A68EB78EDF68723159BCEE7891A6B95DDE9D3
310
BCEAEEE8086A6C6F9E5D4B59F0175C10A7A0820BAA5055C7473B5AE3CFDD452D602CD5DF12616444529E90D448938013FE6EFA58AA96F85E4F8C42275708571E98FE6827AF6B2B4AE3D7D83D64E5A64C53054DD3AF90BD06FEA9149565C94FCA0F6B834DC85599E4F2423B24DF0B6AFA979E534DFA9E7A4CC6FA631D486393
310
921829879BF5D781A373557BCB85E97FB90DB62B558F8795179C15944B051F40AB495CF35451D26A4727654E6D8033BD98EF82F21D91FF8AF2DD9982BCF1643BDD4EB516C9492E368C67C88DED563FC36D5EACF66DFF057C3658BDBFA69DF9578B3DA735B64F18C7F20770A9D45CFCF7FCF563D6456A277DBEF78A02637CA2
310
43B90A490AEAB94F72244481D24819A6C0E59B606BFA4B3025981DBB48EAB701D97BF19C577CC77F2D1B6C55A9EF3C732474C0B727303F625995056C3B02963D9EAC146BE78EC5FCEC7FA999EBC5EACBAAE41B12D27B4D2C0BBA49F244E2ECDC81B76B502F113D8F5EE8FB1BE3111CDD4FC2AA9B844CAB1288B68AB90A7CDC
310
1C166AB0D3DC5310625FCC14E779BFD0709F8890A629C9292B1B2DED31A4B0DA928CEE135085754027E3018A397D4D5427D15BD1330B677DC8934285AC3DF45A9EB68FF8F2B8FC0A509AFEECFD0FF2DE25CC6047F7214B195F07EFEB9A094D800F7BFAE8FED187B78EA8A3A400F115961BCAD1215E47C966530AF0EE8128FE
310
58CEBB996A8964FFA529A046635D9353B0336A8F700DDF46271A024E70B0B37C9DE01847591E54DED53D54202AB947E4076556AC49C6CA5C9E1226B7F1A7B1BE15DEED62C41B91E1B3E9AFAAA735036547343A925075041DF0A9979E893B391F8FCFA6967B3EFB644DCF6E5CEBFAE272625DCC6FAF3FB93793C5F90CE1EF57
310
407342756B10D1C489E8953CD1617E5CEECAD6F4EF8914CE5D5D504E5C3F1F9736DA62CFC11E00BCDDB8CC8A9466349744C1F75EBDA4DF09BA8A9E8C7A7E9991989E20E5DBDD6A6003664ED8F7A04A8DBE0DF6EAD9B9AA858342E47399053949D2C146EDB85DE4B176BB0965FBAC19BD19AA918E27FA50C1D22402E144464C
310
59462568E704B6E71915404CB72B8FF4EDE184DDAF753F284990D2C6926782963815403548A70C657FDEF80D2D9CEAA2AE4C1C76F60BFE74219A06527D6582DF6412526107381E55E353090704D085B52408D0933C4ED159D79BDA71BB4BC506F4831350EB6F979CD22D69BF7AC49B91A2C0A9DDA3D5CA36AD20FC478E37E6
310
1844E2352865EBCB6EA275A652E3836BE04EFB400BF1A2556F515F1FBB35B2AB35BD889C744FFA1004B5544B121E57F70215746DD2F5E2C1412B602CBF19455AC6C8E5E9922C4E01E65215385004546899059180EAFCF7A707CE7017CD8CDB0410789AB32C63B91E5CEBBBACB17AC6CD347A022D5075FD106377347AAABA7E
310
7D11590744509B44E205134DC1290F06580320F78E537D3D73540E06CB970B431F185308AD40BBD794D6D77003C5A36E8EAA54BA64597CD8F83BD552A080A365F7FF06504B0304140006080000CC70623B000000000000000000000000350000006662782F39464131463745442D413632322D343644302D413938332D3331
310
353338454246344243312F76657274696365732E62696E504B0304140006080800CC70623BF270F1330600000004000000360000006662782F39464131463745442D413632322D343644302D413938332D3331353338454246344243312F747269616E676C65732E62696E636660600000504B0304140006080000CC70623B
310
000000000000000000000000370000006662782F39464131463745442D413632322D343644302D413938332D3331353338454246344243312F617474726962757465732E62696E504B0304140006080800CC70623B08DA0BD19000000041010000360000006662782F39464131463745442D413632322D343644302D413938
310
332D3331353338454246344243312F6469726563746F72792E786D6C858F410AC3201045AF22B36F53E9A60B35CBEEBAE80D244E44489C6234F4F835464A48035D0DF398FF9F8AF63D0E6CC63039F212F8F9020C7D47C6792B21C5FE7403D62A1188E2E60C98D7234A5830286103A55745067B9D86B8A3CF9C7F90C11DE607
310
FB144396D7B6A82D282E9A152AD114D5EF2CB866EEE831B8EEA07A7BB5A8D7D61A2BAAEB7FD5F70921FF497D00504B0304140006080800CC70623B0D6EF93BFE000000A00100003B0000006662782F39464131463745442D413632322D343644302D413938332D3331353338454246344243312F7265736F75726365732F63
310
6F72652E786D6C8D50596E833010BD0A9ADFCA60B334011947A8694ED00B586642AC041B79A97AFC9A40A5F6AF3F33A3B7689E1E3F7DCD8FEC139DD7D6F4C0720A191A65476DA61E62B892236427C19DB5E1970C322367EC618541F0C9D9B8EC90B226A009093576C41D94DE63804C3DD2D18357379C652E63480A7FCF17A9
310
EE72C29CE5894E3AC17D702940B63D59270887DE46A7D0F36263058F518FBB468FE9A7BE6A7420864373B8D4873369AA8691FA421B3294352543C5CAF65C0F6FEF43CB8BD52C78D0F34F46E550061C419494B6843142CB0F5677F4B52BEB177AEC28E5C52AFF638ACBF84F53D42654E51E77B379102C05791282176B5F693D
310
CB4C7BED567C03504B010214000A0000080000CC70623B3DEE336E79000000790000001B00000000000000000000000000000000006175746F6465736B2D64657369676E2D7061636B6167652E786D6C504B01021400140006080800CC70623BD486FD9CA0000000F40000001300000000000000000000000000B20000005B
310
436F6E74656E745F54797065735D2E786D6C504B01021400140006080800CC70623B1EC5D7A3EB0000007C010000080000000000000000000000000083010000636F72652E786D6C504B01021400140006080800CC70623B55019EA25F0000007C000000070000000000000000000000000094020000636E782E786D6C504B
310
01021400140006080800CC70623B8C9102E971010000D40300000C00000000000000000000000000180300006662782F636F72652E786D6C504B01021400140006080800CC70623BFFEA85907E0000009D0000000B00000000000000000000000000B30400006662782F636E782E786D6C504B01021400140006080800CC70
310
623B4FEEA4082C0100001202000031000000000000000000000000005A0500006662782F39464131463745442D413632322D343644302D413938332D3331353338454246344243312F636F72652E786D6C504B01021400140006080800CC70623BAD7543B64E010000330300003000000000000000000000000000D5060000
310
6662782F39464131463745442D413632322D343644302D413938332D3331353338454246344243312F636E782E786D6C504B01021400140006080800CC70623B16AB87BA640500003C1000003400000000000000000000000000710800006662782F39464131463745442D413632322D343644302D413938332D3331353338
310
454246344243312F6F626A656374732E786D6C504B01021400140006080000CC70623B0000000000000000000000003500000000000000000000000000270E00006662782F39464131463745442D413632322D343644302D413938332D3331353338454246344243312F76657274696365732E62696E504B01021400140006
310
080800CC70623BF270F133060000000400000036000000000000000000000000007A0E00006662782F39464131463745442D413632322D343644302D413938332D3331353338454246344243312F747269616E676C65732E62696E504B01021400140006080000CC70623B0000000000000000000000003700000000000000
310
000000000000D40E00006662782F39464131463745442D413632322D343644302D413938332D3331353338454246344243312F617474726962757465732E62696E504B01021400140006080800CC70623B08DA0BD190000000410100003600000000000000000000000000290F00006662782F39464131463745442D413632
310
322D343644302D413938332D3331353338454246344243312F6469726563746F72792E786D6C504B01021400140006080800CC70623B0D6EF93BFE000000A00100003B000000000000000000000000000D1000006662782F39464131463745442D413632322D343644302D413938332D3331353338454246344243312F7265
310
736F75726365732F636F72652E786D6C504B0506000000000E000E0080040000641100000000
  0
XRECORD
  5
1FB
102
{ACAD_REACTORS
330
173
102
}
330
173
100
AcDbXrecord
280
     1
 70
     0
 90
1673772943
  1
ECE7A1D2-D628-4531-984C-D00F80459256
310
504B03040A0000080000CC70623B3DEE336E79000000790000001B0000006175746F6465736B2D64657369676E2D7061636B6167652E786D6C3C3F786D6C2076657273696F6E3D22312E302220656E636F64696E673D227574662D3822203F3E3C666F726D6174733E3C666F726D61743E687474703A2F2F736368656D612E
310
6175746F6465736B2E636F6D2F64657369676E2D7061636B6167652F323030393C2F666F726D61743E3C2F666F726D6174733E504B0304140006080800CC70623BD486FD9CA0000000F4000000130000005B436F6E74656E745F54797065735D2E786D6C7D8EC10E82300C865F65E91D8A1E8C310C0EEA1BF002731658846E
310
D98AC1B77784ABF1D8FE5FBFBF75BBCE937A534CCEB38643598122B6FEE978D0B0485F9C41B54DDD7D022595594E1A469170414C76A4D9A4D207E29CF43ECE46F218070CC6BECC4078ACAA135ACF422C856C0E68EA1BF5669944DDD7BCDE7B1F8E415D77AECB980613C2E4AC91FC167A2B244592486606FC29C8FD7F045B9A
310
EF7053A7E60B504B0304140006080800CC70623BD9DDAED0EC0000007C01000008000000636F72652E786D6C8D90416EC3201045AF82665B61836D9CD8C2444DD39CA01740405C94182C03558F5F9C3852BBEB6A467FFE9B197D7EF89E6EE8CB2CC17A37002D0820E394D7D68D03A478C17B4007C117EFE32F1B20272733C0
310
2A83E0E3E2D3BC49CABB685CCCAAF3DA6CA20CC14440EA969B0182FA34932C648AD911AEC52CD5558EA6A0CF2EC329598D1E47ACCEFBECC59A050463A7EA5833865FEBDD0E37353BE3EE8DBDE3F6786A48D375FBF6CC78B9C282473B3DEFABC5C86834888A900E538A49F5419B9EB47DD5BC907D4F082F57FB1F28CDFA9F50
310
B22ED6D5F6EE030B20687EE43E10BC5CB3C8E51E54AE6B6EE207504B0304140006080800CC70623B55019EA25F0000007C00000007000000636E782E786D6C4DCB3B0E80201045D1AD90E915ED2CF8AC45050C11660C8261F98AB1B07AC9C97D42D718D865D3E909258CFD00CCE24AC6E326A164D74DC0B4128928FF326038
310
472BA13128B1252AC747C6BAB984FC68F0B87FE8960A5C09FE86CFB69FBA01504B0304140006080800CC70623BA24EB22D72010000D40300000C0000006662782F636F72652E786D6CC5535B6E833010BC8AE5DF0A6C5E49888CA3A6694ED00B38E05014B091B1518EDFE511A5A9D228FD2A1F60CDEC7A67C6986DCE4D8D7A
310
69BA4AAB0C073EC548AA5C17952A33ECECD15B61B4E1CC686DBF9561A44423333CC098B3D268D7CE50AE9595CA02AA74216750749DB418E5352C32DCE59FB211BE70162ABA93DF8AFC244AE9073ED050C759670D0840D390E18DF9F1706664C23973AE2A66B62A605A75ACA4C13C4976E1364A12EF355A2EBD384AF65EFA96
310
BC7B8BED2EA6719AAE16FB8491A199335B351775B991C2CA02F390D2D40B028F861F41BCA68B7518BFD0D59A524686F29B26D7164F36B94AD9289CE54E6D1DE6010819891F6E21228B3AD1831EC219194284CF98F06DD01008846CC5A1BEF83801D4CBDC6A1303536877A57A513B0953A94FC707FDBE6064EA84A9E3E6E0FA
310
EE8CF0E9198F7784A316AA0413C2C2F2E0ECA0934D1AE6D05A69BCDE9E91D2A611F573361E38FC1375157F5752AE6B6DFE4B11990F88CCBF0719EE23FF02504B0304140006080800CC70623B408A7D3B7C0000009D0000000B0000006662782F636E782E786D6C4DCCD10A83201886E15B91FFDC552A92A0064DBC8F581632
310
D3703A76F9ABD1C18E3E78F878E5F0D9027ABBFCF2292AE86E2D20171F69F6715550CB827B40839639A5F2770314A7CD293819B45C73AAFB45B35BA61ACAA1C1C7E7855C58C15BC331339661262CC762340413D68D77DA5B42298546CBE6573AF60CEB2F504B0304140006080800CC70623B449FB9BD290100001202000031
310
0000006662782F36394639363044362D344446342D343946362D394244322D3234314243333846323333332F636F72652E786D6C8D515B6EC32010BC0AE22B55850D98B871848994463E412FE002495162B07854397EA176A4F62F3F2C9A9D991D587EB84F37F0AD7D30CEF6905418026DA553C65E7A98E219ED203808EE9D
310
8B7F6810D871D23D2C3014FCE25D9A57483A1BB58D19B54EE9151C43D0110279CB971E06F9A5A7B11A53CC8C70ADE6515EC78BAE4895DB992778883E0700CB907242D17643D7E2538BD869608875438BBAE38922CAC8F1BDD90DB4691A5E2F42C153326A951B95E398B3D1FE599322163C9AE9115F7A3D46ADA0A018778810
310
84E907617BDCEE297BC5BB3DC6BC2EF47FA234AB2745C9D8D8D035EE220B50105E2F0DC1954B9FB747187D9F9D8FA0CCDB042D5FA0C015C65B42DF78BD10F3F3B363CB56C7109DCFDFBBB97E662ED92EB62D13BC2E1BCAE5777DB9966D8A1F504B0304140006080800CC70623BAD7543B64E01000033030000300000006662
310
782F36394639363044362D344446342D343946362D394244322D3234314243333846323333332F636E782E786D6CD593CD6EC32010845F0571AD6CE3D48AD20813A9873E410FBD12D82434182C7EAAE6EDBB2424CD25871E7B41D6EC30B3FA84F9E67BB2E40B4234DE8DB46F1925E094D7C6ED479AD3AE5951B2113C789FEE
310
6C943839C1488B4C05DF079FE72A69D8C96C13AAD6B8631503449F83828872B949AC57D26200B826A308D316B4064D6E46FCDA41C05550DC9E483A00797BFD207EFB092A45DE9514C1BBD22178396BD39D891265658C238DEA00936C654E5E433CB65A26D9F6EDB5EBC14EBF49A45CB856E66048291F6939A9A81BB5C89177
310
38143CA680F4AA299D66A042CEB3354A2684DC9D8D178FE0D9B8B41CAAD720F880EE7EF93C0C18769E099ECC04D5A102C8049A8A05632F4DDF376CF1DE0F6BB65C2F8627B65A33C6BB62177CEBBDAD973006829F89F22E814B54F4BC2BE347F8AA8F681390B50FA73F804400B5F542E796F19FF974E7F78DB802FE05E20750
310
4B0304140006080800CC70623B8D05915C650500003B100000340000006662782F36394639363044362D344446342D343946362D394244322D3234314243333846323333332F6F626A656374732E786D6CAD575B6FA33814FE2B887D06429276DA1565D4266D158D3A339A6846FB502932E050B66023DB74D2FDF5FB190C01
310
9276B2973C046C8ECFF53B17071F77456EBD502133CEAE6CDF9DD81665314F32965ED995DA3A17B6F5310C04E7AA47665B8C14F4CAD6DB7618A48257A5D94AE89654B91AEDDEDDFC61C998326A5B714EA4BCB265FC440BE2924AF184CA6737218AB8E976E7FA6E4338649B0A523E8D98964450A6A029F619B8588D52FE7039
310
B1BD30F0F4F730D0FF866AF6369557DB33949F31A9088B0F848DD8CCFCF9F2767A76E99CCDE733677E3EF59D9BBB9BA5E37F984D16E78BC5E5F5ED25044B25C0C96822E8D60EEFE11B91C581D77CEA34368A1F5329E68CD1B8B61F16D63A1B8E092D294B10C78C4A48EB593D192E7DED9BDEE7995E1B91FDEDD3ACEA9FE831
310
6A756F9F7D4D79F4274C90A7A04248AA51D5F8C718DAE06FB2F75AC4796EBE65D22A88A22223B995679120E2D50E41AA49C260C046A35368846B0BECD0DFF3EBEB8AD4F835768F69B9ADF25C43D30E6B646F807FAA64AD59F61715C7A54127C4AACA98BA3006A9D792DAE165E0D59B61A01FB3A9F9D838D2DAE62445C86166
310
F37564E842E7DE6A69879FEEA2DD5AE7E371E1A5E025154AC307D06A03D73EB5978C58FFA4C8E9033066E0F3BD53BEC1F39F91BE7B55103791EDE6BBB991A2046172CB4581D8B893FA674DDA17A77B3B7C413D1B511FD2743BFF8A38F03A658705E3ADF8015C3A3417FF3D7E439FF591DA0B5F18BC20C1B8981957AE6392A3
310
F43C640C01D1A0B4728E2DD4F26DB4B3C3152A252A3B4E913CEC1C72F012782FF88EFF8637AA552DBEF76408E8A8DE9E50F9E1CB3A2DA0DB1B6039A893B56063DC5B3E3FFB5F72E67AB9FEB4AEC496C4F4C1149625DD662C53E89D7BF0F6151A046260D1337DFDC94502430F83B0EE07A130A224BCAD7DAE1D9FB6CD422FF6
310
920702629C4BB9AE79C12F243C6432A6794E18E5552BA56B431AAB5D91317302B2B071E86C3A42B1A02F999E24061403B5D0EB639195DA655DD3EBEAB4FB862DDF579F014AD0E73C22F99E28DA57FB98E75C6CA2D74D53086D600F4786E0FE3144B771A8A7B900F03594DB8A633CBC49B2EDB69228BB479CF863B5E807AAAB
310
23872F6DFEB4129B949CA33823F58830E86D65621E10047D9DB34D862E8EAC3C2ABC2F7B2C40D67CDFE01F5545B92105AF983AC54D93D69E56FB8E797F88913F898A9FEC705D3F9D1B54EC8426FB500D40A03BD0119B06E1B95DDC7EB8F6975367793EBD70E66733DFB9BC982F9CE564727731999F5D4ECFCE3B8D6A4DC2A0
310
6D50FD148437D110834A64C6CDDF57FBACB5C307A2A477DFE4939736CFEF2B175371E0E10CF0DD1D5C15654E0BCA14D1E87DD02FF93782A162C0A3D95F1524A52770F972BF1EE9809D13CE7DD599467F8ECE9ADD85CE85A34CD45355448C64F9E8A031DC2D596ACC6E5DD93D9B82DE2EF5CAF81363A8E47996A0DE24564A79
310
4115AACE09C55E14540231FDA13C319787134EBF34E3A022514E5B4D9E0826E25C02D5805B15ABE1BEF51B26383D445DD9E875EE33FE4C22DA16427D65A3BCA92CA6D28DD01DF5DC53330704308475351050232CCD31583787BA75774AFB06E5070DD0C8EF484E19968C5D83BA5B90B244D31E54D55A372320FE4786B7EA58
310
44E135AA5467CB7EA333A61683CC6A8C3257034C10CF46F40EF9F5BE59BE5BD30C3C72D235E95D10345C1D45445A5F0BB47E46A5EBE5570F9380B5FA629579952296A773720405982B9DE04011506178964401AA8BDF1FBF0A8EAB6861DD6580C0E38217056766716DAEB2D6FA0917D3E4116581EADB879C4E7CFFB11EFACD
310
3D641311495D92C8676CB409A72D18610D803CE8A626049E8EC1887CB5B44CC39883690DDA8399B4B9855B481E7D71D4A9D22F96E5BB73BF5793020C02137BF837504B0304140006080000CC70623B000000000000000000000000350000006662782F36394639363044362D344446342D343946362D394244322D32343142
310
43333846323333332F76657274696365732E62696E504B0304140006080800CC70623BF270F1330600000004000000360000006662782F36394639363044362D344446342D343946362D394244322D3234314243333846323333332F747269616E676C65732E62696E636660600000504B0304140006080000CC70623B0000
310
00000000000000000000370000006662782F36394639363044362D344446342D343946362D394244322D3234314243333846323333332F617474726962757465732E62696E504B0304140006080800CC70623B08DA0BD19000000041010000360000006662782F36394639363044362D344446342D343946362D394244322D
310
3234314243333846323333332F6469726563746F72792E786D6C858F410AC3201045AF22B36F53E9A60B35CBEEBAE80D244E44489C6234F4F835464A48035D0DF398FF9F8AF63D0E6CC63039F212F8F9020C7D47C6792B21C5FE7403D62A1188E2E60C98D7234A5830286103A55745067B9D86B8A3CF9C7F90C11DE607FB14
310
4396D7B6A82D282E9A152AD114D5EF2CB866EEE831B8EEA07A7BB5A8D7D61A2BAAEB7FD5F70921FF497D00504B0304140006080800CC70623BCA768048FE000000A00100003B0000006662782F36394639363044362D344446342D343946362D394244322D3234314243333846323333332F7265736F75726365732F636F72
310
652E786D6C8D50596E833010BD0A9ADFCA60D600328E9AA639412F609909B1126CE4A5EAF16B0295DABFFECC8CDEA2797AECF8353F924FB44E193D409E5248504B332A3D0D10FC95B4901C39B3C6F85F3248B49871801506CE266BC2B243D2688FDA47549B11775038871E12F988C7004EDE7016A9083E2ADC3D5D84BC8B09
310
D33C8D74D471E6BC8D0192EDC93A815B742658898E651BCB59086ADC356A8C3FD555A1055ED7E7E254D615792D0F075295F585746FF53B694EE78A565DD736979A65AB9933AFE69F8CD2A2F038022F28ED489E135A7CE4554F9BBEA85E68DB53CAB255FEC71496F19FA6A0B42F8B3DEE6673C0F318E4497096AD7DC5F52C33
310
EEB55BFE0D504B010214000A0000080000CC70623B3DEE336E79000000790000001B00000000000000000000000000000000006175746F6465736B2D64657369676E2D7061636B6167652E786D6C504B01021400140006080800CC70623BD486FD9CA0000000F40000001300000000000000000000000000B20000005B436F
310
6E74656E745F54797065735D2E786D6C504B01021400140006080800CC70623BD9DDAED0EC0000007C010000080000000000000000000000000083010000636F72652E786D6C504B01021400140006080800CC70623B55019EA25F0000007C000000070000000000000000000000000095020000636E782E786D6C504B0102
310
1400140006080800CC70623BA24EB22D72010000D40300000C00000000000000000000000000190300006662782F636F72652E786D6C504B01021400140006080800CC70623B408A7D3B7C0000009D0000000B00000000000000000000000000B50400006662782F636E782E786D6C504B01021400140006080800CC70623B
310
449FB9BD290100001202000031000000000000000000000000005A0500006662782F36394639363044362D344446342D343946362D394244322D3234314243333846323333332F636F72652E786D6C504B01021400140006080800CC70623BAD7543B64E010000330300003000000000000000000000000000D20600006662
310
782F36394639363044362D344446342D343946362D394244322D3234314243333846323333332F636E782E786D6C504B01021400140006080800CC70623B8D05915C650500003B10000034000000000000000000000000006E0800006662782F36394639363044362D344446342D343946362D394244322D32343142433338
310
46323333332F6F626A656374732E786D6C504B01021400140006080000CC70623B0000000000000000000000003500000000000000000000000000250E00006662782F36394639363044362D344446342D343946362D394244322D3234314243333846323333332F76657274696365732E62696E504B010214001400060808
310
00CC70623BF270F13306000000040000003600000000000000000000000000780E00006662782F36394639363044362D344446342D343946362D394244322D3234314243333846323333332F747269616E676C65732E62696E504B01021400140006080000CC70623B00000000000000000000000037000000000000000000
310
00000000D20E00006662782F36394639363044362D344446342D343946362D394244322D3234314243333846323333332F617474726962757465732E62696E504B01021400140006080800CC70623B08DA0BD190000000410100003600000000000000000000000000270F00006662782F36394639363044362D344446342D
310
343946362D394244322D3234314243333846323333332F6469726563746F72792E786D6C504B01021400140006080800CC70623BCA768048FE000000A00100003B000000000000000000000000000B1000006662782F36394639363044362D344446342D343946362D394244322D3234314243333846323333332F7265736F
310
75726365732F636F72652E786D6C504B0506000000000E000E0080040000621100000000
  0
XRECORD
  5
1064
102
{ACAD_REACTORS
330
1063
102
}
330
1063
100
AcDbXrecord
280
     1
102
ACAD_ROUNDTRIP_2010_MLEADER_STYLE
  0
XRECORD
  5
1065
102
{ACAD_REACTORS
330
E32
102
}
330
E32
100
AcDbXrecord
280
     1
102
DISPLAYNAME
  1
Metric50
102
FLAGS
 90
        0
  0
CELLSTYLEMAP
  5
1067
102
{ACAD_REACTORS
330
1066
102
}
330
1066
100
AcDbCellStyleMap
 90
        3
300
CELLSTYLE
  1
TABLEFORMAT_BEGIN
 90
        5
170
     1
 91
        0
 92
    32768
 62
   257
 93
        1
300
CONTENTFORMAT
  1
CONTENTFORMAT_BEGIN
 90
        0
 91
        0
 92
      512
 93
        0
300

 40
0.0
140
1.0
 94
        5
 62
     0
340
11
144
6.0
309
CONTENTFORMAT_END
171
     1
301
MARGIN
  1
CELLMARGIN_BEGIN
 40
1.5
 40
1.5
 40
1.5
 40
1.5
 40
4.5
 40
4.5
309
CELLMARGIN_END
 94
        6
 95
        1
302
GRIDFORMAT
  1
GRIDFORMAT_BEGIN
 90
        0
 91
        1
 62
     0
 92
       -2
340
14
 93
        0
 40
1.125
309
GRIDFORMAT_END
 95
        2
302
GRIDFORMAT
  1
GRIDFORMAT_BEGIN
 90
        0
 91
        1
 62
     0
 92
       -2
340
14
 93
        0
 40
1.125
309
GRIDFORMAT_END
 95
        4
302
GRIDFORMAT
  1
GRIDFORMAT_BEGIN
 90
        0
 91
        1
 62
     0
 92
       -2
340
14
 93
        0
 40
1.125
309
GRIDFORMAT_END
 95
        8
302
GRIDFORMAT
  1
GRIDFORMAT_BEGIN
 90
        0
 91
        1
 62
     0
 92
       -2
340
14
 93
        0
 40
1.125
309
GRIDFORMAT_END
 95
       16
302
GRIDFORMAT
  1
GRIDFORMAT_BEGIN
 90
        0
 91
        1
 62
     0
 92
       -2
340
14
 93
        0
 40
1.125
309
GRIDFORMAT_END
 95
       32
302
GRIDFORMAT
  1
GRIDFORMAT_BEGIN
 90
        0
 91
        1
 62
     0
 92
       -2
340
14
 93
        0
 40
1.125
309
GRIDFORMAT_END
309
TABLEFORMAT_END
  1
CELLSTYLE_BEGIN
 90
        1
 91
        1
300
_TITLE
309
CELLSTYLE_END
300
CELLSTYLE
  1
TABLEFORMAT_BEGIN
 90
        5
170
     1
 91
        0
 92
        0
 62
   257
 93
        1
300
CONTENTFORMAT
  1
CONTENTFORMAT_BEGIN
 90
        0
 91
        0
 92
      512
 93
        0
300

 40
0.0
140
1.0
 94
        5
 62
     0
340
11
144
4.5
309
CONTENTFORMAT_END
171
     1
301
MARGIN
  1
CELLMARGIN_BEGIN
 40
1.5
 40
1.5
 40
1.5
 40
1.5
 40
4.5
 40
4.5
309
CELLMARGIN_END
 94
        6
 95
        1
302
GRIDFORMAT
  1
GRIDFORMAT_BEGIN
 90
        0
 91
        1
 62
     0
 92
       -2
340
14
 93
        0
 40
1.125
309
GRIDFORMAT_END
 95
        2
302
GRIDFORMAT
  1
GRIDFORMAT_BEGIN
 90
        0
 91
        1
 62
     0
 92
       -2
340
14
 93
        0
 40
1.125
309
GRIDFORMAT_END
 95
        4
302
GRIDFORMAT
  1
GRIDFORMAT_BEGIN
 90
        0
 91
        1
 62
     0
 92
       -2
340
14
 93
        0
 40
1.125
309
GRIDFORMAT_END
 95
        8
302
GRIDFORMAT
  1
GRIDFORMAT_BEGIN
 90
        0
 91
        1
 62
     0
 92
       -2
340
14
 93
        0
 40
1.125
309
GRIDFORMAT_END
 95
       16
302
GRIDFORMAT
  1
GRIDFORMAT_BEGIN
 90
        0
 91
        1
 62
     0
 92
       -2
340
14
 93
        0
 40
1.125
309
GRIDFORMAT_END
 95
       32
302
GRIDFORMAT
  1
GRIDFORMAT_BEGIN
 90
        0
 91
        1
 62
     0
 92
       -2
340
14
 93
        0
 40
1.125
309
GRIDFORMAT_END
309
TABLEFORMAT_END
  1
CELLSTYLE_BEGIN
 90
        2
 91
        1
300
_HEADER
309
CELLSTYLE_END
300
CELLSTYLE
  1
TABLEFORMAT_BEGIN
 90
        5
170
     1
 91
        0
 92
        0
 62
   257
 93
        1
300
CONTENTFORMAT
  1
CONTENTFORMAT_BEGIN
 90
        0
 91
        0
 92
      512
 93
        0
300

 40
0.0
140
1.0
 94
        2
 62
     0
340
11
144
4.5
309
CONTENTFORMAT_END
171
     1
301
MARGIN
  1
CELLMARGIN_BEGIN
 40
1.5
 40
1.5
 40
1.5
 40
1.5
 40
4.5
 40
4.5
309
CELLMARGIN_END
 94
        6
 95
        1
302
GRIDFORMAT
  1
GRIDFORMAT_BEGIN
 90
        0
 91
        1
 62
     0
 92
       -2
340
14
 93
        0
 40
1.125
309
GRIDFORMAT_END
 95
        2
302
GRIDFORMAT
  1
GRIDFORMAT_BEGIN
 90
        0
 91
        1
 62
     0
 92
       -2
340
14
 93
        0
 40
1.125
309
GRIDFORMAT_END
 95
        4
302
GRIDFORMAT
  1
GRIDFORMAT_BEGIN
 90
        0
 91
        1
 62
     0
 92
       -2
340
14
 93
        0
 40
1.125
309
GRIDFORMAT_END
 95
        8
302
GRIDFORMAT
  1
GRIDFORMAT_BEGIN
 90
        0
 91
        1
 62
     0
 92
       -2
340
14
 93
        0
 40
1.125
309
GRIDFORMAT_END
 95
       16
302
GRIDFORMAT
  1
GRIDFORMAT_BEGIN
 90
        0
 91
        1
 62
     0
 92
       -2
340
14
 93
        0
 40
1.125
309
GRIDFORMAT_END
 95
       32
302
GRIDFORMAT
  1
GRIDFORMAT_BEGIN
 90
        0
 91
        1
 62
     0
 92
       -2
340
14
 93
        0
 40
1.125
309
GRIDFORMAT_END
309
TABLEFORMAT_END
  1
CELLSTYLE_BEGIN
 90
        3
 91
        2
300
_DATA
309
CELLSTYLE_END
  0
XRECORD
  5
1069
102
{ACAD_REACTORS
330
1068
102
}
330
1068
100
AcDbXrecord
280
     1
102
RTVSPropertyOp0
 70
     1
102
RTVSPropertyOp1
 70
     1
102
RTVSPropertyOp2
 70
     1
102
RTVSPropertyOp3
 70
     1
102
RTVSPropertyOp4
 70
     1
102
RTVSPropertyOp5
 70
     1
102
RTVSPropertyOp6
 70
     1
102
RTVSPropertyOp7
 70
     1
102
RTVSPropertyOp8
 70
     1
102
RTVSPropertyOp9
 70
     1
102
RTVSPropertyOp10
 70
     1
102
RTVSPropertyOp11
 70
     1
102
RTVSPropertyOp12
 70
     1
102
RTVSPropertyOp13
 70
     1
102
RTVSPropertyOp14
 70
     1
102
RTVSPropertyOp15
 70
     1
102
RTVSPropertyOp16
 70
     1
102
RTVSPropertyOp17
 70
     1
102
RTVSPropertyOp18
 70
     1
102
RTVSPropertyOp19
 70
     1
102
RTVSPropertyOp20
 70
     1
102
RTVSPropertyOp21
 70
     1
102
RTVSPropertyOp22
 70
     1
102
RTVSPropertyOp23
 70
     1
102
RTVSPropertyOp24
 70
     1
102
RTVSPropertyOp25
 70
     1
102
RTVSPropertyOp26
 70
     1
102
RTVSPropertyOp27
 70
     1
102
RTVSPropertyOp28
 70
     1
102
RTVSPropertyOp29
 70
     1
102
RTVSPropertyOp30
 70
     1
102
RTVSPropertyOp31
 70
     1
102
RTVSPropertyOp32
 70
     1
102
RTVSPropertyOp33
 70
     1
102
RTVSPropertyOp34
 70
     1
102
RTVSPropertyOp35
 70
     1
102
RTVSPropertyOp36
 70
     1
102
RTVSPropertyOp37
 70
     1
102
RTVSPropertyOp38
 70
     1
102
RTVSPropertyOp39
 70
     1
102
RTVSPropertyOp40
 70
     1
102
RTVSPropertyOp41
 70
     1
102
RTVSPropertyOp42
 70
     1
102
RTVSPropertyOp43
 70
     1
102
RTVSPropertyOp44
 70
     1
102
RTVSPropertyOp45
 70
     1
102
RTVSPropertyOp46
 70
     1
102
RTVSPropertyOp47
 70
     1
102
RTVSPropertyOp48
 70
     1
102
RTVSPropertyOp49
 70
     1
102
RTVSPropertyOp50
 70
     1
102
RTVSPropertyOp51
 70
     0
102
RTVSPropertyOp52
 70
     0
102
RTVSPropertyOp53
 70
     1
102
RTVSPropertyOp54
 70
     1
102
RTVSPropertyOp55
 70
     1
102
RTVSPropertyOp56
 70
     1
102
RTVSPropertyOp57
 70
     1
102
RTVSPost2010Prop28
280
     1
102
RTVSPost2010PropOp28
 70
     1
102
RTVSPost2010Prop29
280
     1
102
RTVSPost2010PropOp29
 70
     1
102
RTVSPost2010Prop30
280
     0
102
RTVSPost2010PropOp30
 70
     1
102
RTVSPost2010Prop31
280
     0
102
RTVSPost2010PropOp31
 70
     1
102
RTVSPost2010Prop32
280
     0
102
RTVSPost2010PropOp32
 70
     1
102
RTVSPost2010Prop33
280
     0
102
RTVSPost2010PropOp33
 70
     1
102
RTVSPost2010Prop34
280
     0
102
RTVSPost2010PropOp34
 70
     1
102
RTVSPost2010Prop35
280
     0
102
RTVSPost2010PropOp35
 70
     1
102
RTVSPost2010Prop36
280
     0
102
RTVSPost2010PropOp36
 70
     1
102
RTVSPost2010Prop37
 90
       50
102
RTVSPost2010PropOp37
 70
     1
102
RTVSPost2010Prop38
140
0.0
102
RTVSPost2010PropOp38
 70
     1
102
RTVSPost2010Prop39
140
1.0
102
RTVSPost2010PropOp39
 70
     1
102
RTVSPost2010Prop40
 90
        0
102
RTVSPost2010PropOp40
 70
     1
102
RTVSPost2010Prop41ColorIndex
 90
       18
102
RTVSPost2010Prop41ColorRGB
 90
        0
102
RTVSPost2010PropOp41
 70
     1
102
RTVSPost2010Prop42
 90
       50
102
RTVSPost2010PropOp42
 70
     1
102
RTVSPost2010Prop43
 90
        3
102
RTVSPost2010PropOp43
 70
     1
102
RTVSPost2010Prop44ColorIndex
 90
        5
102
RTVSPost2010Prop44ColorRGB
 90
      255
102
RTVSPost2010PropOp44
 70
     1
102
RTVSPost2010Prop45
280
     0
102
RTVSPost2010PropOp45
 70
     1
102
RTVSPost2010Prop46
 90
       50
102
RTVSPost2010PropOp46
 70
     1
102
RTVSPost2010Prop47
 90
       50
102
RTVSPost2010PropOp47
 70
     1
102
RTVSPost2010Prop48
 90
       50
102
RTVSPost2010PropOp48
 70
     1
102
RTVSPost2010Prop49
280
     0
102
RTVSPost2010PropOp49
 70
     1
102
RTVSPost2010Prop50
 90
       50
102
RTVSPost2010PropOp50
 70
     1
102
RTVSPost2010Prop51ColorIndex
 90
      256
102
RTVSPost2010Prop51ColorRGB
 90
-16777216
102
RTVSPost2010PropOp51
 70
     0
102
RTVSPost2010Prop52
140
1.0
102
RTVSPost2010PropOp52
 70
     0
102
RTVSPost2010Prop53
 90
        2
102
RTVSPost2010PropOp53
 70
     1
102
RTVSPost2010Prop54
  1
strokes_ogs.tif
102
RTVSPost2010PropOp54
 70
     1
102
RTVSPost2010Prop55
280
     0
102
RTVSPost2010PropOp55
 70
     1
102
RTVSPost2010Prop56
140
1.0
102
RTVSPost2010PropOp56
 70
     1
102
RTVSPost2010Prop57
140
1.0
102
RTVSPost2010PropOp57
 70
     1
  0
XRECORD
  5
106B
102
{ACAD_REACTORS
330
106A
102
}
330
106A
100
AcDbXrecord
280
     1
102
RTVSPropertyOp0
 70
     1
102
RTVSPropertyOp1
 70
     1
102
RTVSPropertyOp2
 70
     1
102
RTVSPropertyOp3
 70
     1
102
RTVSPropertyOp4
 70
     1
102
RTVSPropertyOp5
 70
     1
102
RTVSPropertyOp6
 70
     1
102
RTVSPropertyOp7
 70
     1
102
RTVSPropertyOp8
 70
     1
102
RTVSPropertyOp9
 70
     1
102
RTVSPropertyOp10
 70
     1
102
RTVSPropertyOp11
 70
     1
102
RTVSPropertyOp12
 70
     1
102
RTVSPropertyOp13
 70
     1
102
RTVSPropertyOp14
 70
     1
102
RTVSPropertyOp15
 70
     1
102
RTVSPropertyOp16
 70
     1
102
RTVSPropertyOp17
 70
     1
102
RTVSPropertyOp18
 70
     1
102
RTVSPropertyOp19
 70
     1
102
RTVSPropertyOp20
 70
     1
102
RTVSPropertyOp21
 70
     1
102
RTVSPropertyOp22
 70
     1
102
RTVSPropertyOp23
 70
     1
102
RTVSPropertyOp24
 70
     1
102
RTVSPropertyOp25
 70
     1
102
RTVSPropertyOp26
 70
     1
102
RTVSPropertyOp27
 70
     1
102
RTVSPropertyOp28
 70
     1
102
RTVSPropertyOp29
 70
     1
102
RTVSPropertyOp30
 70
     1
102
RTVSPropertyOp31
 70
     1
102
RTVSPropertyOp32
 70
     1
102
RTVSPropertyOp33
 70
     1
102
RTVSPropertyOp34
 70
     1
102
RTVSPropertyOp35
 70
     1
102
RTVSPropertyOp36
 70
     1
102
RTVSPropertyOp37
 70
     1
102
RTVSPropertyOp38
 70
     1
102
RTVSPropertyOp39
 70
     1
102
RTVSPropertyOp40
 70
     1
102
RTVSPropertyOp41
 70
     1
102
RTVSPropertyOp42
 70
     1
102
RTVSPropertyOp43
 70
     1
102
RTVSPropertyOp44
 70
     1
102
RTVSPropertyOp45
 70
     1
102
RTVSPropertyOp46
 70
     1
102
RTVSPropertyOp47
 70
     1
102
RTVSPropertyOp48
 70
     1
102
RTVSPropertyOp49
 70
     1
102
RTVSPropertyOp50
 70
     1
102
RTVSPropertyOp51
 70
     0
102
RTVSPropertyOp52
 70
     0
102
RTVSPropertyOp53
 70
     1
102
RTVSPropertyOp54
 70
     1
102
RTVSPropertyOp55
 70
     1
102
RTVSPropertyOp56
 70
     1
102
RTVSPropertyOp57
 70
     1
102
RTVSPost2010Prop28
280
     0
102
RTVSPost2010PropOp28
 70
     1
102
RTVSPost2010Prop29
280
     1
102
RTVSPost2010PropOp29
 70
     1
102
RTVSPost2010Prop30
280
     1
102
RTVSPost2010PropOp30
 70
     1
102
RTVSPost2010Prop31
280
     0
102
RTVSPost2010PropOp31
 70
     1
102
RTVSPost2010Prop32
280
     0
102
RTVSPost2010PropOp32
 70
     1
102
RTVSPost2010Prop33
280
     0
102
RTVSPost2010PropOp33
 70
     1
102
RTVSPost2010Prop34
280
     0
102
RTVSPost2010PropOp34
 70
     1
102
RTVSPost2010Prop35
280
     0
102
RTVSPost2010PropOp35
 70
     1
102
RTVSPost2010Prop36
280
     0
102
RTVSPost2010PropOp36
 70
     1
102
RTVSPost2010Prop37
 90
       50
102
RTVSPost2010PropOp37
 70
     1
102
RTVSPost2010Prop38
140
0.0
102
RTVSPost2010PropOp38
 70
     1
102
RTVSPost2010Prop39
140
1.0
102
RTVSPost2010PropOp39
 70
     1
102
RTVSPost2010Prop40
 90
        0
102
RTVSPost2010PropOp40
 70
     1
102
RTVSPost2010Prop41ColorIndex
 90
       18
102
RTVSPost2010Prop41ColorRGB
 90
        0
102
RTVSPost2010PropOp41
 70
     1
102
RTVSPost2010Prop42
 90
       50
102
RTVSPost2010PropOp42
 70
     1
102
RTVSPost2010Prop43
 90
        3
102
RTVSPost2010PropOp43
 70
     1
102
RTVSPost2010Prop44ColorIndex
 90
        5
102
RTVSPost2010Prop44ColorRGB
 90
      255
102
RTVSPost2010PropOp44
 70
     1
102
RTVSPost2010Prop45
280
     0
102
RTVSPost2010PropOp45
 70
     1
102
RTVSPost2010Prop46
 90
       50
102
RTVSPost2010PropOp46
 70
     1
102
RTVSPost2010Prop47
 90
       50
102
RTVSPost2010PropOp47
 70
     1
102
RTVSPost2010Prop48
 90
       50
102
RTVSPost2010PropOp48
 70
     1
102
RTVSPost2010Prop49
280
     0
102
RTVSPost2010PropOp49
 70
     1
102
RTVSPost2010Prop50
 90
       50
102
RTVSPost2010PropOp50
 70
     1
102
RTVSPost2010Prop51ColorIndex
 90
      256
102
RTVSPost2010Prop51ColorRGB
 90
-16777216
102
RTVSPost2010PropOp51
 70
     0
102
RTVSPost2010Prop52
140
1.0
102
RTVSPost2010PropOp52
 70
     0
102
RTVSPost2010Prop53
 90
        2
102
RTVSPost2010PropOp53
 70
     1
102
RTVSPost2010Prop54
  1
strokes_ogs.tif
102
RTVSPost2010PropOp54
 70
     1
102
RTVSPost2010Prop55
280
     0
102
RTVSPost2010PropOp55
 70
     1
102
RTVSPost2010Prop56
140
1.0
102
RTVSPost2010PropOp56
 70
     1
102
RTVSPost2010Prop57
140
1.0
102
RTVSPost2010PropOp57
 70
     1
  0
XRECORD
  5
106D
102
{ACAD_REACTORS
330
106C
102
}
330
106C
100
AcDbXrecord
280
     1
102
RTVSPropertyOp0
 70
     1
102
RTVSPropertyOp1
 70
     1
102
RTVSPropertyOp2
 70
     1
102
RTVSPropertyOp3
 70
     1
102
RTVSPropertyOp4
 70
     1
102
RTVSPropertyOp5
 70
     1
102
RTVSPropertyOp6
 70
     1
102
RTVSPropertyOp7
 70
     1
102
RTVSPropertyOp8
 70
     1
102
RTVSPropertyOp9
 70
     1
102
RTVSPropertyOp10
 70
     1
102
RTVSPropertyOp11
 70
     1
102
RTVSPropertyOp12
 70
     1
102
RTVSPropertyOp13
 70
     1
102
RTVSPropertyOp14
 70
     1
102
RTVSPropertyOp15
 70
     1
102
RTVSPropertyOp16
 70
     1
102
RTVSPropertyOp17
 70
     1
102
RTVSPropertyOp18
 70
     1
102
RTVSPropertyOp19
 70
     1
102
RTVSPropertyOp20
 70
     1
102
RTVSPropertyOp21
 70
     1
102
RTVSPropertyOp22
 70
     1
102
RTVSPropertyOp23
 70
     1
102
RTVSPropertyOp24
 70
     1
102
RTVSPropertyOp25
 70
     1
102
RTVSPropertyOp26
 70
     1
102
RTVSPropertyOp27
 70
     1
102
RTVSPropertyOp28
 70
     1
102
RTVSPropertyOp29
 70
     1
102
RTVSPropertyOp30
 70
     1
102
RTVSPropertyOp31
 70
     1
102
RTVSPropertyOp32
 70
     1
102
RTVSPropertyOp33
 70
     1
102
RTVSPropertyOp34
 70
     1
102
RTVSPropertyOp35
 70
     1
102
RTVSPropertyOp36
 70
     1
102
RTVSPropertyOp37
 70
     1
102
RTVSPropertyOp38
 70
     1
102
RTVSPropertyOp39
 70
     1
102
RTVSPropertyOp40
 70
     1
102
RTVSPropertyOp41
 70
     1
102
RTVSPropertyOp42
 70
     1
102
RTVSPropertyOp43
 70
     1
102
RTVSPropertyOp44
 70
     1
102
RTVSPropertyOp45
 70
     1
102
RTVSPropertyOp46
 70
     1
102
RTVSPropertyOp47
 70
     1
102
RTVSPropertyOp48
 70
     1
102
RTVSPropertyOp49
 70
     1
102
RTVSPropertyOp50
 70
     1
102
RTVSPropertyOp51
 70
     0
102
RTVSPropertyOp52
 70
     0
102
RTVSPropertyOp53
 70
     1
102
RTVSPropertyOp54
 70
     1
102
RTVSPropertyOp55
 70
     1
102
RTVSPropertyOp56
 70
     1
102
RTVSPropertyOp57
 70
     1
102
RTVSPost2010Prop28
280
     0
102
RTVSPost2010PropOp28
 70
     1
102
RTVSPost2010Prop29
280
     1
102
RTVSPost2010PropOp29
 70
     1
102
RTVSPost2010Prop30
280
     1
102
RTVSPost2010PropOp30
 70
     1
102
RTVSPost2010Prop31
280
     0
102
RTVSPost2010PropOp31
 70
     1
102
RTVSPost2010Prop32
280
     0
102
RTVSPost2010PropOp32
 70
     1
102
RTVSPost2010Prop33
280
     0
102
RTVSPost2010PropOp33
 70
     1
102
RTVSPost2010Prop34
280
     0
102
RTVSPost2010PropOp34
 70
     1
102
RTVSPost2010Prop35
280
     0
102
RTVSPost2010PropOp35
 70
     1
102
RTVSPost2010Prop36
280
     0
102
RTVSPost2010PropOp36
 70
     1
102
RTVSPost2010Prop37
 90
       50
102
RTVSPost2010PropOp37
 70
     1
102
RTVSPost2010Prop38
140
0.0
102
RTVSPost2010PropOp38
 70
     1
102
RTVSPost2010Prop39
140
1.0
102
RTVSPost2010PropOp39
 70
     1
102
RTVSPost2010Prop40
 90
        0
102
RTVSPost2010PropOp40
 70
     1
102
RTVSPost2010Prop41ColorIndex
 90
       18
102
RTVSPost2010Prop41ColorRGB
 90
        0
102
RTVSPost2010PropOp41
 70
     1
102
RTVSPost2010Prop42
 90
       50
102
RTVSPost2010PropOp42
 70
     1
102
RTVSPost2010Prop43
 90
        3
102
RTVSPost2010PropOp43
 70
     1
102
RTVSPost2010Prop44ColorIndex
 90
        5
102
RTVSPost2010Prop44ColorRGB
 90
      255
102
RTVSPost2010PropOp44
 70
     1
102
RTVSPost2010Prop45
280
     0
102
RTVSPost2010PropOp45
 70
     1
102
RTVSPost2010Prop46
 90
       50
102
RTVSPost2010PropOp46
 70
     1
102
RTVSPost2010Prop47
 90
       50
102
RTVSPost2010PropOp47
 70
     1
102
RTVSPost2010Prop48
 90
       50
102
RTVSPost2010PropOp48
 70
     1
102
RTVSPost2010Prop49
280
     0
102
RTVSPost2010PropOp49
 70
     1
102
RTVSPost2010Prop50
 90
       50
102
RTVSPost2010PropOp50
 70
     1
102
RTVSPost2010Prop51ColorIndex
 90
      256
102
RTVSPost2010Prop51ColorRGB
 90
-16777216
102
RTVSPost2010PropOp51
 70
     0
102
RTVSPost2010Prop52
140
1.0
102
RTVSPost2010PropOp52
 70
     0
102
RTVSPost2010Prop53
 90
        2
102
RTVSPost2010PropOp53
 70
     1
102
RTVSPost2010Prop54
  1
strokes_ogs.tif
102
RTVSPost2010PropOp54
 70
     1
102
RTVSPost2010Prop55
280
     0
102
RTVSPost2010PropOp55
 70
     1
102
RTVSPost2010Prop56
140
1.0
102
RTVSPost2010PropOp56
 70
     1
102
RTVSPost2010Prop57
140
1.0
102
RTVSPost2010PropOp57
 70
     1
  0
XRECORD
  5
106F
102
{ACAD_REACTORS
330
106E
102
}
330
106E
100
AcDbXrecord
280
     1
102
RTVSPropertyOp0
 70
     1
102
RTVSPropertyOp1
 70
     1
102
RTVSPropertyOp2
 70
     1
102
RTVSPropertyOp3
 70
     1
102
RTVSPropertyOp4
 70
     1
102
RTVSPropertyOp5
 70
     1
102
RTVSPropertyOp6
 70
     1
102
RTVSPropertyOp7
 70
     1
102
RTVSPropertyOp8
 70
     1
102
RTVSPropertyOp9
 70
     1
102
RTVSPropertyOp10
 70
     1
102
RTVSPropertyOp11
 70
     1
102
RTVSPropertyOp12
 70
     1
102
RTVSPropertyOp13
 70
     1
102
RTVSPropertyOp14
 70
     1
102
RTVSPropertyOp15
 70
     1
102
RTVSPropertyOp16
 70
     1
102
RTVSPropertyOp17
 70
     1
102
RTVSPropertyOp18
 70
     1
102
RTVSPropertyOp19
 70
     1
102
RTVSPropertyOp20
 70
     1
102
RTVSPropertyOp21
 70
     1
102
RTVSPropertyOp22
 70
     1
102
RTVSPropertyOp23
 70
     1
102
RTVSPropertyOp24
 70
     1
102
RTVSPropertyOp25
 70
     1
102
RTVSPropertyOp26
 70
     1
102
RTVSPropertyOp27
 70
     1
102
RTVSPropertyOp28
 70
     1
102
RTVSPropertyOp29
 70
     1
102
RTVSPropertyOp30
 70
     1
102
RTVSPropertyOp31
 70
     1
102
RTVSPropertyOp32
 70
     1
102
RTVSPropertyOp33
 70
     1
102
RTVSPropertyOp34
 70
     1
102
RTVSPropertyOp35
 70
     1
102
RTVSPropertyOp36
 70
     1
102
RTVSPropertyOp37
 70
     1
102
RTVSPropertyOp38
 70
     1
102
RTVSPropertyOp39
 70
     1
102
RTVSPropertyOp40
 70
     1
102
RTVSPropertyOp41
 70
     1
102
RTVSPropertyOp42
 70
     1
102
RTVSPropertyOp43
 70
     1
102
RTVSPropertyOp44
 70
     1
102
RTVSPropertyOp45
 70
     1
102
RTVSPropertyOp46
 70
     1
102
RTVSPropertyOp47
 70
     1
102
RTVSPropertyOp48
 70
     1
102
RTVSPropertyOp49
 70
     1
102
RTVSPropertyOp50
 70
     1
102
RTVSPropertyOp51
 70
     0
102
RTVSPropertyOp52
 70
     0
102
RTVSPropertyOp53
 70
     1
102
RTVSPropertyOp54
 70
     1
102
RTVSPropertyOp55
 70
     1
102
RTVSPropertyOp56
 70
     1
102
RTVSPropertyOp57
 70
     1
102
RTVSPost2010Prop28
280
     0
102
RTVSPost2010PropOp28
 70
     1
102
RTVSPost2010Prop29
280
     1
102
RTVSPost2010PropOp29
 70
     1
102
RTVSPost2010Prop30
280
     1
102
RTVSPost2010PropOp30
 70
     1
102
RTVSPost2010Prop31
280
     0
102
RTVSPost2010PropOp31
 70
     1
102
RTVSPost2010Prop32
280
     0
102
RTVSPost2010PropOp32
 70
     1
102
RTVSPost2010Prop33
280
     0
102
RTVSPost2010PropOp33
 70
     1
102
RTVSPost2010Prop34
280
     0
102
RTVSPost2010PropOp34
 70
     1
102
RTVSPost2010Prop35
280
     0
102
RTVSPost2010PropOp35
 70
     1
102
RTVSPost2010Prop36
280
     0
102
RTVSPost2010PropOp36
 70
     1
102
RTVSPost2010Prop37
 90
       50
102
RTVSPost2010PropOp37
 70
     1
102
RTVSPost2010Prop38
140
0.0
102
RTVSPost2010PropOp38
 70
     1
102
RTVSPost2010Prop39
140
1.0
102
RTVSPost2010PropOp39
 70
     1
102
RTVSPost2010Prop40
 90
        0
102
RTVSPost2010PropOp40
 70
     1
102
RTVSPost2010Prop41ColorIndex
 90
       18
102
RTVSPost2010Prop41ColorRGB
 90
        0
102
RTVSPost2010PropOp41
 70
     1
102
RTVSPost2010Prop42
 90
       50
102
RTVSPost2010PropOp42
 70
     1
102
RTVSPost2010Prop43
 90
        3
102
RTVSPost2010PropOp43
 70
     1
102
RTVSPost2010Prop44ColorIndex
 90
        5
102
RTVSPost2010Prop44ColorRGB
 90
      255
102
RTVSPost2010PropOp44
 70
     1
102
RTVSPost2010Prop45
280
     0
102
RTVSPost2010PropOp45
 70
     1
102
RTVSPost2010Prop46
 90
       50
102
RTVSPost2010PropOp46
 70
     1
102
RTVSPost2010Prop47
 90
       50
102
RTVSPost2010PropOp47
 70
     1
102
RTVSPost2010Prop48
 90
       50
102
RTVSPost2010PropOp48
 70
     1
102
RTVSPost2010Prop49
280
     0
102
RTVSPost2010PropOp49
 70
     1
102
RTVSPost2010Prop50
 90
       50
102
RTVSPost2010PropOp50
 70
     1
102
RTVSPost2010Prop51ColorIndex
 90
      256
102
RTVSPost2010Prop51ColorRGB
 90
-16777216
102
RTVSPost2010PropOp51
 70
     0
102
RTVSPost2010Prop52
140
1.0
102
RTVSPost2010PropOp52
 70
     0
102
RTVSPost2010Prop53
 90
        2
102
RTVSPost2010PropOp53
 70
     1
102
RTVSPost2010Prop54
  1
strokes_ogs.tif
102
RTVSPost2010PropOp54
 70
     1
102
RTVSPost2010Prop55
280
     0
102
RTVSPost2010PropOp55
 70
     1
102
RTVSPost2010Prop56
140
1.0
102
RTVSPost2010PropOp56
 70
     1
102
RTVSPost2010Prop57
140
1.0
102
RTVSPost2010PropOp57
 70
     1
  0
XRECORD
  5
1071
102
{ACAD_REACTORS
330
1070
102
}
330
1070
100
AcDbXrecord
280
     1
102
RTVSPropertyOp0
 70
     1
102
RTVSPropertyOp1
 70
     1
102
RTVSPropertyOp2
 70
     1
102
RTVSPropertyOp3
 70
     1
102
RTVSPropertyOp4
 70
     1
102
RTVSPropertyOp5
 70
     1
102
RTVSPropertyOp6
 70
     1
102
RTVSPropertyOp7
 70
     1
102
RTVSPropertyOp8
 70
     1
102
RTVSPropertyOp9
 70
     1
102
RTVSPropertyOp10
 70
     1
102
RTVSPropertyOp11
 70
     1
102
RTVSPropertyOp12
 70
     1
102
RTVSPropertyOp13
 70
     1
102
RTVSPropertyOp14
 70
     1
102
RTVSPropertyOp15
 70
     1
102
RTVSPropertyOp16
 70
     1
102
RTVSPropertyOp17
 70
     1
102
RTVSPropertyOp18
 70
     1
102
RTVSPropertyOp19
 70
     1
102
RTVSPropertyOp20
 70
     1
102
RTVSPropertyOp21
 70
     1
102
RTVSPropertyOp22
 70
     1
102
RTVSPropertyOp23
 70
     1
102
RTVSPropertyOp24
 70
     1
102
RTVSPropertyOp25
 70
     1
102
RTVSPropertyOp26
 70
     1
102
RTVSPropertyOp27
 70
     1
102
RTVSPropertyOp28
 70
     1
102
RTVSPropertyOp29
 70
     1
102
RTVSPropertyOp30
 70
     1
102
RTVSPropertyOp31
 70
     1
102
RTVSPropertyOp32
 70
     1
102
RTVSPropertyOp33
 70
     1
102
RTVSPropertyOp34
 70
     1
102
RTVSPropertyOp35
 70
     1
102
RTVSPropertyOp36
 70
     1
102
RTVSPropertyOp37
 70
     1
102
RTVSPropertyOp38
 70
     1
102
RTVSPropertyOp39
 70
     1
102
RTVSPropertyOp40
 70
     1
102
RTVSPropertyOp41
 70
     1
102
RTVSPropertyOp42
 70
     1
102
RTVSPropertyOp43
 70
     1
102
RTVSPropertyOp44
 70
     1
102
RTVSPropertyOp45
 70
     1
102
RTVSPropertyOp46
 70
     1
102
RTVSPropertyOp47
 70
     1
102
RTVSPropertyOp48
 70
     1
102
RTVSPropertyOp49
 70
     1
102
RTVSPropertyOp50
 70
     1
102
RTVSPropertyOp51
 70
     0
102
RTVSPropertyOp52
 70
     0
102
RTVSPropertyOp53
 70
     1
102
RTVSPropertyOp54
 70
     1
102
RTVSPropertyOp55
 70
     1
102
RTVSPropertyOp56
 70
     1
102
RTVSPropertyOp57
 70
     1
102
RTVSPost2010Prop28
280
     0
102
RTVSPost2010PropOp28
 70
     1
102
RTVSPost2010Prop29
280
     1
102
RTVSPost2010PropOp29
 70
     1
102
RTVSPost2010Prop30
280
     1
102
RTVSPost2010PropOp30
 70
     1
102
RTVSPost2010Prop31
280
     0
102
RTVSPost2010PropOp31
 70
     1
102
RTVSPost2010Prop32
280
     0
102
RTVSPost2010PropOp32
 70
     1
102
RTVSPost2010Prop33
280
     0
102
RTVSPost2010PropOp33
 70
     1
102
RTVSPost2010Prop34
280
     0
102
RTVSPost2010PropOp34
 70
     1
102
RTVSPost2010Prop35
280
     0
102
RTVSPost2010PropOp35
 70
     1
102
RTVSPost2010Prop36
280
     0
102
RTVSPost2010PropOp36
 70
     1
102
RTVSPost2010Prop37
 90
       50
102
RTVSPost2010PropOp37
 70
     1
102
RTVSPost2010Prop38
140
0.0
102
RTVSPost2010PropOp38
 70
     1
102
RTVSPost2010Prop39
140
1.0
102
RTVSPost2010PropOp39
 70
     1
102
RTVSPost2010Prop40
 90
        0
102
RTVSPost2010PropOp40
 70
     1
102
RTVSPost2010Prop41ColorIndex
 90
       18
102
RTVSPost2010Prop41ColorRGB
 90
        0
102
RTVSPost2010PropOp41
 70
     1
102
RTVSPost2010Prop42
 90
       50
102
RTVSPost2010PropOp42
 70
     1
102
RTVSPost2010Prop43
 90
        3
102
RTVSPost2010PropOp43
 70
     1
102
RTVSPost2010Prop44ColorIndex
 90
        5
102
RTVSPost2010Prop44ColorRGB
 90
      255
102
RTVSPost2010PropOp44
 70
     1
102
RTVSPost2010Prop45
280
     0
102
RTVSPost2010PropOp45
 70
     1
102
RTVSPost2010Prop46
 90
       50
102
RTVSPost2010PropOp46
 70
     1
102
RTVSPost2010Prop47
 90
       50
102
RTVSPost2010PropOp47
 70
     1
102
RTVSPost2010Prop48
 90
       50
102
RTVSPost2010PropOp48
 70
     1
102
RTVSPost2010Prop49
280
     0
102
RTVSPost2010PropOp49
 70
     1
102
RTVSPost2010Prop50
 90
       50
102
RTVSPost2010PropOp50
 70
     1
102
RTVSPost2010Prop51ColorIndex
 90
      256
102
RTVSPost2010Prop51ColorRGB
 90
-16777216
102
RTVSPost2010PropOp51
 70
     0
102
RTVSPost2010Prop52
140
1.0
102
RTVSPost2010PropOp52
 70
     0
102
RTVSPost2010Prop53
 90
        2
102
RTVSPost2010PropOp53
 70
     1
102
RTVSPost2010Prop54
  1
strokes_ogs.tif
102
RTVSPost2010PropOp54
 70
     1
102
RTVSPost2010Prop55
280
     0
102
RTVSPost2010PropOp55
 70
     1
102
RTVSPost2010Prop56
140
1.0
102
RTVSPost2010PropOp56
 70
     1
102
RTVSPost2010Prop57
140
1.0
102
RTVSPost2010PropOp57
 70
     1
  0
XRECORD
  5
1073
102
{ACAD_REACTORS
330
1072
102
}
330
1072
100
AcDbXrecord
280
     1
102
RTVSPropertyOp0
 70
     1
102
RTVSPropertyOp1
 70
     1
102
RTVSPropertyOp2
 70
     1
102
RTVSPropertyOp3
 70
     1
102
RTVSPropertyOp4
 70
     1
102
RTVSPropertyOp5
 70
     1
102
RTVSPropertyOp6
 70
     1
102
RTVSPropertyOp7
 70
     1
102
RTVSPropertyOp8
 70
     1
102
RTVSPropertyOp9
 70
     1
102
RTVSPropertyOp10
 70
     1
102
RTVSPropertyOp11
 70
     1
102
RTVSPropertyOp12
 70
     1
102
RTVSPropertyOp13
 70
     1
102
RTVSPropertyOp14
 70
     1
102
RTVSPropertyOp15
 70
     1
102
RTVSPropertyOp16
 70
     1
102
RTVSPropertyOp17
 70
     1
102
RTVSPropertyOp18
 70
     1
102
RTVSPropertyOp19
 70
     1
102
RTVSPropertyOp20
 70
     1
102
RTVSPropertyOp21
 70
     1
102
RTVSPropertyOp22
 70
     1
102
RTVSPropertyOp23
 70
     1
102
RTVSPropertyOp24
 70
     1
102
RTVSPropertyOp25
 70
     1
102
RTVSPropertyOp26
 70
     1
102
RTVSPropertyOp27
 70
     1
102
RTVSPropertyOp28
 70
     1
102
RTVSPropertyOp29
 70
     1
102
RTVSPropertyOp30
 70
     1
102
RTVSPropertyOp31
 70
     1
102
RTVSPropertyOp32
 70
     1
102
RTVSPropertyOp33
 70
     1
102
RTVSPropertyOp34
 70
     1
102
RTVSPropertyOp35
 70
     1
102
RTVSPropertyOp36
 70
     1
102
RTVSPropertyOp37
 70
     1
102
RTVSPropertyOp38
 70
     1
102
RTVSPropertyOp39
 70
     1
102
RTVSPropertyOp40
 70
     1
102
RTVSPropertyOp41
 70
     1
102
RTVSPropertyOp42
 70
     1
102
RTVSPropertyOp43
 70
     1
102
RTVSPropertyOp44
 70
     1
102
RTVSPropertyOp45
 70
     1
102
RTVSPropertyOp46
 70
     1
102
RTVSPropertyOp47
 70
     1
102
RTVSPropertyOp48
 70
     1
102
RTVSPropertyOp49
 70
     1
102
RTVSPropertyOp50
 70
     1
102
RTVSPropertyOp51
 70
     0
102
RTVSPropertyOp52
 70
     0
102
RTVSPropertyOp53
 70
     1
102
RTVSPropertyOp54
 70
     1
102
RTVSPropertyOp55
 70
     1
102
RTVSPropertyOp56
 70
     1
102
RTVSPropertyOp57
 70
     1
102
RTVSPost2010Prop28
280
     0
102
RTVSPost2010PropOp28
 70
     1
102
RTVSPost2010Prop29
280
     1
102
RTVSPost2010PropOp29
 70
     1
102
RTVSPost2010Prop30
280
     1
102
RTVSPost2010PropOp30
 70
     1
102
RTVSPost2010Prop31
280
     0
102
RTVSPost2010PropOp31
 70
     1
102
RTVSPost2010Prop32
280
     0
102
RTVSPost2010PropOp32
 70
     1
102
RTVSPost2010Prop33
280
     0
102
RTVSPost2010PropOp33
 70
     1
102
RTVSPost2010Prop34
280
     0
102
RTVSPost2010PropOp34
 70
     1
102
RTVSPost2010Prop35
280
     0
102
RTVSPost2010PropOp35
 70
     1
102
RTVSPost2010Prop36
280
     0
102
RTVSPost2010PropOp36
 70
     1
102
RTVSPost2010Prop37
 90
       50
102
RTVSPost2010PropOp37
 70
     1
102
RTVSPost2010Prop38
140
0.0
102
RTVSPost2010PropOp38
 70
     1
102
RTVSPost2010Prop39
140
1.0
102
RTVSPost2010PropOp39
 70
     1
102
RTVSPost2010Prop40
 90
        0
102
RTVSPost2010PropOp40
 70
     1
102
RTVSPost2010Prop41ColorIndex
 90
       18
102
RTVSPost2010Prop41ColorRGB
 90
        0
102
RTVSPost2010PropOp41
 70
     1
102
RTVSPost2010Prop42
 90
       50
102
RTVSPost2010PropOp42
 70
     1
102
RTVSPost2010Prop43
 90
        3
102
RTVSPost2010PropOp43
 70
     1
102
RTVSPost2010Prop44ColorIndex
 90
        5
102
RTVSPost2010Prop44ColorRGB
 90
      255
102
RTVSPost2010PropOp44
 70
     1
102
RTVSPost2010Prop45
280
     0
102
RTVSPost2010PropOp45
 70
     1
102
RTVSPost2010Prop46
 90
       50
102
RTVSPost2010PropOp46
 70
     1
102
RTVSPost2010Prop47
 90
       50
102
RTVSPost2010PropOp47
 70
     1
102
RTVSPost2010Prop48
 90
       50
102
RTVSPost2010PropOp48
 70
     1
102
RTVSPost2010Prop49
280
     0
102
RTVSPost2010PropOp49
 70
     1
102
RTVSPost2010Prop50
 90
       50
102
RTVSPost2010PropOp50
 70
     1
102
RTVSPost2010Prop51ColorIndex
 90
      256
102
RTVSPost2010Prop51ColorRGB
 90
-16777216
102
RTVSPost2010PropOp51
 70
     0
102
RTVSPost2010Prop52
140
1.0
102
RTVSPost2010PropOp52
 70
     0
102
RTVSPost2010Prop53
 90
        2
102
RTVSPost2010PropOp53
 70
     1
102
RTVSPost2010Prop54
  1
strokes_ogs.tif
102
RTVSPost2010PropOp54
 70
     1
102
RTVSPost2010Prop55
280
     0
102
RTVSPost2010PropOp55
 70
     1
102
RTVSPost2010Prop56
140
1.0
102
RTVSPost2010PropOp56
 70
     1
102
RTVSPost2010Prop57
140
1.0
102
RTVSPost2010PropOp57
 70
     1
  0
XRECORD
  5
1075
102
{ACAD_REACTORS
330
1074
102
}
330
1074
100
AcDbXrecord
280
     1
102
RTVSPropertyOp0
 70
     0
102
RTVSPropertyOp1
 70
     0
102
RTVSPropertyOp2
 70
     0
102
RTVSPropertyOp3
 70
     0
102
RTVSPropertyOp4
 70
     0
102
RTVSPropertyOp5
 70
     0
102
RTVSPropertyOp6
 70
     0
102
RTVSPropertyOp7
 70
     0
102
RTVSPropertyOp8
 70
     0
102
RTVSPropertyOp9
 70
     0
102
RTVSPropertyOp10
 70
     0
102
RTVSPropertyOp11
 70
     0
102
RTVSPropertyOp12
 70
     0
102
RTVSPropertyOp13
 70
     0
102
RTVSPropertyOp14
 70
     2
102
RTVSPropertyOp15
 70
     0
102
RTVSPropertyOp16
 70
     0
102
RTVSPropertyOp17
 70
     0
102
RTVSPropertyOp18
 70
     0
102
RTVSPropertyOp19
 70
     0
102
RTVSPropertyOp20
 70
     0
102
RTVSPropertyOp21
 70
     0
102
RTVSPropertyOp22
 70
     0
102
RTVSPropertyOp23
 70
     0
102
RTVSPropertyOp24
 70
     0
102
RTVSPropertyOp25
 70
     0
102
RTVSPropertyOp26
 70
     0
102
RTVSPropertyOp27
 70
     0
102
RTVSPropertyOp28
 70
     1
102
RTVSPropertyOp29
 70
     1
102
RTVSPropertyOp30
 70
     1
102
RTVSPropertyOp31
 70
     1
102
RTVSPropertyOp32
 70
     1
102
RTVSPropertyOp33
 70
     1
102
RTVSPropertyOp34
 70
     1
102
RTVSPropertyOp35
 70
     1
102
RTVSPropertyOp36
 70
     1
102
RTVSPropertyOp37
 70
     1
102
RTVSPropertyOp38
 70
     1
102
RTVSPropertyOp39
 70
     1
102
RTVSPropertyOp40
 70
     1
102
RTVSPropertyOp41
 70
     1
102
RTVSPropertyOp42
 70
     1
102
RTVSPropertyOp43
 70
     1
102
RTVSPropertyOp44
 70
     1
102
RTVSPropertyOp45
 70
     1
102
RTVSPropertyOp46
 70
     1
102
RTVSPropertyOp47
 70
     1
102
RTVSPropertyOp48
 70
     1
102
RTVSPropertyOp49
 70
     1
102
RTVSPropertyOp50
 70
     1
102
RTVSPropertyOp51
 70
     0
102
RTVSPropertyOp52
 70
     0
102
RTVSPropertyOp53
 70
     1
102
RTVSPropertyOp54
 70
     1
102
RTVSPropertyOp55
 70
     1
102
RTVSPropertyOp56
 70
     1
102
RTVSPropertyOp57
 70
     1
102
RTVSPost2010Prop28
280
     0
102
RTVSPost2010PropOp28
 70
     1
102
RTVSPost2010Prop29
280
     1
102
RTVSPost2010PropOp29
 70
     1
102
RTVSPost2010Prop30
280
     1
102
RTVSPost2010PropOp30
 70
     1
102
RTVSPost2010Prop31
280
     0
102
RTVSPost2010PropOp31
 70
     1
102
RTVSPost2010Prop32
280
     0
102
RTVSPost2010PropOp32
 70
     1
102
RTVSPost2010Prop33
280
     0
102
RTVSPost2010PropOp33
 70
     1
102
RTVSPost2010Prop34
280
     0
102
RTVSPost2010PropOp34
 70
     1
102
RTVSPost2010Prop35
280
     0
102
RTVSPost2010PropOp35
 70
     1
102
RTVSPost2010Prop36
280
     0
102
RTVSPost2010PropOp36
 70
     1
102
RTVSPost2010Prop37
 90
       50
102
RTVSPost2010PropOp37
 70
     1
102
RTVSPost2010Prop38
140
0.0
102
RTVSPost2010PropOp38
 70
     1
102
RTVSPost2010Prop39
140
1.0
102
RTVSPost2010PropOp39
 70
     1
102
RTVSPost2010Prop40
 90
        0
102
RTVSPost2010PropOp40
 70
     1
102
RTVSPost2010Prop41ColorIndex
 90
       18
102
RTVSPost2010Prop41ColorRGB
 90
        0
102
RTVSPost2010PropOp41
 70
     1
102
RTVSPost2010Prop42
 90
       50
102
RTVSPost2010PropOp42
 70
     1
102
RTVSPost2010Prop43
 90
        3
102
RTVSPost2010PropOp43
 70
     1
102
RTVSPost2010Prop44ColorIndex
 90
        5
102
RTVSPost2010Prop44ColorRGB
 90
      255
102
RTVSPost2010PropOp44
 70
     1
102
RTVSPost2010Prop45
280
     0
102
RTVSPost2010PropOp45
 70
     1
102
RTVSPost2010Prop46
 90
       50
102
RTVSPost2010PropOp46
 70
     1
102
RTVSPost2010Prop47
 90
       50
102
RTVSPost2010PropOp47
 70
     1
102
RTVSPost2010Prop48
 90
       50
102
RTVSPost2010PropOp48
 70
     1
102
RTVSPost2010Prop49
280
     0
102
RTVSPost2010PropOp49
 70
     1
102
RTVSPost2010Prop50
 90
       50
102
RTVSPost2010PropOp50
 70
     1
102
RTVSPost2010Prop51ColorIndex
 90
      256
102
RTVSPost2010Prop51ColorRGB
 90
-16777216
102
RTVSPost2010PropOp51
 70
     0
102
RTVSPost2010Prop52
140
1.0
102
RTVSPost2010PropOp52
 70
     0
102
RTVSPost2010Prop53
 90
        2
102
RTVSPost2010PropOp53
 70
     1
102
RTVSPost2010Prop54
  1
strokes_ogs.tif
102
RTVSPost2010PropOp54
 70
     1
102
RTVSPost2010Prop55
280
     0
102
RTVSPost2010PropOp55
 70
     1
102
RTVSPost2010Prop56
140
1.0
102
RTVSPost2010PropOp56
 70
     1
102
RTVSPost2010Prop57
140
1.0
102
RTVSPost2010PropOp57
 70
     1
  0
XRECORD
  5
1077
102
{ACAD_REACTORS
330
1076
102
}
330
1076
100
AcDbXrecord
280
     1
102
RTVSPropertyOp0
 70
     1
102
RTVSPropertyOp1
 70
     1
102
RTVSPropertyOp2
 70
     1
102
RTVSPropertyOp3
 70
     1
102
RTVSPropertyOp4
 70
     1
102
RTVSPropertyOp5
 70
     1
102
RTVSPropertyOp6
 70
     1
102
RTVSPropertyOp7
 70
     1
102
RTVSPropertyOp8
 70
     1
102
RTVSPropertyOp9
 70
     1
102
RTVSPropertyOp10
 70
     1
102
RTVSPropertyOp11
 70
     1
102
RTVSPropertyOp12
 70
     1
102
RTVSPropertyOp13
 70
     1
102
RTVSPropertyOp14
 70
     1
102
RTVSPropertyOp15
 70
     1
102
RTVSPropertyOp16
 70
     1
102
RTVSPropertyOp17
 70
     1
102
RTVSPropertyOp18
 70
     1
102
RTVSPropertyOp19
 70
     1
102
RTVSPropertyOp20
 70
     1
102
RTVSPropertyOp21
 70
     1
102
RTVSPropertyOp22
 70
     1
102
RTVSPropertyOp23
 70
     1
102
RTVSPropertyOp24
 70
     1
102
RTVSPropertyOp25
 70
     1
102
RTVSPropertyOp26
 70
     1
102
RTVSPropertyOp27
 70
     1
102
RTVSPropertyOp28
 70
     1
102
RTVSPropertyOp29
 70
     1
102
RTVSPropertyOp30
 70
     1
102
RTVSPropertyOp31
 70
     1
102
RTVSPropertyOp32
 70
     1
102
RTVSPropertyOp33
 70
     1
102
RTVSPropertyOp34
 70
     1
102
RTVSPropertyOp35
 70
     1
102
RTVSPropertyOp36
 70
     1
102
RTVSPropertyOp37
 70
     1
102
RTVSPropertyOp38
 70
     1
102
RTVSPropertyOp39
 70
     1
102
RTVSPropertyOp40
 70
     1
102
RTVSPropertyOp41
 70
     1
102
RTVSPropertyOp42
 70
     1
102
RTVSPropertyOp43
 70
     1
102
RTVSPropertyOp44
 70
     1
102
RTVSPropertyOp45
 70
     1
102
RTVSPropertyOp46
 70
     1
102
RTVSPropertyOp47
 70
     1
102
RTVSPropertyOp48
 70
     1
102
RTVSPropertyOp49
 70
     1
102
RTVSPropertyOp50
 70
     1
102
RTVSPropertyOp51
 70
     0
102
RTVSPropertyOp52
 70
     0
102
RTVSPropertyOp53
 70
     1
102
RTVSPropertyOp54
 70
     1
102
RTVSPropertyOp55
 70
     1
102
RTVSPropertyOp56
 70
     1
102
RTVSPropertyOp57
 70
     1
102
RTVSPost2010Prop28
280
     0
102
RTVSPost2010PropOp28
 70
     1
102
RTVSPost2010Prop29
280
     1
102
RTVSPost2010PropOp29
 70
     1
102
RTVSPost2010Prop30
280
     1
102
RTVSPost2010PropOp30
 70
     1
102
RTVSPost2010Prop31
280
     0
102
RTVSPost2010PropOp31
 70
     1
102
RTVSPost2010Prop32
280
     0
102
RTVSPost2010PropOp32
 70
     1
102
RTVSPost2010Prop33
280
     0
102
RTVSPost2010PropOp33
 70
     1
102
RTVSPost2010Prop34
280
     0
102
RTVSPost2010PropOp34
 70
     1
102
RTVSPost2010Prop35
280
     0
102
RTVSPost2010PropOp35
 70
     1
102
RTVSPost2010Prop36
280
     0
102
RTVSPost2010PropOp36
 70
     1
102
RTVSPost2010Prop37
 90
       50
102
RTVSPost2010PropOp37
 70
     1
102
RTVSPost2010Prop38
140
0.0
102
RTVSPost2010PropOp38
 70
     1
102
RTVSPost2010Prop39
140
1.0
102
RTVSPost2010PropOp39
 70
     1
102
RTVSPost2010Prop40
 90
        0
102
RTVSPost2010PropOp40
 70
     1
102
RTVSPost2010Prop41ColorIndex
 90
       18
102
RTVSPost2010Prop41ColorRGB
 90
        0
102
RTVSPost2010PropOp41
 70
     1
102
RTVSPost2010Prop42
 90
       50
102
RTVSPost2010PropOp42
 70
     1
102
RTVSPost2010Prop43
 90
        3
102
RTVSPost2010PropOp43
 70
     1
102
RTVSPost2010Prop44ColorIndex
 90
        5
102
RTVSPost2010Prop44ColorRGB
 90
      255
102
RTVSPost2010PropOp44
 70
     1
102
RTVSPost2010Prop45
280
     0
102
RTVSPost2010PropOp45
 70
     1
102
RTVSPost2010Prop46
 90
       50
102
RTVSPost2010PropOp46
 70
     1
102
RTVSPost2010Prop47
 90
       50
102
RTVSPost2010PropOp47
 70
     1
102
RTVSPost2010Prop48
 90
       50
102
RTVSPost2010PropOp48
 70
     1
102
RTVSPost2010Prop49
280
     0
102
RTVSPost2010PropOp49
 70
     1
102
RTVSPost2010Prop50
 90
       50
102
RTVSPost2010PropOp50
 70
     1
102
RTVSPost2010Prop51ColorIndex
 90
      256
102
RTVSPost2010Prop51ColorRGB
 90
-16777216
102
RTVSPost2010PropOp51
 70
     0
102
RTVSPost2010Prop52
140
1.0
102
RTVSPost2010PropOp52
 70
     0
102
RTVSPost2010Prop53
 90
        2
102
RTVSPost2010PropOp53
 70
     1
102
RTVSPost2010Prop54
  1
strokes_ogs.tif
102
RTVSPost2010PropOp54
 70
     1
102
RTVSPost2010Prop55
280
     0
102
RTVSPost2010PropOp55
 70
     1
102
RTVSPost2010Prop56
140
1.0
102
RTVSPost2010PropOp56
 70
     1
102
RTVSPost2010Prop57
140
1.0
102
RTVSPost2010PropOp57
 70
     1
  0
XRECORD
  5
1079
102
{ACAD_REACTORS
330
1078
102
}
330
1078
100
AcDbXrecord
280
     1
102
RTVSPropertyOp0
 70
     1
102
RTVSPropertyOp1
 70
     1
102
RTVSPropertyOp2
 70
     1
102
RTVSPropertyOp3
 70
     1
102
RTVSPropertyOp4
 70
     1
102
RTVSPropertyOp5
 70
     1
102
RTVSPropertyOp6
 70
     1
102
RTVSPropertyOp7
 70
     1
102
RTVSPropertyOp8
 70
     1
102
RTVSPropertyOp9
 70
     1
102
RTVSPropertyOp10
 70
     1
102
RTVSPropertyOp11
 70
     1
102
RTVSPropertyOp12
 70
     1
102
RTVSPropertyOp13
 70
     1
102
RTVSPropertyOp14
 70
     1
102
RTVSPropertyOp15
 70
     1
102
RTVSPropertyOp16
 70
     1
102
RTVSPropertyOp17
 70
     1
102
RTVSPropertyOp18
 70
     1
102
RTVSPropertyOp19
 70
     1
102
RTVSPropertyOp20
 70
     1
102
RTVSPropertyOp21
 70
     1
102
RTVSPropertyOp22
 70
     1
102
RTVSPropertyOp23
 70
     1
102
RTVSPropertyOp24
 70
     1
102
RTVSPropertyOp25
 70
     1
102
RTVSPropertyOp26
 70
     1
102
RTVSPropertyOp27
 70
     1
102
RTVSPropertyOp28
 70
     1
102
RTVSPropertyOp29
 70
     1
102
RTVSPropertyOp30
 70
     1
102
RTVSPropertyOp31
 70
     1
102
RTVSPropertyOp32
 70
     1
102
RTVSPropertyOp33
 70
     1
102
RTVSPropertyOp34
 70
     1
102
RTVSPropertyOp35
 70
     1
102
RTVSPropertyOp36
 70
     1
102
RTVSPropertyOp37
 70
     1
102
RTVSPropertyOp38
 70
     1
102
RTVSPropertyOp39
 70
     1
102
RTVSPropertyOp40
 70
     1
102
RTVSPropertyOp41
 70
     1
102
RTVSPropertyOp42
 70
     1
102
RTVSPropertyOp43
 70
     1
102
RTVSPropertyOp44
 70
     1
102
RTVSPropertyOp45
 70
     1
102
RTVSPropertyOp46
 70
     1
102
RTVSPropertyOp47
 70
     1
102
RTVSPropertyOp48
 70
     1
102
RTVSPropertyOp49
 70
     1
102
RTVSPropertyOp50
 70
     1
102
RTVSPropertyOp51
 70
     0
102
RTVSPropertyOp52
 70
     0
102
RTVSPropertyOp53
 70
     1
102
RTVSPropertyOp54
 70
     1
102
RTVSPropertyOp55
 70
     1
102
RTVSPropertyOp56
 70
     1
102
RTVSPropertyOp57
 70
     1
102
RTVSPost2010Prop28
280
     0
102
RTVSPost2010PropOp28
 70
     1
102
RTVSPost2010Prop29
280
     1
102
RTVSPost2010PropOp29
 70
     1
102
RTVSPost2010Prop30
280
     1
102
RTVSPost2010PropOp30
 70
     1
102
RTVSPost2010Prop31
280
     0
102
RTVSPost2010PropOp31
 70
     1
102
RTVSPost2010Prop32
280
     0
102
RTVSPost2010PropOp32
 70
     1
102
RTVSPost2010Prop33
280
     0
102
RTVSPost2010PropOp33
 70
     1
102
RTVSPost2010Prop34
280
     0
102
RTVSPost2010PropOp34
 70
     1
102
RTVSPost2010Prop35
280
     0
102
RTVSPost2010PropOp35
 70
     1
102
RTVSPost2010Prop36
280
     0
102
RTVSPost2010PropOp36
 70
     1
102
RTVSPost2010Prop37
 90
       50
102
RTVSPost2010PropOp37
 70
     1
102
RTVSPost2010Prop38
140
0.0
102
RTVSPost2010PropOp38
 70
     1
102
RTVSPost2010Prop39
140
1.0
102
RTVSPost2010PropOp39
 70
     1
102
RTVSPost2010Prop40
 90
        0
102
RTVSPost2010PropOp40
 70
     1
102
RTVSPost2010Prop41ColorIndex
 90
       18
102
RTVSPost2010Prop41ColorRGB
 90
        0
102
RTVSPost2010PropOp41
 70
     1
102
RTVSPost2010Prop42
 90
       50
102
RTVSPost2010PropOp42
 70
     1
102
RTVSPost2010Prop43
 90
        3
102
RTVSPost2010PropOp43
 70
     1
102
RTVSPost2010Prop44ColorIndex
 90
        5
102
RTVSPost2010Prop44ColorRGB
 90
      255
102
RTVSPost2010PropOp44
 70
     1
102
RTVSPost2010Prop45
280
     0
102
RTVSPost2010PropOp45
 70
     1
102
RTVSPost2010Prop46
 90
       50
102
RTVSPost2010PropOp46
 70
     1
102
RTVSPost2010Prop47
 90
       50
102
RTVSPost2010PropOp47
 70
     1
102
RTVSPost2010Prop48
 90
       50
102
RTVSPost2010PropOp48
 70
     1
102
RTVSPost2010Prop49
280
     0
102
RTVSPost2010PropOp49
 70
     1
102
RTVSPost2010Prop50
 90
       50
102
RTVSPost2010PropOp50
 70
     1
102
RTVSPost2010Prop51ColorIndex
 90
      256
102
RTVSPost2010Prop51ColorRGB
 90
-16777216
102
RTVSPost2010PropOp51
 70
     0
102
RTVSPost2010Prop52
140
1.0
102
RTVSPost2010PropOp52
 70
     0
102
RTVSPost2010Prop53
 90
        2
102
RTVSPost2010PropOp53
 70
     1
102
RTVSPost2010Prop54
  1
strokes_ogs.tif
102
RTVSPost2010PropOp54
 70
     1
102
RTVSPost2010Prop55
280
     0
102
RTVSPost2010PropOp55
 70
     1
102
RTVSPost2010Prop56
140
1.0
102
RTVSPost2010PropOp56
 70
     1
102
RTVSPost2010Prop57
140
1.0
102
RTVSPost2010PropOp57
 70
     1
  0
XRECORD
  5
107B
102
{ACAD_REACTORS
330
107A
102
}
330
107A
100
AcDbXrecord
280
     1
102
RTVSPropertyOp0
 70
     1
102
RTVSPropertyOp1
 70
     1
102
RTVSPropertyOp2
 70
     1
102
RTVSPropertyOp3
 70
     1
102
RTVSPropertyOp4
 70
     1
102
RTVSPropertyOp5
 70
     1
102
RTVSPropertyOp6
 70
     1
102
RTVSPropertyOp7
 70
     1
102
RTVSPropertyOp8
 70
     1
102
RTVSPropertyOp9
 70
     1
102
RTVSPropertyOp10
 70
     1
102
RTVSPropertyOp11
 70
     1
102
RTVSPropertyOp12
 70
     1
102
RTVSPropertyOp13
 70
     1
102
RTVSPropertyOp14
 70
     1
102
RTVSPropertyOp15
 70
     1
102
RTVSPropertyOp16
 70
     1
102
RTVSPropertyOp17
 70
     1
102
RTVSPropertyOp18
 70
     1
102
RTVSPropertyOp19
 70
     1
102
RTVSPropertyOp20
 70
     1
102
RTVSPropertyOp21
 70
     1
102
RTVSPropertyOp22
 70
     1
102
RTVSPropertyOp23
 70
     1
102
RTVSPropertyOp24
 70
     1
102
RTVSPropertyOp25
 70
     1
102
RTVSPropertyOp26
 70
     1
102
RTVSPropertyOp27
 70
     1
102
RTVSPropertyOp28
 70
     1
102
RTVSPropertyOp29
 70
     1
102
RTVSPropertyOp30
 70
     1
102
RTVSPropertyOp31
 70
     1
102
RTVSPropertyOp32
 70
     1
102
RTVSPropertyOp33
 70
     1
102
RTVSPropertyOp34
 70
     1
102
RTVSPropertyOp35
 70
     1
102
RTVSPropertyOp36
 70
     1
102
RTVSPropertyOp37
 70
     1
102
RTVSPropertyOp38
 70
     1
102
RTVSPropertyOp39
 70
     1
102
RTVSPropertyOp40
 70
     1
102
RTVSPropertyOp41
 70
     1
102
RTVSPropertyOp42
 70
     1
102
RTVSPropertyOp43
 70
     1
102
RTVSPropertyOp44
 70
     1
102
RTVSPropertyOp45
 70
     1
102
RTVSPropertyOp46
 70
     1
102
RTVSPropertyOp47
 70
     1
102
RTVSPropertyOp48
 70
     1
102
RTVSPropertyOp49
 70
     1
102
RTVSPropertyOp50
 70
     1
102
RTVSPropertyOp51
 70
     0
102
RTVSPropertyOp52
 70
     0
102
RTVSPropertyOp53
 70
     1
102
RTVSPropertyOp54
 70
     1
102
RTVSPropertyOp55
 70
     1
102
RTVSPropertyOp56
 70
     1
102
RTVSPropertyOp57
 70
     1
102
RTVSPost2010Prop28
280
     0
102
RTVSPost2010PropOp28
 70
     1
102
RTVSPost2010Prop29
280
     1
102
RTVSPost2010PropOp29
 70
     1
102
RTVSPost2010Prop30
280
     1
102
RTVSPost2010PropOp30
 70
     1
102
RTVSPost2010Prop31
280
     0
102
RTVSPost2010PropOp31
 70
     1
102
RTVSPost2010Prop32
280
     0
102
RTVSPost2010PropOp32
 70
     1
102
RTVSPost2010Prop33
280
     0
102
RTVSPost2010PropOp33
 70
     1
102
RTVSPost2010Prop34
280
     0
102
RTVSPost2010PropOp34
 70
     1
102
RTVSPost2010Prop35
280
     0
102
RTVSPost2010PropOp35
 70
     1
102
RTVSPost2010Prop36
280
     0
102
RTVSPost2010PropOp36
 70
     1
102
RTVSPost2010Prop37
 90
       50
102
RTVSPost2010PropOp37
 70
     1
102
RTVSPost2010Prop38
140
0.0
102
RTVSPost2010PropOp38
 70
     1
102
RTVSPost2010Prop39
140
1.0
102
RTVSPost2010PropOp39
 70
     1
102
RTVSPost2010Prop40
 90
        0
102
RTVSPost2010PropOp40
 70
     1
102
RTVSPost2010Prop41ColorIndex
 90
       18
102
RTVSPost2010Prop41ColorRGB
 90
        0
102
RTVSPost2010PropOp41
 70
     1
102
RTVSPost2010Prop42
 90
       50
102
RTVSPost2010PropOp42
 70
     1
102
RTVSPost2010Prop43
 90
        3
102
RTVSPost2010PropOp43
 70
     1
102
RTVSPost2010Prop44ColorIndex
 90
        5
102
RTVSPost2010Prop44ColorRGB
 90
      255
102
RTVSPost2010PropOp44
 70
     1
102
RTVSPost2010Prop45
280
     0
102
RTVSPost2010PropOp45
 70
     1
102
RTVSPost2010Prop46
 90
       50
102
RTVSPost2010PropOp46
 70
     1
102
RTVSPost2010Prop47
 90
       50
102
RTVSPost2010PropOp47
 70
     1
102
RTVSPost2010Prop48
 90
       50
102
RTVSPost2010PropOp48
 70
     1
102
RTVSPost2010Prop49
280
     0
102
RTVSPost2010PropOp49
 70
     1
102
RTVSPost2010Prop50
 90
       50
102
RTVSPost2010PropOp50
 70
     1
102
RTVSPost2010Prop51ColorIndex
 90
      256
102
RTVSPost2010Prop51ColorRGB
 90
-16777216
102
RTVSPost2010PropOp51
 70
     0
102
RTVSPost2010Prop52
140
1.0
102
RTVSPost2010PropOp52
 70
     0
102
RTVSPost2010Prop53
 90
        2
102
RTVSPost2010PropOp53
 70
     1
102
RTVSPost2010Prop54
  1
strokes_ogs.tif
102
RTVSPost2010PropOp54
 70
     1
102
RTVSPost2010Prop55
280
     0
102
RTVSPost2010PropOp55
 70
     1
102
RTVSPost2010Prop56
140
1.0
102
RTVSPost2010PropOp56
 70
     1
102
RTVSPost2010Prop57
140
1.0
102
RTVSPost2010PropOp57
 70
     1
  0
XRECORD
  5
107D
102
{ACAD_REACTORS
330
107C
102
}
330
107C
100
AcDbXrecord
280
     1
102
RTVSPropertyOp0
 70
     1
102
RTVSPropertyOp1
 70
     1
102
RTVSPropertyOp2
 70
     1
102
RTVSPropertyOp3
 70
     1
102
RTVSPropertyOp4
 70
     1
102
RTVSPropertyOp5
 70
     1
102
RTVSPropertyOp6
 70
     1
102
RTVSPropertyOp7
 70
     1
102
RTVSPropertyOp8
 70
     1
102
RTVSPropertyOp9
 70
     1
102
RTVSPropertyOp10
 70
     1
102
RTVSPropertyOp11
 70
     1
102
RTVSPropertyOp12
 70
     1
102
RTVSPropertyOp13
 70
     1
102
RTVSPropertyOp14
 70
     1
102
RTVSPropertyOp15
 70
     1
102
RTVSPropertyOp16
 70
     1
102
RTVSPropertyOp17
 70
     1
102
RTVSPropertyOp18
 70
     1
102
RTVSPropertyOp19
 70
     1
102
RTVSPropertyOp20
 70
     1
102
RTVSPropertyOp21
 70
     1
102
RTVSPropertyOp22
 70
     1
102
RTVSPropertyOp23
 70
     1
102
RTVSPropertyOp24
 70
     1
102
RTVSPropertyOp25
 70
     1
102
RTVSPropertyOp26
 70
     1
102
RTVSPropertyOp27
 70
     1
102
RTVSPropertyOp28
 70
     1
102
RTVSPropertyOp29
 70
     1
102
RTVSPropertyOp30
 70
     1
102
RTVSPropertyOp31
 70
     1
102
RTVSPropertyOp32
 70
     1
102
RTVSPropertyOp33
 70
     1
102
RTVSPropertyOp34
 70
     1
102
RTVSPropertyOp35
 70
     1
102
RTVSPropertyOp36
 70
     1
102
RTVSPropertyOp37
 70
     1
102
RTVSPropertyOp38
 70
     1
102
RTVSPropertyOp39
 70
     1
102
RTVSPropertyOp40
 70
     1
102
RTVSPropertyOp41
 70
     1
102
RTVSPropertyOp42
 70
     1
102
RTVSPropertyOp43
 70
     1
102
RTVSPropertyOp44
 70
     1
102
RTVSPropertyOp45
 70
     1
102
RTVSPropertyOp46
 70
     1
102
RTVSPropertyOp47
 70
     1
102
RTVSPropertyOp48
 70
     1
102
RTVSPropertyOp49
 70
     1
102
RTVSPropertyOp50
 70
     1
102
RTVSPropertyOp51
 70
     0
102
RTVSPropertyOp52
 70
     0
102
RTVSPropertyOp53
 70
     1
102
RTVSPropertyOp54
 70
     1
102
RTVSPropertyOp55
 70
     1
102
RTVSPropertyOp56
 70
     1
102
RTVSPropertyOp57
 70
     1
102
RTVSPost2010Prop28
280
     0
102
RTVSPost2010PropOp28
 70
     1
102
RTVSPost2010Prop29
280
     1
102
RTVSPost2010PropOp29
 70
     1
102
RTVSPost2010Prop30
280
     1
102
RTVSPost2010PropOp30
 70
     1
102
RTVSPost2010Prop31
280
     0
102
RTVSPost2010PropOp31
 70
     1
102
RTVSPost2010Prop32
280
     0
102
RTVSPost2010PropOp32
 70
     1
102
RTVSPost2010Prop33
280
     0
102
RTVSPost2010PropOp33
 70
     1
102
RTVSPost2010Prop34
280
     0
102
RTVSPost2010PropOp34
 70
     1
102
RTVSPost2010Prop35
280
     0
102
RTVSPost2010PropOp35
 70
     1
102
RTVSPost2010Prop36
280
     0
102
RTVSPost2010PropOp36
 70
     1
102
RTVSPost2010Prop37
 90
       50
102
RTVSPost2010PropOp37
 70
     1
102
RTVSPost2010Prop38
140
0.0
102
RTVSPost2010PropOp38
 70
     1
102
RTVSPost2010Prop39
140
1.0
102
RTVSPost2010PropOp39
 70
     1
102
RTVSPost2010Prop40
 90
        0
102
RTVSPost2010PropOp40
 70
     1
102
RTVSPost2010Prop41ColorIndex
 90
       18
102
RTVSPost2010Prop41ColorRGB
 90
        0
102
RTVSPost2010PropOp41
 70
     1
102
RTVSPost2010Prop42
 90
       50
102
RTVSPost2010PropOp42
 70
     1
102
RTVSPost2010Prop43
 90
        3
102
RTVSPost2010PropOp43
 70
     1
102
RTVSPost2010Prop44ColorIndex
 90
        5
102
RTVSPost2010Prop44ColorRGB
 90
      255
102
RTVSPost2010PropOp44
 70
     1
102
RTVSPost2010Prop45
280
     0
102
RTVSPost2010PropOp45
 70
     1
102
RTVSPost2010Prop46
 90
       50
102
RTVSPost2010PropOp46
 70
     1
102
RTVSPost2010Prop47
 90
       50
102
RTVSPost2010PropOp47
 70
     1
102
RTVSPost2010Prop48
 90
       50
102
RTVSPost2010PropOp48
 70
     1
102
RTVSPost2010Prop49
280
     0
102
RTVSPost2010PropOp49
 70
     1
102
RTVSPost2010Prop50
 90
       50
102
RTVSPost2010PropOp50
 70
     1
102
RTVSPost2010Prop51ColorIndex
 90
      256
102
RTVSPost2010Prop51ColorRGB
 90
-16777216
102
RTVSPost2010PropOp51
 70
     0
102
RTVSPost2010Prop52
140
1.0
102
RTVSPost2010PropOp52
 70
     0
102
RTVSPost2010Prop53
 90
        2
102
RTVSPost2010PropOp53
 70
     1
102
RTVSPost2010Prop54
  1
strokes_ogs.tif
102
RTVSPost2010PropOp54
 70
     1
102
RTVSPost2010Prop55
280
     0
102
RTVSPost2010PropOp55
 70
     1
102
RTVSPost2010Prop56
140
1.0
102
RTVSPost2010PropOp56
 70
     1
102
RTVSPost2010Prop57
140
1.0
102
RTVSPost2010PropOp57
 70
     1
  0
XRECORD
  5
107F
102
{ACAD_REACTORS
330
107E
102
}
330
107E
100
AcDbXrecord
280
     1
102
RTVSPropertyOp0
 70
     1
102
RTVSPropertyOp1
 70
     1
102
RTVSPropertyOp2
 70
     1
102
RTVSPropertyOp3
 70
     1
102
RTVSPropertyOp4
 70
     1
102
RTVSPropertyOp5
 70
     1
102
RTVSPropertyOp6
 70
     1
102
RTVSPropertyOp7
 70
     1
102
RTVSPropertyOp8
 70
     1
102
RTVSPropertyOp9
 70
     1
102
RTVSPropertyOp10
 70
     1
102
RTVSPropertyOp11
 70
     1
102
RTVSPropertyOp12
 70
     1
102
RTVSPropertyOp13
 70
     1
102
RTVSPropertyOp14
 70
     1
102
RTVSPropertyOp15
 70
     1
102
RTVSPropertyOp16
 70
     1
102
RTVSPropertyOp17
 70
     1
102
RTVSPropertyOp18
 70
     1
102
RTVSPropertyOp19
 70
     1
102
RTVSPropertyOp20
 70
     1
102
RTVSPropertyOp21
 70
     1
102
RTVSPropertyOp22
 70
     1
102
RTVSPropertyOp23
 70
     1
102
RTVSPropertyOp24
 70
     1
102
RTVSPropertyOp25
 70
     1
102
RTVSPropertyOp26
 70
     1
102
RTVSPropertyOp27
 70
     1
102
RTVSPropertyOp28
 70
     1
102
RTVSPropertyOp29
 70
     1
102
RTVSPropertyOp30
 70
     1
102
RTVSPropertyOp31
 70
     1
102
RTVSPropertyOp32
 70
     1
102
RTVSPropertyOp33
 70
     1
102
RTVSPropertyOp34
 70
     1
102
RTVSPropertyOp35
 70
     1
102
RTVSPropertyOp36
 70
     1
102
RTVSPropertyOp37
 70
     1
102
RTVSPropertyOp38
 70
     1
102
RTVSPropertyOp39
 70
     1
102
RTVSPropertyOp40
 70
     1
102
RTVSPropertyOp41
 70
     1
102
RTVSPropertyOp42
 70
     1
102
RTVSPropertyOp43
 70
     1
102
RTVSPropertyOp44
 70
     1
102
RTVSPropertyOp45
 70
     1
102
RTVSPropertyOp46
 70
     1
102
RTVSPropertyOp47
 70
     1
102
RTVSPropertyOp48
 70
     1
102
RTVSPropertyOp49
 70
     1
102
RTVSPropertyOp50
 70
     1
102
RTVSPropertyOp51
 70
     0
102
RTVSPropertyOp52
 70
     0
102
RTVSPropertyOp53
 70
     1
102
RTVSPropertyOp54
 70
     1
102
RTVSPropertyOp55
 70
     1
102
RTVSPropertyOp56
 70
     1
102
RTVSPropertyOp57
 70
     1
102
RTVSPost2010Prop28
280
     0
102
RTVSPost2010PropOp28
 70
     1
102
RTVSPost2010Prop29
280
     1
102
RTVSPost2010PropOp29
 70
     1
102
RTVSPost2010Prop30
280
     1
102
RTVSPost2010PropOp30
 70
     1
102
RTVSPost2010Prop31
280
     0
102
RTVSPost2010PropOp31
 70
     1
102
RTVSPost2010Prop32
280
     0
102
RTVSPost2010PropOp32
 70
     1
102
RTVSPost2010Prop33
280
     0
102
RTVSPost2010PropOp33
 70
     1
102
RTVSPost2010Prop34
280
     0
102
RTVSPost2010PropOp34
 70
     1
102
RTVSPost2010Prop35
280
     0
102
RTVSPost2010PropOp35
 70
     1
102
RTVSPost2010Prop36
280
     0
102
RTVSPost2010PropOp36
 70
     1
102
RTVSPost2010Prop37
 90
       50
102
RTVSPost2010PropOp37
 70
     1
102
RTVSPost2010Prop38
140
0.0
102
RTVSPost2010PropOp38
 70
     1
102
RTVSPost2010Prop39
140
1.0
102
RTVSPost2010PropOp39
 70
     1
102
RTVSPost2010Prop40
 90
        0
102
RTVSPost2010PropOp40
 70
     1
102
RTVSPost2010Prop41ColorIndex
 90
       18
102
RTVSPost2010Prop41ColorRGB
 90
        0
102
RTVSPost2010PropOp41
 70
     1
102
RTVSPost2010Prop42
 90
       50
102
RTVSPost2010PropOp42
 70
     1
102
RTVSPost2010Prop43
 90
        3
102
RTVSPost2010PropOp43
 70
     1
102
RTVSPost2010Prop44ColorIndex
 90
        5
102
RTVSPost2010Prop44ColorRGB
 90
      255
102
RTVSPost2010PropOp44
 70
     1
102
RTVSPost2010Prop45
280
     0
102
RTVSPost2010PropOp45
 70
     1
102
RTVSPost2010Prop46
 90
       50
102
RTVSPost2010PropOp46
 70
     1
102
RTVSPost2010Prop47
 90
       50
102
RTVSPost2010PropOp47
 70
     1
102
RTVSPost2010Prop48
 90
       50
102
RTVSPost2010PropOp48
 70
     1
102
RTVSPost2010Prop49
280
     0
102
RTVSPost2010PropOp49
 70
     1
102
RTVSPost2010Prop50
 90
       50
102
RTVSPost2010PropOp50
 70
     1
102
RTVSPost2010Prop51ColorIndex
 90
      256
102
RTVSPost2010Prop51ColorRGB
 90
-16777216
102
RTVSPost2010PropOp51
 70
     0
102
RTVSPost2010Prop52
140
1.0
102
RTVSPost2010PropOp52
 70
     0
102
RTVSPost2010Prop53
 90
        2
102
RTVSPost2010PropOp53
 70
     1
102
RTVSPost2010Prop54
  1
strokes_ogs.tif
102
RTVSPost2010PropOp54
 70
     1
102
RTVSPost2010Prop55
280
     0
102
RTVSPost2010PropOp55
 70
     1
102
RTVSPost2010Prop56
140
1.0
102
RTVSPost2010PropOp56
 70
     1
102
RTVSPost2010Prop57
140
1.0
102
RTVSPost2010PropOp57
 70
     1
  0
XRECORD
  5
1081
102
{ACAD_REACTORS
330
1080
102
}
330
1080
100
AcDbXrecord
280
     1
102
RTVSPropertyOp0
 70
     1
102
RTVSPropertyOp1
 70
     1
102
RTVSPropertyOp2
 70
     1
102
RTVSPropertyOp3
 70
     1
102
RTVSPropertyOp4
 70
     1
102
RTVSPropertyOp5
 70
     1
102
RTVSPropertyOp6
 70
     1
102
RTVSPropertyOp7
 70
     1
102
RTVSPropertyOp8
 70
     1
102
RTVSPropertyOp9
 70
     1
102
RTVSPropertyOp10
 70
     1
102
RTVSPropertyOp11
 70
     1
102
RTVSPropertyOp12
 70
     1
102
RTVSPropertyOp13
 70
     1
102
RTVSPropertyOp14
 70
     1
102
RTVSPropertyOp15
 70
     1
102
RTVSPropertyOp16
 70
     1
102
RTVSPropertyOp17
 70
     1
102
RTVSPropertyOp18
 70
     1
102
RTVSPropertyOp19
 70
     1
102
RTVSPropertyOp20
 70
     1
102
RTVSPropertyOp21
 70
     1
102
RTVSPropertyOp22
 70
     1
102
RTVSPropertyOp23
 70
     1
102
RTVSPropertyOp24
 70
     1
102
RTVSPropertyOp25
 70
     1
102
RTVSPropertyOp26
 70
     1
102
RTVSPropertyOp27
 70
     1
102
RTVSPropertyOp28
 70
     1
102
RTVSPropertyOp29
 70
     1
102
RTVSPropertyOp30
 70
     1
102
RTVSPropertyOp31
 70
     1
102
RTVSPropertyOp32
 70
     1
102
RTVSPropertyOp33
 70
     1
102
RTVSPropertyOp34
 70
     1
102
RTVSPropertyOp35
 70
     1
102
RTVSPropertyOp36
 70
     1
102
RTVSPropertyOp37
 70
     1
102
RTVSPropertyOp38
 70
     1
102
RTVSPropertyOp39
 70
     1
102
RTVSPropertyOp40
 70
     1
102
RTVSPropertyOp41
 70
     1
102
RTVSPropertyOp42
 70
     1
102
RTVSPropertyOp43
 70
     1
102
RTVSPropertyOp44
 70
     1
102
RTVSPropertyOp45
 70
     1
102
RTVSPropertyOp46
 70
     1
102
RTVSPropertyOp47
 70
     1
102
RTVSPropertyOp48
 70
     1
102
RTVSPropertyOp49
 70
     1
102
RTVSPropertyOp50
 70
     1
102
RTVSPropertyOp51
 70
     0
102
RTVSPropertyOp52
 70
     0
102
RTVSPropertyOp53
 70
     1
102
RTVSPropertyOp54
 70
     1
102
RTVSPropertyOp55
 70
     1
102
RTVSPropertyOp56
 70
     1
102
RTVSPropertyOp57
 70
     1
102
RTVSPost2010Prop28
280
     0
102
RTVSPost2010PropOp28
 70
     1
102
RTVSPost2010Prop29
280
     1
102
RTVSPost2010PropOp29
 70
     1
102
RTVSPost2010Prop30
280
     1
102
RTVSPost2010PropOp30
 70
     1
102
RTVSPost2010Prop31
280
     0
102
RTVSPost2010PropOp31
 70
     1
102
RTVSPost2010Prop32
280
     0
102
RTVSPost2010PropOp32
 70
     1
102
RTVSPost2010Prop33
280
     0
102
RTVSPost2010PropOp33
 70
     1
102
RTVSPost2010Prop34
280
     0
102
RTVSPost2010PropOp34
 70
     1
102
RTVSPost2010Prop35
280
     0
102
RTVSPost2010PropOp35
 70
     1
102
RTVSPost2010Prop36
280
     0
102
RTVSPost2010PropOp36
 70
     1
102
RTVSPost2010Prop37
 90
       50
102
RTVSPost2010PropOp37
 70
     1
102
RTVSPost2010Prop38
140
0.0
102
RTVSPost2010PropOp38
 70
     1
102
RTVSPost2010Prop39
140
1.0
102
RTVSPost2010PropOp39
 70
     1
102
RTVSPost2010Prop40
 90
        0
102
RTVSPost2010PropOp40
 70
     1
102
RTVSPost2010Prop41ColorIndex
 90
       18
102
RTVSPost2010Prop41ColorRGB
 90
        0
102
RTVSPost2010PropOp41
 70
     1
102
RTVSPost2010Prop42
 90
       50
102
RTVSPost2010PropOp42
 70
     1
102
RTVSPost2010Prop43
 90
        3
102
RTVSPost2010PropOp43
 70
     1
102
RTVSPost2010Prop44ColorIndex
 90
        5
102
RTVSPost2010Prop44ColorRGB
 90
      255
102
RTVSPost2010PropOp44
 70
     1
102
RTVSPost2010Prop45
280
     0
102
RTVSPost2010PropOp45
 70
     1
102
RTVSPost2010Prop46
 90
       50
102
RTVSPost2010PropOp46
 70
     1
102
RTVSPost2010Prop47
 90
       50
102
RTVSPost2010PropOp47
 70
     1
102
RTVSPost2010Prop48
 90
       50
102
RTVSPost2010PropOp48
 70
     1
102
RTVSPost2010Prop49
280
     0
102
RTVSPost2010PropOp49
 70
     1
102
RTVSPost2010Prop50
 90
       50
102
RTVSPost2010PropOp50
 70
     1
102
RTVSPost2010Prop51ColorIndex
 90
      256
102
RTVSPost2010Prop51ColorRGB
 90
-16777216
102
RTVSPost2010PropOp51
 70
     0
102
RTVSPost2010Prop52
140
1.0
102
RTVSPost2010PropOp52
 70
     0
102
RTVSPost2010Prop53
 90
        2
102
RTVSPost2010PropOp53
 70
     1
102
RTVSPost2010Prop54
  1
strokes_ogs.tif
102
RTVSPost2010PropOp54
 70
     1
102
RTVSPost2010Prop55
280
     0
102
RTVSPost2010PropOp55
 70
     1
102
RTVSPost2010Prop56
140
1.0
102
RTVSPost2010PropOp56
 70
     1
102
RTVSPost2010Prop57
140
1.0
102
RTVSPost2010PropOp57
 70
     1
  0
XRECORD
  5
1083
102
{ACAD_REACTORS
330
1082
102
}
330
1082
100
AcDbXrecord
280
     1
102
RTVSPropertyOp0
 70
     0
102
RTVSPropertyOp1
 70
     0
102
RTVSPropertyOp2
 70
     0
102
RTVSPropertyOp3
 70
     0
102
RTVSPropertyOp4
 70
     0
102
RTVSPropertyOp5
 70
     0
102
RTVSPropertyOp6
 70
     0
102
RTVSPropertyOp7
 70
     0
102
RTVSPropertyOp8
 70
     0
102
RTVSPropertyOp9
 70
     0
102
RTVSPropertyOp10
 70
     0
102
RTVSPropertyOp11
 70
     0
102
RTVSPropertyOp12
 70
     0
102
RTVSPropertyOp13
 70
     0
102
RTVSPropertyOp14
 70
     2
102
RTVSPropertyOp15
 70
     0
102
RTVSPropertyOp16
 70
     0
102
RTVSPropertyOp17
 70
     0
102
RTVSPropertyOp18
 70
     0
102
RTVSPropertyOp19
 70
     0
102
RTVSPropertyOp20
 70
     0
102
RTVSPropertyOp21
 70
     0
102
RTVSPropertyOp22
 70
     0
102
RTVSPropertyOp23
 70
     0
102
RTVSPropertyOp24
 70
     0
102
RTVSPropertyOp25
 70
     0
102
RTVSPropertyOp26
 70
     0
102
RTVSPropertyOp27
 70
     0
102
RTVSPropertyOp28
 70
     1
102
RTVSPropertyOp29
 70
     1
102
RTVSPropertyOp30
 70
     1
102
RTVSPropertyOp31
 70
     1
102
RTVSPropertyOp32
 70
     1
102
RTVSPropertyOp33
 70
     1
102
RTVSPropertyOp34
 70
     1
102
RTVSPropertyOp35
 70
     1
102
RTVSPropertyOp36
 70
     1
102
RTVSPropertyOp37
 70
     1
102
RTVSPropertyOp38
 70
     1
102
RTVSPropertyOp39
 70
     1
102
RTVSPropertyOp40
 70
     1
102
RTVSPropertyOp41
 70
     1
102
RTVSPropertyOp42
 70
     1
102
RTVSPropertyOp43
 70
     1
102
RTVSPropertyOp44
 70
     1
102
RTVSPropertyOp45
 70
     1
102
RTVSPropertyOp46
 70
     1
102
RTVSPropertyOp47
 70
     1
102
RTVSPropertyOp48
 70
     1
102
RTVSPropertyOp49
 70
     1
102
RTVSPropertyOp50
 70
     1
102
RTVSPropertyOp51
 70
     0
102
RTVSPropertyOp52
 70
     0
102
RTVSPropertyOp53
 70
     1
102
RTVSPropertyOp54
 70
     1
102
RTVSPropertyOp55
 70
     1
102
RTVSPropertyOp56
 70
     1
102
RTVSPropertyOp57
 70
     1
102
RTVSPost2010Prop28
280
     0
102
RTVSPost2010PropOp28
 70
     1
102
RTVSPost2010Prop29
280
     1
102
RTVSPost2010PropOp29
 70
     1
102
RTVSPost2010Prop30
280
     1
102
RTVSPost2010PropOp30
 70
     1
102
RTVSPost2010Prop31
280
     0
102
RTVSPost2010PropOp31
 70
     1
102
RTVSPost2010Prop32
280
     0
102
RTVSPost2010PropOp32
 70
     1
102
RTVSPost2010Prop33
280
     0
102
RTVSPost2010PropOp33
 70
     1
102
RTVSPost2010Prop34
280
     0
102
RTVSPost2010PropOp34
 70
     1
102
RTVSPost2010Prop35
280
     0
102
RTVSPost2010PropOp35
 70
     1
102
RTVSPost2010Prop36
280
     0
102
RTVSPost2010PropOp36
 70
     1
102
RTVSPost2010Prop37
 90
       50
102
RTVSPost2010PropOp37
 70
     1
102
RTVSPost2010Prop38
140
0.0
102
RTVSPost2010PropOp38
 70
     1
102
RTVSPost2010Prop39
140
1.0
102
RTVSPost2010PropOp39
 70
     1
102
RTVSPost2010Prop40
 90
        0
102
RTVSPost2010PropOp40
 70
     1
102
RTVSPost2010Prop41ColorIndex
 90
       18
102
RTVSPost2010Prop41ColorRGB
 90
        0
102
RTVSPost2010PropOp41
 70
     1
102
RTVSPost2010Prop42
 90
       50
102
RTVSPost2010PropOp42
 70
     1
102
RTVSPost2010Prop43
 90
        3
102
RTVSPost2010PropOp43
 70
     1
102
RTVSPost2010Prop44ColorIndex
 90
        5
102
RTVSPost2010Prop44ColorRGB
 90
      255
102
RTVSPost2010PropOp44
 70
     1
102
RTVSPost2010Prop45
280
     0
102
RTVSPost2010PropOp45
 70
     1
102
RTVSPost2010Prop46
 90
       50
102
RTVSPost2010PropOp46
 70
     1
102
RTVSPost2010Prop47
 90
       50
102
RTVSPost2010PropOp47
 70
     1
102
RTVSPost2010Prop48
 90
       50
102
RTVSPost2010PropOp48
 70
     1
102
RTVSPost2010Prop49
280
     0
102
RTVSPost2010PropOp49
 70
     1
102
RTVSPost2010Prop50
 90
       50
102
RTVSPost2010PropOp50
 70
     1
102
RTVSPost2010Prop51ColorIndex
 90
      256
102
RTVSPost2010Prop51ColorRGB
 90
-16777216
102
RTVSPost2010PropOp51
 70
     0
102
RTVSPost2010Prop52
140
1.0
102
RTVSPost2010PropOp52
 70
     0
102
RTVSPost2010Prop53
 90
        2
102
RTVSPost2010PropOp53
 70
     1
102
RTVSPost2010Prop54
  1
strokes_ogs.tif
102
RTVSPost2010PropOp54
 70
     1
102
RTVSPost2010Prop55
280
     0
102
RTVSPost2010PropOp55
 70
     1
102
RTVSPost2010Prop56
140
1.0
102
RTVSPost2010PropOp56
 70
     1
102
RTVSPost2010Prop57
140
1.0
102
RTVSPost2010PropOp57
 70
     1
  0
XRECORD
  5
1085
102
{ACAD_REACTORS
330
1084
102
}
330
1084
100
AcDbXrecord
280
     1
102
RTVSPropertyOp0
 70
     1
102
RTVSPropertyOp1
 70
     1
102
RTVSPropertyOp2
 70
     1
102
RTVSPropertyOp3
 70
     1
102
RTVSPropertyOp4
 70
     1
102
RTVSPropertyOp5
 70
     1
102
RTVSPropertyOp6
 70
     1
102
RTVSPropertyOp7
 70
     1
102
RTVSPropertyOp8
 70
     1
102
RTVSPropertyOp9
 70
     1
102
RTVSPropertyOp10
 70
     1
102
RTVSPropertyOp11
 70
     1
102
RTVSPropertyOp12
 70
     1
102
RTVSPropertyOp13
 70
     1
102
RTVSPropertyOp14
 70
     1
102
RTVSPropertyOp15
 70
     1
102
RTVSPropertyOp16
 70
     1
102
RTVSPropertyOp17
 70
     1
102
RTVSPropertyOp18
 70
     1
102
RTVSPropertyOp19
 70
     1
102
RTVSPropertyOp20
 70
     1
102
RTVSPropertyOp21
 70
     1
102
RTVSPropertyOp22
 70
     1
102
RTVSPropertyOp23
 70
     1
102
RTVSPropertyOp24
 70
     1
102
RTVSPropertyOp25
 70
     1
102
RTVSPropertyOp26
 70
     1
102
RTVSPropertyOp27
 70
     1
102
RTVSPropertyOp28
 70
     1
102
RTVSPropertyOp29
 70
     1
102
RTVSPropertyOp30
 70
     1
102
RTVSPropertyOp31
 70
     1
102
RTVSPropertyOp32
 70
     1
102
RTVSPropertyOp33
 70
     1
102
RTVSPropertyOp34
 70
     1
102
RTVSPropertyOp35
 70
     1
102
RTVSPropertyOp36
 70
     1
102
RTVSPropertyOp37
 70
     1
102
RTVSPropertyOp38
 70
     1
102
RTVSPropertyOp39
 70
     1
102
RTVSPropertyOp40
 70
     1
102
RTVSPropertyOp41
 70
     1
102
RTVSPropertyOp42
 70
     1
102
RTVSPropertyOp43
 70
     1
102
RTVSPropertyOp44
 70
     1
102
RTVSPropertyOp45
 70
     1
102
RTVSPropertyOp46
 70
     1
102
RTVSPropertyOp47
 70
     1
102
RTVSPropertyOp48
 70
     1
102
RTVSPropertyOp49
 70
     1
102
RTVSPropertyOp50
 70
     1
102
RTVSPropertyOp51
 70
     0
102
RTVSPropertyOp52
 70
     0
102
RTVSPropertyOp53
 70
     1
102
RTVSPropertyOp54
 70
     1
102
RTVSPropertyOp55
 70
     1
102
RTVSPropertyOp56
 70
     1
102
RTVSPropertyOp57
 70
     1
102
RTVSPost2010Prop28
280
     0
102
RTVSPost2010PropOp28
 70
     1
102
RTVSPost2010Prop29
280
     1
102
RTVSPost2010PropOp29
 70
     1
102
RTVSPost2010Prop30
280
     1
102
RTVSPost2010PropOp30
 70
     1
102
RTVSPost2010Prop31
280
     0
102
RTVSPost2010PropOp31
 70
     1
102
RTVSPost2010Prop32
280
     0
102
RTVSPost2010PropOp32
 70
     1
102
RTVSPost2010Prop33
280
     0
102
RTVSPost2010PropOp33
 70
     1
102
RTVSPost2010Prop34
280
     0
102
RTVSPost2010PropOp34
 70
     1
102
RTVSPost2010Prop35
280
     0
102
RTVSPost2010PropOp35
 70
     1
102
RTVSPost2010Prop36
280
     0
102
RTVSPost2010PropOp36
 70
     1
102
RTVSPost2010Prop37
 90
       50
102
RTVSPost2010PropOp37
 70
     1
102
RTVSPost2010Prop38
140
0.0
102
RTVSPost2010PropOp38
 70
     1
102
RTVSPost2010Prop39
140
1.0
102
RTVSPost2010PropOp39
 70
     1
102
RTVSPost2010Prop40
 90
        0
102
RTVSPost2010PropOp40
 70
     1
102
RTVSPost2010Prop41ColorIndex
 90
       18
102
RTVSPost2010Prop41ColorRGB
 90
        0
102
RTVSPost2010PropOp41
 70
     1
102
RTVSPost2010Prop42
 90
       50
102
RTVSPost2010PropOp42
 70
     1
102
RTVSPost2010Prop43
 90
        3
102
RTVSPost2010PropOp43
 70
     1
102
RTVSPost2010Prop44ColorIndex
 90
        5
102
RTVSPost2010Prop44ColorRGB
 90
      255
102
RTVSPost2010PropOp44
 70
     1
102
RTVSPost2010Prop45
280
     0
102
RTVSPost2010PropOp45
 70
     1
102
RTVSPost2010Prop46
 90
       50
102
RTVSPost2010PropOp46
 70
     1
102
RTVSPost2010Prop47
 90
       50
102
RTVSPost2010PropOp47
 70
     1
102
RTVSPost2010Prop48
 90
       50
102
RTVSPost2010PropOp48
 70
     1
102
RTVSPost2010Prop49
280
     0
102
RTVSPost2010PropOp49
 70
     1
102
RTVSPost2010Prop50
 90
       50
102
RTVSPost2010PropOp50
 70
     1
102
RTVSPost2010Prop51ColorIndex
 90
      256
102
RTVSPost2010Prop51ColorRGB
 90
-16777216
102
RTVSPost2010PropOp51
 70
     0
102
RTVSPost2010Prop52
140
1.0
102
RTVSPost2010PropOp52
 70
     0
102
RTVSPost2010Prop53
 90
        2
102
RTVSPost2010PropOp53
 70
     1
102
RTVSPost2010Prop54
  1
strokes_ogs.tif
102
RTVSPost2010PropOp54
 70
     1
102
RTVSPost2010Prop55
280
     0
102
RTVSPost2010PropOp55
 70
     1
102
RTVSPost2010Prop56
140
1.0
102
RTVSPost2010PropOp56
 70
     1
102
RTVSPost2010Prop57
140
1.0
102
RTVSPost2010PropOp57
 70
     1
  0
XRECORD
  5
1087
102
{ACAD_REACTORS
330
1086
102
}
330
1086
100
AcDbXrecord
280
     1
102
RTVSPropertyOp0
 70
     0
102
RTVSPropertyOp1
 70
     0
102
RTVSPropertyOp2
 70
     0
102
RTVSPropertyOp3
 70
     0
102
RTVSPropertyOp4
 70
     0
102
RTVSPropertyOp5
 70
     0
102
RTVSPropertyOp6
 70
     0
102
RTVSPropertyOp7
 70
     0
102
RTVSPropertyOp8
 70
     0
102
RTVSPropertyOp9
 70
     0
102
RTVSPropertyOp10
 70
     0
102
RTVSPropertyOp11
 70
     0
102
RTVSPropertyOp12
 70
     0
102
RTVSPropertyOp13
 70
     0
102
RTVSPropertyOp14
 70
     2
102
RTVSPropertyOp15
 70
     0
102
RTVSPropertyOp16
 70
     0
102
RTVSPropertyOp17
 70
     0
102
RTVSPropertyOp18
 70
     0
102
RTVSPropertyOp19
 70
     0
102
RTVSPropertyOp20
 70
     0
102
RTVSPropertyOp21
 70
     0
102
RTVSPropertyOp22
 70
     0
102
RTVSPropertyOp23
 70
     0
102
RTVSPropertyOp24
 70
     0
102
RTVSPropertyOp25
 70
     0
102
RTVSPropertyOp26
 70
     0
102
RTVSPropertyOp27
 70
     0
102
RTVSPropertyOp28
 70
     1
102
RTVSPropertyOp29
 70
     1
102
RTVSPropertyOp30
 70
     1
102
RTVSPropertyOp31
 70
     1
102
RTVSPropertyOp32
 70
     1
102
RTVSPropertyOp33
 70
     1
102
RTVSPropertyOp34
 70
     1
102
RTVSPropertyOp35
 70
     1
102
RTVSPropertyOp36
 70
     1
102
RTVSPropertyOp37
 70
     1
102
RTVSPropertyOp38
 70
     1
102
RTVSPropertyOp39
 70
     1
102
RTVSPropertyOp40
 70
     1
102
RTVSPropertyOp41
 70
     1
102
RTVSPropertyOp42
 70
     1
102
RTVSPropertyOp43
 70
     1
102
RTVSPropertyOp44
 70
     1
102
RTVSPropertyOp45
 70
     1
102
RTVSPropertyOp46
 70
     1
102
RTVSPropertyOp47
 70
     1
102
RTVSPropertyOp48
 70
     1
102
RTVSPropertyOp49
 70
     1
102
RTVSPropertyOp50
 70
     1
102
RTVSPropertyOp51
 70
     0
102
RTVSPropertyOp52
 70
     0
102
RTVSPropertyOp53
 70
     1
102
RTVSPropertyOp54
 70
     1
102
RTVSPropertyOp55
 70
     1
102
RTVSPropertyOp56
 70
     1
102
RTVSPropertyOp57
 70
     1
102
RTVSPost2010Prop28
280
     0
102
RTVSPost2010PropOp28
 70
     1
102
RTVSPost2010Prop29
280
     1
102
RTVSPost2010PropOp29
 70
     1
102
RTVSPost2010Prop30
280
     1
102
RTVSPost2010PropOp30
 70
     1
102
RTVSPost2010Prop31
280
     0
102
RTVSPost2010PropOp31
 70
     1
102
RTVSPost2010Prop32
280
     0
102
RTVSPost2010PropOp32
 70
     1
102
RTVSPost2010Prop33
280
     0
102
RTVSPost2010PropOp33
 70
     1
102
RTVSPost2010Prop34
280
     0
102
RTVSPost2010PropOp34
 70
     1
102
RTVSPost2010Prop35
280
     0
102
RTVSPost2010PropOp35
 70
     1
102
RTVSPost2010Prop36
280
     0
102
RTVSPost2010PropOp36
 70
     1
102
RTVSPost2010Prop37
 90
       50
102
RTVSPost2010PropOp37
 70
     1
102
RTVSPost2010Prop38
140
0.0
102
RTVSPost2010PropOp38
 70
     1
102
RTVSPost2010Prop39
140
1.0
102
RTVSPost2010PropOp39
 70
     1
102
RTVSPost2010Prop40
 90
        0
102
RTVSPost2010PropOp40
 70
     1
102
RTVSPost2010Prop41ColorIndex
 90
       18
102
RTVSPost2010Prop41ColorRGB
 90
        0
102
RTVSPost2010PropOp41
 70
     1
102
RTVSPost2010Prop42
 90
       50
102
RTVSPost2010PropOp42
 70
     1
102
RTVSPost2010Prop43
 90
        3
102
RTVSPost2010PropOp43
 70
     1
102
RTVSPost2010Prop44ColorIndex
 90
        5
102
RTVSPost2010Prop44ColorRGB
 90
      255
102
RTVSPost2010PropOp44
 70
     1
102
RTVSPost2010Prop45
280
     0
102
RTVSPost2010PropOp45
 70
     1
102
RTVSPost2010Prop46
 90
       50
102
RTVSPost2010PropOp46
 70
     1
102
RTVSPost2010Prop47
 90
       50
102
RTVSPost2010PropOp47
 70
     1
102
RTVSPost2010Prop48
 90
       50
102
RTVSPost2010PropOp48
 70
     1
102
RTVSPost2010Prop49
280
     0
102
RTVSPost2010PropOp49
 70
     1
102
RTVSPost2010Prop50
 90
       50
102
RTVSPost2010PropOp50
 70
     1
102
RTVSPost2010Prop51ColorIndex
 90
      256
102
RTVSPost2010Prop51ColorRGB
 90
-16777216
102
RTVSPost2010PropOp51
 70
     0
102
RTVSPost2010Prop52
140
1.0
102
RTVSPost2010PropOp52
 70
     0
102
RTVSPost2010Prop53
 90
        2
102
RTVSPost2010PropOp53
 70
     1
102
RTVSPost2010Prop54
  1
strokes_ogs.tif
102
RTVSPost2010PropOp54
 70
     1
102
RTVSPost2010Prop55
280
     0
102
RTVSPost2010PropOp55
 70
     1
102
RTVSPost2010Prop56
140
1.0
102
RTVSPost2010PropOp56
 70
     1
102
RTVSPost2010Prop57
140
1.0
102
RTVSPost2010PropOp57
 70
     1
  0
XRECORD
  5
1089
102
{ACAD_REACTORS
330
1088
102
}
330
1088
100
AcDbXrecord
280
     1
102
RTVSPropertyOp0
 70
     1
102
RTVSPropertyOp1
 70
     1
102
RTVSPropertyOp2
 70
     1
102
RTVSPropertyOp3
 70
     1
102
RTVSPropertyOp4
 70
     1
102
RTVSPropertyOp5
 70
     1
102
RTVSPropertyOp6
 70
     1
102
RTVSPropertyOp7
 70
     1
102
RTVSPropertyOp8
 70
     1
102
RTVSPropertyOp9
 70
     1
102
RTVSPropertyOp10
 70
     1
102
RTVSPropertyOp11
 70
     1
102
RTVSPropertyOp12
 70
     1
102
RTVSPropertyOp13
 70
     1
102
RTVSPropertyOp14
 70
     1
102
RTVSPropertyOp15
 70
     1
102
RTVSPropertyOp16
 70
     1
102
RTVSPropertyOp17
 70
     1
102
RTVSPropertyOp18
 70
     1
102
RTVSPropertyOp19
 70
     1
102
RTVSPropertyOp20
 70
     1
102
RTVSPropertyOp21
 70
     1
102
RTVSPropertyOp22
 70
     1
102
RTVSPropertyOp23
 70
     1
102
RTVSPropertyOp24
 70
     1
102
RTVSPropertyOp25
 70
     1
102
RTVSPropertyOp26
 70
     1
102
RTVSPropertyOp27
 70
     1
102
RTVSPropertyOp28
 70
     1
102
RTVSPropertyOp29
 70
     1
102
RTVSPropertyOp30
 70
     1
102
RTVSPropertyOp31
 70
     1
102
RTVSPropertyOp32
 70
     1
102
RTVSPropertyOp33
 70
     1
102
RTVSPropertyOp34
 70
     1
102
RTVSPropertyOp35
 70
     1
102
RTVSPropertyOp36
 70
     1
102
RTVSPropertyOp37
 70
     1
102
RTVSPropertyOp38
 70
     1
102
RTVSPropertyOp39
 70
     1
102
RTVSPropertyOp40
 70
     1
102
RTVSPropertyOp41
 70
     1
102
RTVSPropertyOp42
 70
     1
102
RTVSPropertyOp43
 70
     1
102
RTVSPropertyOp44
 70
     1
102
RTVSPropertyOp45
 70
     1
102
RTVSPropertyOp46
 70
     1
102
RTVSPropertyOp47
 70
     1
102
RTVSPropertyOp48
 70
     1
102
RTVSPropertyOp49
 70
     1
102
RTVSPropertyOp50
 70
     1
102
RTVSPropertyOp51
 70
     0
102
RTVSPropertyOp52
 70
     0
102
RTVSPropertyOp53
 70
     1
102
RTVSPropertyOp54
 70
     1
102
RTVSPropertyOp55
 70
     1
102
RTVSPropertyOp56
 70
     1
102
RTVSPropertyOp57
 70
     1
102
RTVSPost2010Prop28
280
     0
102
RTVSPost2010PropOp28
 70
     1
102
RTVSPost2010Prop29
280
     1
102
RTVSPost2010PropOp29
 70
     1
102
RTVSPost2010Prop30
280
     1
102
RTVSPost2010PropOp30
 70
     1
102
RTVSPost2010Prop31
280
     0
102
RTVSPost2010PropOp31
 70
     1
102
RTVSPost2010Prop32
280
     0
102
RTVSPost2010PropOp32
 70
     1
102
RTVSPost2010Prop33
280
     0
102
RTVSPost2010PropOp33
 70
     1
102
RTVSPost2010Prop34
280
     0
102
RTVSPost2010PropOp34
 70
     1
102
RTVSPost2010Prop35
280
     0
102
RTVSPost2010PropOp35
 70
     1
102
RTVSPost2010Prop36
280
     0
102
RTVSPost2010PropOp36
 70
     1
102
RTVSPost2010Prop37
 90
       50
102
RTVSPost2010PropOp37
 70
     1
102
RTVSPost2010Prop38
140
0.0
102
RTVSPost2010PropOp38
 70
     1
102
RTVSPost2010Prop39
140
1.0
102
RTVSPost2010PropOp39
 70
     1
102
RTVSPost2010Prop40
 90
        0
102
RTVSPost2010PropOp40
 70
     1
102
RTVSPost2010Prop41ColorIndex
 90
       18
102
RTVSPost2010Prop41ColorRGB
 90
        0
102
RTVSPost2010PropOp41
 70
     1
102
RTVSPost2010Prop42
 90
       50
102
RTVSPost2010PropOp42
 70
     1
102
RTVSPost2010Prop43
 90
        3
102
RTVSPost2010PropOp43
 70
     1
102
RTVSPost2010Prop44ColorIndex
 90
        5
102
RTVSPost2010Prop44ColorRGB
 90
      255
102
RTVSPost2010PropOp44
 70
     1
102
RTVSPost2010Prop45
280
     0
102
RTVSPost2010PropOp45
 70
     1
102
RTVSPost2010Prop46
 90
       50
102
RTVSPost2010PropOp46
 70
     1
102
RTVSPost2010Prop47
 90
       50
102
RTVSPost2010PropOp47
 70
     1
102
RTVSPost2010Prop48
 90
       50
102
RTVSPost2010PropOp48
 70
     1
102
RTVSPost2010Prop49
280
     0
102
RTVSPost2010PropOp49
 70
     1
102
RTVSPost2010Prop50
 90
       50
102
RTVSPost2010PropOp50
 70
     1
102
RTVSPost2010Prop51ColorIndex
 90
      256
102
RTVSPost2010Prop51ColorRGB
 90
-16777216
102
RTVSPost2010PropOp51
 70
     0
102
RTVSPost2010Prop52
140
1.0
102
RTVSPost2010PropOp52
 70
     0
102
RTVSPost2010Prop53
 90
        2
102
RTVSPost2010PropOp53
 70
     1
102
RTVSPost2010Prop54
  1
strokes_ogs.tif
102
RTVSPost2010PropOp54
 70
     1
102
RTVSPost2010Prop55
280
     0
102
RTVSPost2010PropOp55
 70
     1
102
RTVSPost2010Prop56
140
1.0
102
RTVSPost2010PropOp56
 70
     1
102
RTVSPost2010Prop57
140
1.0
102
RTVSPost2010PropOp57
 70
     1
  0
XRECORD
  5
108B
102
{ACAD_REACTORS
330
108A
102
}
330
108A
100
AcDbXrecord
280
     1
102
RTVSPropertyOp0
 70
     1
102
RTVSPropertyOp1
 70
     1
102
RTVSPropertyOp2
 70
     1
102
RTVSPropertyOp3
 70
     1
102
RTVSPropertyOp4
 70
     1
102
RTVSPropertyOp5
 70
     1
102
RTVSPropertyOp6
 70
     1
102
RTVSPropertyOp7
 70
     1
102
RTVSPropertyOp8
 70
     1
102
RTVSPropertyOp9
 70
     1
102
RTVSPropertyOp10
 70
     1
102
RTVSPropertyOp11
 70
     1
102
RTVSPropertyOp12
 70
     1
102
RTVSPropertyOp13
 70
     1
102
RTVSPropertyOp14
 70
     1
102
RTVSPropertyOp15
 70
     1
102
RTVSPropertyOp16
 70
     1
102
RTVSPropertyOp17
 70
     1
102
RTVSPropertyOp18
 70
     1
102
RTVSPropertyOp19
 70
     1
102
RTVSPropertyOp20
 70
     1
102
RTVSPropertyOp21
 70
     1
102
RTVSPropertyOp22
 70
     1
102
RTVSPropertyOp23
 70
     1
102
RTVSPropertyOp24
 70
     1
102
RTVSPropertyOp25
 70
     1
102
RTVSPropertyOp26
 70
     1
102
RTVSPropertyOp27
 70
     1
102
RTVSPropertyOp28
 70
     1
102
RTVSPropertyOp29
 70
     1
102
RTVSPropertyOp30
 70
     1
102
RTVSPropertyOp31
 70
     1
102
RTVSPropertyOp32
 70
     1
102
RTVSPropertyOp33
 70
     1
102
RTVSPropertyOp34
 70
     1
102
RTVSPropertyOp35
 70
     1
102
RTVSPropertyOp36
 70
     1
102
RTVSPropertyOp37
 70
     1
102
RTVSPropertyOp38
 70
     1
102
RTVSPropertyOp39
 70
     1
102
RTVSPropertyOp40
 70
     1
102
RTVSPropertyOp41
 70
     1
102
RTVSPropertyOp42
 70
     1
102
RTVSPropertyOp43
 70
     1
102
RTVSPropertyOp44
 70
     1
102
RTVSPropertyOp45
 70
     1
102
RTVSPropertyOp46
 70
     1
102
RTVSPropertyOp47
 70
     1
102
RTVSPropertyOp48
 70
     1
102
RTVSPropertyOp49
 70
     1
102
RTVSPropertyOp50
 70
     1
102
RTVSPropertyOp51
 70
     0
102
RTVSPropertyOp52
 70
     0
102
RTVSPropertyOp53
 70
     1
102
RTVSPropertyOp54
 70
     1
102
RTVSPropertyOp55
 70
     1
102
RTVSPropertyOp56
 70
     1
102
RTVSPropertyOp57
 70
     1
102
RTVSPost2010Prop28
280
     0
102
RTVSPost2010PropOp28
 70
     1
102
RTVSPost2010Prop29
280
     1
102
RTVSPost2010PropOp29
 70
     1
102
RTVSPost2010Prop30
280
     1
102
RTVSPost2010PropOp30
 70
     1
102
RTVSPost2010Prop31
280
     0
102
RTVSPost2010PropOp31
 70
     1
102
RTVSPost2010Prop32
280
     0
102
RTVSPost2010PropOp32
 70
     1
102
RTVSPost2010Prop33
280
     0
102
RTVSPost2010PropOp33
 70
     1
102
RTVSPost2010Prop34
280
     0
102
RTVSPost2010PropOp34
 70
     1
102
RTVSPost2010Prop35
280
     0
102
RTVSPost2010PropOp35
 70
     1
102
RTVSPost2010Prop36
280
     0
102
RTVSPost2010PropOp36
 70
     1
102
RTVSPost2010Prop37
 90
       50
102
RTVSPost2010PropOp37
 70
     1
102
RTVSPost2010Prop38
140
0.0
102
RTVSPost2010PropOp38
 70
     1
102
RTVSPost2010Prop39
140
1.0
102
RTVSPost2010PropOp39
 70
     1
102
RTVSPost2010Prop40
 90
        0
102
RTVSPost2010PropOp40
 70
     1
102
RTVSPost2010Prop41ColorIndex
 90
       18
102
RTVSPost2010Prop41ColorRGB
 90
        0
102
RTVSPost2010PropOp41
 70
     1
102
RTVSPost2010Prop42
 90
       50
102
RTVSPost2010PropOp42
 70
     1
102
RTVSPost2010Prop43
 90
        3
102
RTVSPost2010PropOp43
 70
     1
102
RTVSPost2010Prop44ColorIndex
 90
        5
102
RTVSPost2010Prop44ColorRGB
 90
      255
102
RTVSPost2010PropOp44
 70
     1
102
RTVSPost2010Prop45
280
     0
102
RTVSPost2010PropOp45
 70
     1
102
RTVSPost2010Prop46
 90
       50
102
RTVSPost2010PropOp46
 70
     1
102
RTVSPost2010Prop47
 90
       50
102
RTVSPost2010PropOp47
 70
     1
102
RTVSPost2010Prop48
 90
       50
102
RTVSPost2010PropOp48
 70
     1
102
RTVSPost2010Prop49
280
     0
102
RTVSPost2010PropOp49
 70
     1
102
RTVSPost2010Prop50
 90
       50
102
RTVSPost2010PropOp50
 70
     1
102
RTVSPost2010Prop51ColorIndex
 90
      256
102
RTVSPost2010Prop51ColorRGB
 90
-16777216
102
RTVSPost2010PropOp51
 70
     0
102
RTVSPost2010Prop52
140
1.0
102
RTVSPost2010PropOp52
 70
     0
102
RTVSPost2010Prop53
 90
        2
102
RTVSPost2010PropOp53
 70
     1
102
RTVSPost2010Prop54
  1
strokes_ogs.tif
102
RTVSPost2010PropOp54
 70
     1
102
RTVSPost2010Prop55
280
     0
102
RTVSPost2010PropOp55
 70
     1
102
RTVSPost2010Prop56
140
1.0
102
RTVSPost2010PropOp56
 70
     1
102
RTVSPost2010Prop57
140
1.0
102
RTVSPost2010PropOp57
 70
     1
  0
XRECORD
  5
108D
102
{ACAD_REACTORS
330
108C
102
}
330
108C
100
AcDbXrecord
280
     1
102
RTVSPropertyOp0
 70
     1
102
RTVSPropertyOp1
 70
     1
102
RTVSPropertyOp2
 70
     1
102
RTVSPropertyOp3
 70
     1
102
RTVSPropertyOp4
 70
     1
102
RTVSPropertyOp5
 70
     1
102
RTVSPropertyOp6
 70
     1
102
RTVSPropertyOp7
 70
     1
102
RTVSPropertyOp8
 70
     1
102
RTVSPropertyOp9
 70
     1
102
RTVSPropertyOp10
 70
     1
102
RTVSPropertyOp11
 70
     1
102
RTVSPropertyOp12
 70
     1
102
RTVSPropertyOp13
 70
     1
102
RTVSPropertyOp14
 70
     1
102
RTVSPropertyOp15
 70
     1
102
RTVSPropertyOp16
 70
     1
102
RTVSPropertyOp17
 70
     1
102
RTVSPropertyOp18
 70
     1
102
RTVSPropertyOp19
 70
     1
102
RTVSPropertyOp20
 70
     1
102
RTVSPropertyOp21
 70
     1
102
RTVSPropertyOp22
 70
     1
102
RTVSPropertyOp23
 70
     1
102
RTVSPropertyOp24
 70
     1
102
RTVSPropertyOp25
 70
     1
102
RTVSPropertyOp26
 70
     1
102
RTVSPropertyOp27
 70
     1
102
RTVSPropertyOp28
 70
     1
102
RTVSPropertyOp29
 70
     1
102
RTVSPropertyOp30
 70
     1
102
RTVSPropertyOp31
 70
     1
102
RTVSPropertyOp32
 70
     1
102
RTVSPropertyOp33
 70
     1
102
RTVSPropertyOp34
 70
     1
102
RTVSPropertyOp35
 70
     1
102
RTVSPropertyOp36
 70
     1
102
RTVSPropertyOp37
 70
     1
102
RTVSPropertyOp38
 70
     1
102
RTVSPropertyOp39
 70
     1
102
RTVSPropertyOp40
 70
     1
102
RTVSPropertyOp41
 70
     1
102
RTVSPropertyOp42
 70
     1
102
RTVSPropertyOp43
 70
     1
102
RTVSPropertyOp44
 70
     1
102
RTVSPropertyOp45
 70
     1
102
RTVSPropertyOp46
 70
     1
102
RTVSPropertyOp47
 70
     1
102
RTVSPropertyOp48
 70
     1
102
RTVSPropertyOp49
 70
     1
102
RTVSPropertyOp50
 70
     1
102
RTVSPropertyOp51
 70
     0
102
RTVSPropertyOp52
 70
     0
102
RTVSPropertyOp53
 70
     1
102
RTVSPropertyOp54
 70
     1
102
RTVSPropertyOp55
 70
     1
102
RTVSPropertyOp56
 70
     1
102
RTVSPropertyOp57
 70
     1
102
RTVSPost2010Prop28
280
     0
102
RTVSPost2010PropOp28
 70
     1
102
RTVSPost2010Prop29
280
     1
102
RTVSPost2010PropOp29
 70
     1
102
RTVSPost2010Prop30
280
     1
102
RTVSPost2010PropOp30
 70
     1
102
RTVSPost2010Prop31
280
     0
102
RTVSPost2010PropOp31
 70
     1
102
RTVSPost2010Prop32
280
     0
102
RTVSPost2010PropOp32
 70
     1
102
RTVSPost2010Prop33
280
     0
102
RTVSPost2010PropOp33
 70
     1
102
RTVSPost2010Prop34
280
     0
102
RTVSPost2010PropOp34
 70
     1
102
RTVSPost2010Prop35
280
     0
102
RTVSPost2010PropOp35
 70
     1
102
RTVSPost2010Prop36
280
     0
102
RTVSPost2010PropOp36
 70
     1
102
RTVSPost2010Prop37
 90
       50
102
RTVSPost2010PropOp37
 70
     1
102
RTVSPost2010Prop38
140
0.0
102
RTVSPost2010PropOp38
 70
     1
102
RTVSPost2010Prop39
140
1.0
102
RTVSPost2010PropOp39
 70
     1
102
RTVSPost2010Prop40
 90
        0
102
RTVSPost2010PropOp40
 70
     1
102
RTVSPost2010Prop41ColorIndex
 90
       18
102
RTVSPost2010Prop41ColorRGB
 90
        0
102
RTVSPost2010PropOp41
 70
     1
102
RTVSPost2010Prop42
 90
       50
102
RTVSPost2010PropOp42
 70
     1
102
RTVSPost2010Prop43
 90
        3
102
RTVSPost2010PropOp43
 70
     1
102
RTVSPost2010Prop44ColorIndex
 90
        5
102
RTVSPost2010Prop44ColorRGB
 90
      255
102
RTVSPost2010PropOp44
 70
     1
102
RTVSPost2010Prop45
280
     0
102
RTVSPost2010PropOp45
 70
     1
102
RTVSPost2010Prop46
 90
       50
102
RTVSPost2010PropOp46
 70
     1
102
RTVSPost2010Prop47
 90
       50
102
RTVSPost2010PropOp47
 70
     1
102
RTVSPost2010Prop48
 90
       50
102
RTVSPost2010PropOp48
 70
     1
102
RTVSPost2010Prop49
280
     0
102
RTVSPost2010PropOp49
 70
     1
102
RTVSPost2010Prop50
 90
       50
102
RTVSPost2010PropOp50
 70
     1
102
RTVSPost2010Prop51ColorIndex
 90
      256
102
RTVSPost2010Prop51ColorRGB
 90
-16777216
102
RTVSPost2010PropOp51
 70
     0
102
RTVSPost2010Prop52
140
1.0
102
RTVSPost2010PropOp52
 70
     0
102
RTVSPost2010Prop53
 90
        2
102
RTVSPost2010PropOp53
 70
     1
102
RTVSPost2010Prop54
  1
strokes_ogs.tif
102
RTVSPost2010PropOp54
 70
     1
102
RTVSPost2010Prop55
280
     0
102
RTVSPost2010PropOp55
 70
     1
102
RTVSPost2010Prop56
140
1.0
102
RTVSPost2010PropOp56
 70
     1
102
RTVSPost2010Prop57
140
1.0
102
RTVSPost2010PropOp57
 70
     1
  0
XRECORD
  5
108F
102
{ACAD_REACTORS
330
108E
102
}
330
108E
100
AcDbXrecord
280
     1
102
RTVSPropertyOp0
 70
     1
102
RTVSPropertyOp1
 70
     1
102
RTVSPropertyOp2
 70
     1
102
RTVSPropertyOp3
 70
     1
102
RTVSPropertyOp4
 70
     1
102
RTVSPropertyOp5
 70
     1
102
RTVSPropertyOp6
 70
     1
102
RTVSPropertyOp7
 70
     1
102
RTVSPropertyOp8
 70
     1
102
RTVSPropertyOp9
 70
     1
102
RTVSPropertyOp10
 70
     1
102
RTVSPropertyOp11
 70
     1
102
RTVSPropertyOp12
 70
     1
102
RTVSPropertyOp13
 70
     1
102
RTVSPropertyOp14
 70
     1
102
RTVSPropertyOp15
 70
     1
102
RTVSPropertyOp16
 70
     1
102
RTVSPropertyOp17
 70
     1
102
RTVSPropertyOp18
 70
     1
102
RTVSPropertyOp19
 70
     1
102
RTVSPropertyOp20
 70
     1
102
RTVSPropertyOp21
 70
     1
102
RTVSPropertyOp22
 70
     1
102
RTVSPropertyOp23
 70
     1
102
RTVSPropertyOp24
 70
     1
102
RTVSPropertyOp25
 70
     1
102
RTVSPropertyOp26
 70
     1
102
RTVSPropertyOp27
 70
     1
102
RTVSPropertyOp28
 70
     1
102
RTVSPropertyOp29
 70
     1
102
RTVSPropertyOp30
 70
     1
102
RTVSPropertyOp31
 70
     1
102
RTVSPropertyOp32
 70
     1
102
RTVSPropertyOp33
 70
     1
102
RTVSPropertyOp34
 70
     1
102
RTVSPropertyOp35
 70
     1
102
RTVSPropertyOp36
 70
     1
102
RTVSPropertyOp37
 70
     1
102
RTVSPropertyOp38
 70
     1
102
RTVSPropertyOp39
 70
     1
102
RTVSPropertyOp40
 70
     1
102
RTVSPropertyOp41
 70
     1
102
RTVSPropertyOp42
 70
     1
102
RTVSPropertyOp43
 70
     1
102
RTVSPropertyOp44
 70
     1
102
RTVSPropertyOp45
 70
     1
102
RTVSPropertyOp46
 70
     1
102
RTVSPropertyOp47
 70
     1
102
RTVSPropertyOp48
 70
     1
102
RTVSPropertyOp49
 70
     1
102
RTVSPropertyOp50
 70
     1
102
RTVSPropertyOp51
 70
     0
102
RTVSPropertyOp52
 70
     0
102
RTVSPropertyOp53
 70
     1
102
RTVSPropertyOp54
 70
     1
102
RTVSPropertyOp55
 70
     1
102
RTVSPropertyOp56
 70
     1
102
RTVSPropertyOp57
 70
     1
102
RTVSPost2010Prop28
280
     0
102
RTVSPost2010PropOp28
 70
     1
102
RTVSPost2010Prop29
280
     1
102
RTVSPost2010PropOp29
 70
     1
102
RTVSPost2010Prop30
280
     1
102
RTVSPost2010PropOp30
 70
     1
102
RTVSPost2010Prop31
280
     0
102
RTVSPost2010PropOp31
 70
     1
102
RTVSPost2010Prop32
280
     0
102
RTVSPost2010PropOp32
 70
     1
102
RTVSPost2010Prop33
280
     0
102
RTVSPost2010PropOp33
 70
     1
102
RTVSPost2010Prop34
280
     0
102
RTVSPost2010PropOp34
 70
     1
102
RTVSPost2010Prop35
280
     0
102
RTVSPost2010PropOp35
 70
     1
102
RTVSPost2010Prop36
280
     0
102
RTVSPost2010PropOp36
 70
     1
102
RTVSPost2010Prop37
 90
       50
102
RTVSPost2010PropOp37
 70
     1
102
RTVSPost2010Prop38
140
0.0
102
RTVSPost2010PropOp38
 70
     1
102
RTVSPost2010Prop39
140
1.0
102
RTVSPost2010PropOp39
 70
     1
102
RTVSPost2010Prop40
 90
        0
102
RTVSPost2010PropOp40
 70
     1
102
RTVSPost2010Prop41ColorIndex
 90
       18
102
RTVSPost2010Prop41ColorRGB
 90
        0
102
RTVSPost2010PropOp41
 70
     1
102
RTVSPost2010Prop42
 90
       50
102
RTVSPost2010PropOp42
 70
     1
102
RTVSPost2010Prop43
 90
        3
102
RTVSPost2010PropOp43
 70
     1
102
RTVSPost2010Prop44ColorIndex
 90
        5
102
RTVSPost2010Prop44ColorRGB
 90
      255
102
RTVSPost2010PropOp44
 70
     1
102
RTVSPost2010Prop45
280
     0
102
RTVSPost2010PropOp45
 70
     1
102
RTVSPost2010Prop46
 90
       50
102
RTVSPost2010PropOp46
 70
     1
102
RTVSPost2010Prop47
 90
       50
102
RTVSPost2010PropOp47
 70
     1
102
RTVSPost2010Prop48
 90
       50
102
RTVSPost2010PropOp48
 70
     1
102
RTVSPost2010Prop49
280
     0
102
RTVSPost2010PropOp49
 70
     1
102
RTVSPost2010Prop50
 90
       50
102
RTVSPost2010PropOp50
 70
     1
102
RTVSPost2010Prop51ColorIndex
 90
      256
102
RTVSPost2010Prop51ColorRGB
 90
-16777216
102
RTVSPost2010PropOp51
 70
     0
102
RTVSPost2010Prop52
140
1.0
102
RTVSPost2010PropOp52
 70
     0
102
RTVSPost2010Prop53
 90
        2
102
RTVSPost2010PropOp53
 70
     1
102
RTVSPost2010Prop54
  1
strokes_ogs.tif
102
RTVSPost2010PropOp54
 70
     1
102
RTVSPost2010Prop55
280
     0
102
RTVSPost2010PropOp55
 70
     1
102
RTVSPost2010Prop56
140
1.0
102
RTVSPost2010PropOp56
 70
     1
102
RTVSPost2010Prop57
140
1.0
102
RTVSPost2010PropOp57
 70
     1
  0
XRECORD
  5
1091
102
{ACAD_REACTORS
330
1090
102
}
330
1090
100
AcDbXrecord
280
     1
102
RTVSPropertyOp0
 70
     1
102
RTVSPropertyOp1
 70
     1
102
RTVSPropertyOp2
 70
     1
102
RTVSPropertyOp3
 70
     1
102
RTVSPropertyOp4
 70
     1
102
RTVSPropertyOp5
 70
     1
102
RTVSPropertyOp6
 70
     1
102
RTVSPropertyOp7
 70
     1
102
RTVSPropertyOp8
 70
     1
102
RTVSPropertyOp9
 70
     1
102
RTVSPropertyOp10
 70
     1
102
RTVSPropertyOp11
 70
     1
102
RTVSPropertyOp12
 70
     1
102
RTVSPropertyOp13
 70
     1
102
RTVSPropertyOp14
 70
     1
102
RTVSPropertyOp15
 70
     1
102
RTVSPropertyOp16
 70
     1
102
RTVSPropertyOp17
 70
     1
102
RTVSPropertyOp18
 70
     1
102
RTVSPropertyOp19
 70
     1
102
RTVSPropertyOp20
 70
     1
102
RTVSPropertyOp21
 70
     1
102
RTVSPropertyOp22
 70
     1
102
RTVSPropertyOp23
 70
     1
102
RTVSPropertyOp24
 70
     1
102
RTVSPropertyOp25
 70
     1
102
RTVSPropertyOp26
 70
     1
102
RTVSPropertyOp27
 70
     1
102
RTVSPropertyOp28
 70
     1
102
RTVSPropertyOp29
 70
     1
102
RTVSPropertyOp30
 70
     1
102
RTVSPropertyOp31
 70
     1
102
RTVSPropertyOp32
 70
     1
102
RTVSPropertyOp33
 70
     1
102
RTVSPropertyOp34
 70
     1
102
RTVSPropertyOp35
 70
     1
102
RTVSPropertyOp36
 70
     1
102
RTVSPropertyOp37
 70
     1
102
RTVSPropertyOp38
 70
     1
102
RTVSPropertyOp39
 70
     1
102
RTVSPropertyOp40
 70
     1
102
RTVSPropertyOp41
 70
     1
102
RTVSPropertyOp42
 70
     1
102
RTVSPropertyOp43
 70
     1
102
RTVSPropertyOp44
 70
     1
102
RTVSPropertyOp45
 70
     1
102
RTVSPropertyOp46
 70
     1
102
RTVSPropertyOp47
 70
     1
102
RTVSPropertyOp48
 70
     1
102
RTVSPropertyOp49
 70
     1
102
RTVSPropertyOp50
 70
     1
102
RTVSPropertyOp51
 70
     0
102
RTVSPropertyOp52
 70
     0
102
RTVSPropertyOp53
 70
     1
102
RTVSPropertyOp54
 70
     1
102
RTVSPropertyOp55
 70
     1
102
RTVSPropertyOp56
 70
     1
102
RTVSPropertyOp57
 70
     1
102
RTVSPost2010Prop28
280
     0
102
RTVSPost2010PropOp28
 70
     1
102
RTVSPost2010Prop29
280
     1
102
RTVSPost2010PropOp29
 70
     1
102
RTVSPost2010Prop30
280
     1
102
RTVSPost2010PropOp30
 70
     1
102
RTVSPost2010Prop31
280
     0
102
RTVSPost2010PropOp31
 70
     1
102
RTVSPost2010Prop32
280
     0
102
RTVSPost2010PropOp32
 70
     1
102
RTVSPost2010Prop33
280
     0
102
RTVSPost2010PropOp33
 70
     1
102
RTVSPost2010Prop34
280
     0
102
RTVSPost2010PropOp34
 70
     1
102
RTVSPost2010Prop35
280
     0
102
RTVSPost2010PropOp35
 70
     1
102
RTVSPost2010Prop36
280
     0
102
RTVSPost2010PropOp36
 70
     1
102
RTVSPost2010Prop37
 90
       50
102
RTVSPost2010PropOp37
 70
     1
102
RTVSPost2010Prop38
140
0.0
102
RTVSPost2010PropOp38
 70
     1
102
RTVSPost2010Prop39
140
1.0
102
RTVSPost2010PropOp39
 70
     1
102
RTVSPost2010Prop40
 90
        0
102
RTVSPost2010PropOp40
 70
     1
102
RTVSPost2010Prop41ColorIndex
 90
       18
102
RTVSPost2010Prop41ColorRGB
 90
        0
102
RTVSPost2010PropOp41
 70
     1
102
RTVSPost2010Prop42
 90
       50
102
RTVSPost2010PropOp42
 70
     1
102
RTVSPost2010Prop43
 90
        3
102
RTVSPost2010PropOp43
 70
     1
102
RTVSPost2010Prop44ColorIndex
 90
        5
102
RTVSPost2010Prop44ColorRGB
 90
      255
102
RTVSPost2010PropOp44
 70
     1
102
RTVSPost2010Prop45
280
     0
102
RTVSPost2010PropOp45
 70
     1
102
RTVSPost2010Prop46
 90
       50
102
RTVSPost2010PropOp46
 70
     1
102
RTVSPost2010Prop47
 90
       50
102
RTVSPost2010PropOp47
 70
     1
102
RTVSPost2010Prop48
 90
       50
102
RTVSPost2010PropOp48
 70
     1
102
RTVSPost2010Prop49
280
     0
102
RTVSPost2010PropOp49
 70
     1
102
RTVSPost2010Prop50
 90
       50
102
RTVSPost2010PropOp50
 70
     1
102
RTVSPost2010Prop51ColorIndex
 90
      256
102
RTVSPost2010Prop51ColorRGB
 90
-16777216
102
RTVSPost2010PropOp51
 70
     0
102
RTVSPost2010Prop52
140
1.0
102
RTVSPost2010PropOp52
 70
     0
102
RTVSPost2010Prop53
 90
        2
102
RTVSPost2010PropOp53
 70
     1
102
RTVSPost2010Prop54
  1
strokes_ogs.tif
102
RTVSPost2010PropOp54
 70
     1
102
RTVSPost2010Prop55
280
     0
102
RTVSPost2010PropOp55
 70
     1
102
RTVSPost2010Prop56
140
1.0
102
RTVSPost2010PropOp56
 70
     1
102
RTVSPost2010Prop57
140
1.0
102
RTVSPost2010PropOp57
 70
     1
  0
XRECORD
  5
1093
102
{ACAD_REACTORS
330
1092
102
}
330
1092
100
AcDbXrecord
280
     1
102
RTVSPropertyOp0
 70
     1
102
RTVSPropertyOp1
 70
     1
102
RTVSPropertyOp2
 70
     1
102
RTVSPropertyOp3
 70
     1
102
RTVSPropertyOp4
 70
     1
102
RTVSPropertyOp5
 70
     1
102
RTVSPropertyOp6
 70
     1
102
RTVSPropertyOp7
 70
     1
102
RTVSPropertyOp8
 70
     1
102
RTVSPropertyOp9
 70
     1
102
RTVSPropertyOp10
 70
     1
102
RTVSPropertyOp11
 70
     1
102
RTVSPropertyOp12
 70
     1
102
RTVSPropertyOp13
 70
     1
102
RTVSPropertyOp14
 70
     1
102
RTVSPropertyOp15
 70
     1
102
RTVSPropertyOp16
 70
     1
102
RTVSPropertyOp17
 70
     1
102
RTVSPropertyOp18
 70
     1
102
RTVSPropertyOp19
 70
     1
102
RTVSPropertyOp20
 70
     1
102
RTVSPropertyOp21
 70
     1
102
RTVSPropertyOp22
 70
     1
102
RTVSPropertyOp23
 70
     1
102
RTVSPropertyOp24
 70
     1
102
RTVSPropertyOp25
 70
     1
102
RTVSPropertyOp26
 70
     1
102
RTVSPropertyOp27
 70
     1
102
RTVSPropertyOp28
 70
     1
102
RTVSPropertyOp29
 70
     1
102
RTVSPropertyOp30
 70
     1
102
RTVSPropertyOp31
 70
     1
102
RTVSPropertyOp32
 70
     1
102
RTVSPropertyOp33
 70
     1
102
RTVSPropertyOp34
 70
     1
102
RTVSPropertyOp35
 70
     1
102
RTVSPropertyOp36
 70
     1
102
RTVSPropertyOp37
 70
     1
102
RTVSPropertyOp38
 70
     1
102
RTVSPropertyOp39
 70
     1
102
RTVSPropertyOp40
 70
     1
102
RTVSPropertyOp41
 70
     1
102
RTVSPropertyOp42
 70
     1
102
RTVSPropertyOp43
 70
     1
102
RTVSPropertyOp44
 70
     1
102
RTVSPropertyOp45
 70
     1
102
RTVSPropertyOp46
 70
     1
102
RTVSPropertyOp47
 70
     1
102
RTVSPropertyOp48
 70
     1
102
RTVSPropertyOp49
 70
     1
102
RTVSPropertyOp50
 70
     1
102
RTVSPropertyOp51
 70
     0
102
RTVSPropertyOp52
 70
     0
102
RTVSPropertyOp53
 70
     1
102
RTVSPropertyOp54
 70
     1
102
RTVSPropertyOp55
 70
     1
102
RTVSPropertyOp56
 70
     1
102
RTVSPropertyOp57
 70
     1
102
RTVSPost2010Prop28
280
     0
102
RTVSPost2010PropOp28
 70
     1
102
RTVSPost2010Prop29
280
     1
102
RTVSPost2010PropOp29
 70
     1
102
RTVSPost2010Prop30
280
     1
102
RTVSPost2010PropOp30
 70
     1
102
RTVSPost2010Prop31
280
     0
102
RTVSPost2010PropOp31
 70
     1
102
RTVSPost2010Prop32
280
     0
102
RTVSPost2010PropOp32
 70
     1
102
RTVSPost2010Prop33
280
     0
102
RTVSPost2010PropOp33
 70
     1
102
RTVSPost2010Prop34
280
     0
102
RTVSPost2010PropOp34
 70
     1
102
RTVSPost2010Prop35
280
     0
102
RTVSPost2010PropOp35
 70
     1
102
RTVSPost2010Prop36
280
     0
102
RTVSPost2010PropOp36
 70
     1
102
RTVSPost2010Prop37
 90
       50
102
RTVSPost2010PropOp37
 70
     1
102
RTVSPost2010Prop38
140
0.0
102
RTVSPost2010PropOp38
 70
     1
102
RTVSPost2010Prop39
140
1.0
102
RTVSPost2010PropOp39
 70
     1
102
RTVSPost2010Prop40
 90
        0
102
RTVSPost2010PropOp40
 70
     1
102
RTVSPost2010Prop41ColorIndex
 90
       18
102
RTVSPost2010Prop41ColorRGB
 90
        0
102
RTVSPost2010PropOp41
 70
     1
102
RTVSPost2010Prop42
 90
       50
102
RTVSPost2010PropOp42
 70
     1
102
RTVSPost2010Prop43
 90
        3
102
RTVSPost2010PropOp43
 70
     1
102
RTVSPost2010Prop44ColorIndex
 90
        5
102
RTVSPost2010Prop44ColorRGB
 90
      255
102
RTVSPost2010PropOp44
 70
     1
102
RTVSPost2010Prop45
280
     0
102
RTVSPost2010PropOp45
 70
     1
102
RTVSPost2010Prop46
 90
       50
102
RTVSPost2010PropOp46
 70
     1
102
RTVSPost2010Prop47
 90
       50
102
RTVSPost2010PropOp47
 70
     1
102
RTVSPost2010Prop48
 90
       50
102
RTVSPost2010PropOp48
 70
     1
102
RTVSPost2010Prop49
280
     0
102
RTVSPost2010PropOp49
 70
     1
102
RTVSPost2010Prop50
 90
       50
102
RTVSPost2010PropOp50
 70
     1
102
RTVSPost2010Prop51ColorIndex
 90
      256
102
RTVSPost2010Prop51ColorRGB
 90
-16777216
102
RTVSPost2010PropOp51
 70
     0
102
RTVSPost2010Prop52
140
1.0
102
RTVSPost2010PropOp52
 70
     0
102
RTVSPost2010Prop53
 90
        2
102
RTVSPost2010PropOp53
 70
     1
102
RTVSPost2010Prop54
  1
strokes_ogs.tif
102
RTVSPost2010PropOp54
 70
     1
102
RTVSPost2010Prop55
280
     0
102
RTVSPost2010PropOp55
 70
     1
102
RTVSPost2010Prop56
140
1.0
102
RTVSPost2010PropOp56
 70
     1
102
RTVSPost2010Prop57
140
1.0
102
RTVSPost2010PropOp57
 70
     1
  0
XRECORD
  5
1095
102
{ACAD_REACTORS
330
1094
102
}
330
1094
100
AcDbXrecord
280
     1
102
RTVSPropertyOp0
 70
     1
102
RTVSPropertyOp1
 70
     1
102
RTVSPropertyOp2
 70
     1
102
RTVSPropertyOp3
 70
     1
102
RTVSPropertyOp4
 70
     1
102
RTVSPropertyOp5
 70
     1
102
RTVSPropertyOp6
 70
     1
102
RTVSPropertyOp7
 70
     1
102
RTVSPropertyOp8
 70
     1
102
RTVSPropertyOp9
 70
     1
102
RTVSPropertyOp10
 70
     1
102
RTVSPropertyOp11
 70
     1
102
RTVSPropertyOp12
 70
     1
102
RTVSPropertyOp13
 70
     1
102
RTVSPropertyOp14
 70
     1
102
RTVSPropertyOp15
 70
     1
102
RTVSPropertyOp16
 70
     1
102
RTVSPropertyOp17
 70
     1
102
RTVSPropertyOp18
 70
     1
102
RTVSPropertyOp19
 70
     1
102
RTVSPropertyOp20
 70
     1
102
RTVSPropertyOp21
 70
     1
102
RTVSPropertyOp22
 70
     1
102
RTVSPropertyOp23
 70
     1
102
RTVSPropertyOp24
 70
     1
102
RTVSPropertyOp25
 70
     1
102
RTVSPropertyOp26
 70
     1
102
RTVSPropertyOp27
 70
     1
102
RTVSPropertyOp28
 70
     1
102
RTVSPropertyOp29
 70
     1
102
RTVSPropertyOp30
 70
     1
102
RTVSPropertyOp31
 70
     1
102
RTVSPropertyOp32
 70
     1
102
RTVSPropertyOp33
 70
     1
102
RTVSPropertyOp34
 70
     1
102
RTVSPropertyOp35
 70
     1
102
RTVSPropertyOp36
 70
     1
102
RTVSPropertyOp37
 70
     1
102
RTVSPropertyOp38
 70
     1
102
RTVSPropertyOp39
 70
     1
102
RTVSPropertyOp40
 70
     1
102
RTVSPropertyOp41
 70
     1
102
RTVSPropertyOp42
 70
     1
102
RTVSPropertyOp43
 70
     1
102
RTVSPropertyOp44
 70
     1
102
RTVSPropertyOp45
 70
     1
102
RTVSPropertyOp46
 70
     1
102
RTVSPropertyOp47
 70
     1
102
RTVSPropertyOp48
 70
     1
102
RTVSPropertyOp49
 70
     1
102
RTVSPropertyOp50
 70
     1
102
RTVSPropertyOp51
 70
     0
102
RTVSPropertyOp52
 70
     0
102
RTVSPropertyOp53
 70
     1
102
RTVSPropertyOp54
 70
     1
102
RTVSPropertyOp55
 70
     1
102
RTVSPropertyOp56
 70
     1
102
RTVSPropertyOp57
 70
     1
102
RTVSPost2010Prop28
280
     0
102
RTVSPost2010PropOp28
 70
     1
102
RTVSPost2010Prop29
280
     1
102
RTVSPost2010PropOp29
 70
     1
102
RTVSPost2010Prop30
280
     1
102
RTVSPost2010PropOp30
 70
     1
102
RTVSPost2010Prop31
280
     0
102
RTVSPost2010PropOp31
 70
     1
102
RTVSPost2010Prop32
280
     0
102
RTVSPost2010PropOp32
 70
     1
102
RTVSPost2010Prop33
280
     0
102
RTVSPost2010PropOp33
 70
     1
102
RTVSPost2010Prop34
280
     0
102
RTVSPost2010PropOp34
 70
     1
102
RTVSPost2010Prop35
280
     0
102
RTVSPost2010PropOp35
 70
     1
102
RTVSPost2010Prop36
280
     0
102
RTVSPost2010PropOp36
 70
     1
102
RTVSPost2010Prop37
 90
       50
102
RTVSPost2010PropOp37
 70
     1
102
RTVSPost2010Prop38
140
0.0
102
RTVSPost2010PropOp38
 70
     1
102
RTVSPost2010Prop39
140
1.0
102
RTVSPost2010PropOp39
 70
     1
102
RTVSPost2010Prop40
 90
        0
102
RTVSPost2010PropOp40
 70
     1
102
RTVSPost2010Prop41ColorIndex
 90
       18
102
RTVSPost2010Prop41ColorRGB
 90
        0
102
RTVSPost2010PropOp41
 70
     1
102
RTVSPost2010Prop42
 90
       50
102
RTVSPost2010PropOp42
 70
     1
102
RTVSPost2010Prop43
 90
        3
102
RTVSPost2010PropOp43
 70
     1
102
RTVSPost2010Prop44ColorIndex
 90
        5
102
RTVSPost2010Prop44ColorRGB
 90
      255
102
RTVSPost2010PropOp44
 70
     1
102
RTVSPost2010Prop45
280
     0
102
RTVSPost2010PropOp45
 70
     1
102
RTVSPost2010Prop46
 90
       50
102
RTVSPost2010PropOp46
 70
     1
102
RTVSPost2010Prop47
 90
       50
102
RTVSPost2010PropOp47
 70
     1
102
RTVSPost2010Prop48
 90
       50
102
RTVSPost2010PropOp48
 70
     1
102
RTVSPost2010Prop49
280
     0
102
RTVSPost2010PropOp49
 70
     1
102
RTVSPost2010Prop50
 90
       50
102
RTVSPost2010PropOp50
 70
     1
102
RTVSPost2010Prop51ColorIndex
 90
      256
102
RTVSPost2010Prop51ColorRGB
 90
-16777216
102
RTVSPost2010PropOp51
 70
     0
102
RTVSPost2010Prop52
140
1.0
102
RTVSPost2010PropOp52
 70
     0
102
RTVSPost2010Prop53
 90
        2
102
RTVSPost2010PropOp53
 70
     1
102
RTVSPost2010Prop54
  1
strokes_ogs.tif
102
RTVSPost2010PropOp54
 70
     1
102
RTVSPost2010Prop55
280
     0
102
RTVSPost2010PropOp55
 70
     1
102
RTVSPost2010Prop56
140
1.0
102
RTVSPost2010PropOp56
 70
     1
102
RTVSPost2010Prop57
140
1.0
102
RTVSPost2010PropOp57
 70
     1
  0
XRECORD
  5
1097
102
{ACAD_REACTORS
330
1096
102
}
330
1096
100
AcDbXrecord
280
     1
102
RTVSPropertyOp0
 70
     1
102
RTVSPropertyOp1
 70
     1
102
RTVSPropertyOp2
 70
     1
102
RTVSPropertyOp3
 70
     1
102
RTVSPropertyOp4
 70
     1
102
RTVSPropertyOp5
 70
     1
102
RTVSPropertyOp6
 70
     1
102
RTVSPropertyOp7
 70
     1
102
RTVSPropertyOp8
 70
     1
102
RTVSPropertyOp9
 70
     1
102
RTVSPropertyOp10
 70
     1
102
RTVSPropertyOp11
 70
     1
102
RTVSPropertyOp12
 70
     1
102
RTVSPropertyOp13
 70
     1
102
RTVSPropertyOp14
 70
     1
102
RTVSPropertyOp15
 70
     1
102
RTVSPropertyOp16
 70
     1
102
RTVSPropertyOp17
 70
     1
102
RTVSPropertyOp18
 70
     1
102
RTVSPropertyOp19
 70
     1
102
RTVSPropertyOp20
 70
     1
102
RTVSPropertyOp21
 70
     1
102
RTVSPropertyOp22
 70
     1
102
RTVSPropertyOp23
 70
     1
102
RTVSPropertyOp24
 70
     1
102
RTVSPropertyOp25
 70
     1
102
RTVSPropertyOp26
 70
     1
102
RTVSPropertyOp27
 70
     1
102
RTVSPropertyOp28
 70
     1
102
RTVSPropertyOp29
 70
     1
102
RTVSPropertyOp30
 70
     1
102
RTVSPropertyOp31
 70
     1
102
RTVSPropertyOp32
 70
     1
102
RTVSPropertyOp33
 70
     1
102
RTVSPropertyOp34
 70
     1
102
RTVSPropertyOp35
 70
     1
102
RTVSPropertyOp36
 70
     1
102
RTVSPropertyOp37
 70
     1
102
RTVSPropertyOp38
 70
     1
102
RTVSPropertyOp39
 70
     1
102
RTVSPropertyOp40
 70
     1
102
RTVSPropertyOp41
 70
     1
102
RTVSPropertyOp42
 70
     1
102
RTVSPropertyOp43
 70
     1
102
RTVSPropertyOp44
 70
     1
102
RTVSPropertyOp45
 70
     1
102
RTVSPropertyOp46
 70
     1
102
RTVSPropertyOp47
 70
     1
102
RTVSPropertyOp48
 70
     1
102
RTVSPropertyOp49
 70
     1
102
RTVSPropertyOp50
 70
     1
102
RTVSPropertyOp51
 70
     0
102
RTVSPropertyOp52
 70
     0
102
RTVSPropertyOp53
 70
     1
102
RTVSPropertyOp54
 70
     1
102
RTVSPropertyOp55
 70
     1
102
RTVSPropertyOp56
 70
     1
102
RTVSPropertyOp57
 70
     1
102
RTVSPost2010Prop28
280
     0
102
RTVSPost2010PropOp28
 70
     1
102
RTVSPost2010Prop29
280
     1
102
RTVSPost2010PropOp29
 70
     1
102
RTVSPost2010Prop30
280
     1
102
RTVSPost2010PropOp30
 70
     1
102
RTVSPost2010Prop31
280
     0
102
RTVSPost2010PropOp31
 70
     1
102
RTVSPost2010Prop32
280
     0
102
RTVSPost2010PropOp32
 70
     1
102
RTVSPost2010Prop33
280
     0
102
RTVSPost2010PropOp33
 70
     1
102
RTVSPost2010Prop34
280
     0
102
RTVSPost2010PropOp34
 70
     1
102
RTVSPost2010Prop35
280
     0
102
RTVSPost2010PropOp35
 70
     1
102
RTVSPost2010Prop36
280
     0
102
RTVSPost2010PropOp36
 70
     1
102
RTVSPost2010Prop37
 90
       50
102
RTVSPost2010PropOp37
 70
     1
102
RTVSPost2010Prop38
140
0.0
102
RTVSPost2010PropOp38
 70
     1
102
RTVSPost2010Prop39
140
1.0
102
RTVSPost2010PropOp39
 70
     1
102
RTVSPost2010Prop40
 90
        0
102
RTVSPost2010PropOp40
 70
     1
102
RTVSPost2010Prop41ColorIndex
 90
       18
102
RTVSPost2010Prop41ColorRGB
 90
        0
102
RTVSPost2010PropOp41
 70
     1
102
RTVSPost2010Prop42
 90
       50
102
RTVSPost2010PropOp42
 70
     1
102
RTVSPost2010Prop43
 90
        3
102
RTVSPost2010PropOp43
 70
     1
102
RTVSPost2010Prop44ColorIndex
 90
        5
102
RTVSPost2010Prop44ColorRGB
 90
      255
102
RTVSPost2010PropOp44
 70
     1
102
RTVSPost2010Prop45
280
     0
102
RTVSPost2010PropOp45
 70
     1
102
RTVSPost2010Prop46
 90
       50
102
RTVSPost2010PropOp46
 70
     1
102
RTVSPost2010Prop47
 90
       50
102
RTVSPost2010PropOp47
 70
     1
102
RTVSPost2010Prop48
 90
       50
102
RTVSPost2010PropOp48
 70
     1
102
RTVSPost2010Prop49
280
     0
102
RTVSPost2010PropOp49
 70
     1
102
RTVSPost2010Prop50
 90
       50
102
RTVSPost2010PropOp50
 70
     1
102
RTVSPost2010Prop51ColorIndex
 90
      256
102
RTVSPost2010Prop51ColorRGB
 90
-16777216
102
RTVSPost2010PropOp51
 70
     0
102
RTVSPost2010Prop52
140
1.0
102
RTVSPost2010PropOp52
 70
     0
102
RTVSPost2010Prop53
 90
        2
102
RTVSPost2010PropOp53
 70
     1
102
RTVSPost2010Prop54
  1
strokes_ogs.tif
102
RTVSPost2010PropOp54
 70
     1
102
RTVSPost2010Prop55
280
     0
102
RTVSPost2010PropOp55
 70
     1
102
RTVSPost2010Prop56
140
1.0
102
RTVSPost2010PropOp56
 70
     1
102
RTVSPost2010Prop57
140
1.0
102
RTVSPost2010PropOp57
 70
     1
  0
ENDSEC
  0
EOF
